-- phpMyAdmin SQL Dump
-- version 4.0.9
-- http://www.phpmyadmin.net
--
-- Host: 127.0.0.1
-- Generation Time: Apr 30, 2015 at 02:07 PM
-- Server version: 5.5.34
-- PHP Version: 5.4.22

SET SQL_MODE = "NO_AUTO_VALUE_ON_ZERO";
SET time_zone = "+00:00";


/*!40101 SET @OLD_CHARACTER_SET_CLIENT=@@CHARACTER_SET_CLIENT */;
/*!40101 SET @OLD_CHARACTER_SET_RESULTS=@@CHARACTER_SET_RESULTS */;
/*!40101 SET @OLD_COLLATION_CONNECTION=@@COLLATION_CONNECTION */;
/*!40101 SET NAMES utf8 */;

--
-- Database: `infoshow`
--

-- --------------------------------------------------------

--
-- Table structure for table `admin`
--

CREATE TABLE IF NOT EXISTS `admin` (
  `Admin_ID` int(11) NOT NULL AUTO_INCREMENT,
  `Admin_SysName` varchar(16) NOT NULL,
  `Admin_FName` varchar(40) NOT NULL,
  `Admin_LName` varchar(40) NOT NULL,
  `Admin_Pass` binary(20) NOT NULL,
  `Hire_Date` date NOT NULL,
  PRIMARY KEY (`Admin_ID`)
) ENGINE=InnoDB DEFAULT CHARSET=latin1 AUTO_INCREMENT=1 ;

-- --------------------------------------------------------

--
-- Table structure for table `artist`
--

CREATE TABLE IF NOT EXISTS `artist` (
  `Artist_ID` int(11) NOT NULL AUTO_INCREMENT,
  `Artist_FName` varchar(40) NOT NULL,
  `Artist_LName` varchar(40) NOT NULL,
  `Artist_DOB` date NOT NULL,
  `Artist_BirthPlace` varchar(100) NOT NULL,
  PRIMARY KEY (`Artist_ID`)
) ENGINE=InnoDB  DEFAULT CHARSET=latin1 AUTO_INCREMENT=14 ;

--
-- Dumping data for table `artist`
--

INSERT INTO `artist` (`Artist_ID`, `Artist_FName`, `Artist_LName`, `Artist_DOB`, `Artist_BirthPlace`) VALUES
(1, 'Pablo Ruiz', 'Picasso', '1881-03-18', 'Spain'),
(2, 'Vincent', 'van Gogh', '1853-03-11', 'Netherlands'),
(3, 'Leonardo', 'Da Vinci', '1452-03-10', 'Italy'),
(4, 'Claude', 'Monet', '1840-03-10', 'France'),
(5, 'Rembrandt', 'Harmenszoon van Rijn', '1606-03-11', 'Leiden, Netherlands'),
(6, 'Raphael', 'Sanzio da Urbino', '1483-03-11', 'Urbino, Italy'),
(7, 'Renoir', 'Auguste', '1841-02-25', 'Limoges, France'),
(8, 'Johan', 'Vermeer ', '1841-02-25', 'Netherlands'),
(9, 'Donatello', 'di Niccol di Betto Bardi', '1386-04-16', 'Florence, Italy'),
(10, 'Gian Lorenzo', 'Bernini', '1598-12-07', 'Naples, Italy'),
(11, 'Constantin', 'Brancusi', '1876-02-19', 'Carpathia, Romania'),
(12, ' Auguste', 'Rodin', '1840-03-04', 'Paris, France'),
(13, 'Michelangelo', 'Buonarroti', '1475-03-06', 'Caprese, Italy');

-- --------------------------------------------------------

--
-- Table structure for table `asset`
--

CREATE TABLE IF NOT EXISTS `asset` (
  `Asset_ID` int(11) NOT NULL AUTO_INCREMENT,
  `Exhibit_ID` int(11) NOT NULL,
  `Asset_type` varchar(24) NOT NULL,
  `Asset_Name` varchar(64) NOT NULL,
  `Asset_Path` varchar(2083) NOT NULL,
  PRIMARY KEY (`Asset_ID`)
) ENGINE=InnoDB  DEFAULT CHARSET=latin1 AUTO_INCREMENT=2 ;

--
-- Dumping data for table `asset`
--

INSERT INTO `asset` (`Asset_ID`, `Exhibit_ID`, `Asset_type`, `Asset_Name`, `Asset_Path`) VALUES
(1, 5, 'image', 'pic', 'images/5.jpg');

-- --------------------------------------------------------

--
-- Table structure for table `exhibit`
--

CREATE TABLE IF NOT EXISTS `exhibit` (
  `Exhibit_ID` int(11) NOT NULL AUTO_INCREMENT,
  `Exhibit_Title` varchar(124) NOT NULL,
  `Exhibit_AltTitle` varchar(124) NOT NULL,
  `Exhibit_Artist` int(11) NOT NULL,
  `Exhibit_Date` date NOT NULL,
  `Exhibit_Tag` bigint(20) NOT NULL,
  PRIMARY KEY (`Exhibit_ID`),
  KEY `Exhibit_ID` (`Exhibit_ID`)
) ENGINE=InnoDB  DEFAULT CHARSET=latin1 AUTO_INCREMENT=15 ;

--
-- Dumping data for table `exhibit`
--

INSERT INTO `exhibit` (`Exhibit_ID`, `Exhibit_Title`, `Exhibit_AltTitle`, `Exhibit_Artist`, `Exhibit_Date`, `Exhibit_Tag`) VALUES
(1, 'The Mona Lisa  ', 'La Gioconda', 3, '1506-03-11', 12345),
(2, 'The Last Supper', ' Il Cenacolo or L''Ultima Cena', 3, '1498-08-05', 556456),
(3, 'David ', '', 13, '1501-03-18', 12345),
(4, 'The Creation Of Adam', '', 13, '1508-03-12', 1232314),
(5, 'The Thinker', '', 12, '1904-07-15', 64644),
(6, 'Starry Night', '', 2, '1889-03-19', 46484),
(7, 'The Night Watch', 'Captain Frans Banning Cocq', 5, '1642-09-16', 64684),
(8, 'Guernica', 'The bombing of Guernica', 1, '1937-03-18', 64987),
(9, 'Self-Portrait with Two Circles', '', 5, '1665-07-22', 48484),
(10, 'The Theater Box', '', 7, '1874-07-16', 35465465),
(11, 'Girl with a Pearl Earring', 'Meisje met de pare', 8, '1665-07-08', 65464),
(12, 'Impression, Sunrise', 'Impression, soleil levant', 4, '1872-06-17', 48948),
(13, 'pish', '', 0, '2015-03-11', 4534534),
(14, '', '', 0, '0000-00-00', 0);

-- --------------------------------------------------------

--
-- Table structure for table `interaction`
--

CREATE TABLE IF NOT EXISTS `interaction` (
  `Inter_ID` int(11) NOT NULL AUTO_INCREMENT,
  `User_ID` int(11) NOT NULL,
  `Exhibit_ID` int(11) NOT NULL,
  `rating` int(11) NOT NULL DEFAULT '5',
  `Inter_Time` timestamp NOT NULL DEFAULT CURRENT_TIMESTAMP,
  PRIMARY KEY (`Inter_ID`),
  KEY `Inter_ID` (`Inter_ID`),
  KEY `Exhibit_ID` (`Exhibit_ID`)
) ENGINE=InnoDB  DEFAULT CHARSET=latin1 AUTO_INCREMENT=5002 ;

--
-- Dumping data for table `interaction`
--

INSERT INTO `interaction` (`Inter_ID`, `User_ID`, `Exhibit_ID`, `rating`, `Inter_Time`) VALUES
(1, 679, 11, 2, '2014-08-02 13:58:24'),
(2, 688, 3, 3, '2014-02-22 16:36:26'),
(3, 352, 9, 5, '2014-06-07 16:31:47'),
(4, 340, 10, 5, '2015-11-07 13:44:36'),
(5, 566, 11, 8, '2015-05-10 09:44:48'),
(6, 593, 10, 1, '2014-07-05 12:47:32'),
(7, 421, 1, 3, '2015-12-12 12:20:20'),
(8, 71, 4, 1, '2014-10-11 09:16:31'),
(9, 535, 4, 1, '2014-08-07 12:34:45'),
(10, 296, 12, 2, '2014-02-06 16:54:37'),
(11, 119, 9, 5, '2014-09-07 12:54:55'),
(12, 154, 7, 9, '2014-01-19 12:33:28'),
(13, 419, 7, 10, '2014-01-03 10:41:37'),
(14, 352, 10, 1, '2014-08-26 12:59:43'),
(15, 498, 5, 6, '2015-05-04 20:15:49'),
(16, 10, 9, 3, '2015-11-23 17:32:56'),
(17, 471, 6, 3, '2014-02-10 21:57:28'),
(18, 29, 6, 6, '2015-09-26 19:58:49'),
(19, 24, 1, 5, '2015-01-05 18:36:25'),
(20, 663, 9, 1, '2015-12-09 17:12:29'),
(21, 342, 8, 3, '2015-09-02 09:18:36'),
(22, 94, 9, 7, '2014-10-10 18:54:43'),
(23, 112, 9, 8, '2015-07-06 21:10:34'),
(24, 142, 7, 3, '2014-11-03 10:34:47'),
(25, 322, 7, 1, '2014-05-11 19:41:25'),
(26, 413, 3, 4, '2015-02-12 15:56:39'),
(27, 510, 1, 9, '2014-07-06 10:37:28'),
(28, 394, 8, 1, '2014-07-24 20:17:19'),
(29, 536, 6, 8, '2015-03-10 15:23:13'),
(30, 298, 3, 7, '2014-01-04 17:10:17'),
(31, 395, 2, 5, '2015-12-07 15:30:10'),
(32, 482, 3, 7, '2014-04-05 13:53:46'),
(33, 394, 7, 1, '2014-03-20 17:11:36'),
(34, 469, 5, 3, '2015-09-16 11:47:51'),
(35, 696, 8, 6, '2015-08-08 19:30:13'),
(36, 416, 5, 9, '2015-03-19 17:31:28'),
(37, 277, 6, 4, '2014-04-20 20:48:18'),
(38, 106, 5, 1, '2015-07-10 15:10:59'),
(39, 544, 11, 8, '2015-01-06 12:20:48'),
(40, 380, 3, 4, '2014-03-27 21:20:41'),
(41, 697, 3, 9, '2014-05-01 14:13:22'),
(42, 430, 5, 7, '2014-11-09 12:17:57'),
(43, 231, 2, 3, '2014-04-25 17:30:13'),
(44, 476, 7, 2, '2014-05-21 15:58:27'),
(45, 542, 6, 4, '2015-10-09 11:55:50'),
(46, 451, 6, 6, '2014-01-06 16:48:37'),
(47, 528, 11, 2, '2015-12-27 20:21:35'),
(48, 195, 4, 9, '2014-03-23 12:51:32'),
(49, 492, 8, 9, '2015-04-23 21:40:58'),
(50, 337, 4, 4, '2015-03-25 22:24:53'),
(51, 563, 1, 2, '2015-06-02 18:50:48'),
(52, 497, 3, 9, '2014-05-18 14:45:43'),
(53, 550, 12, 9, '2015-06-09 21:28:49'),
(54, 580, 10, 4, '2015-12-05 11:17:33'),
(55, 691, 9, 8, '2015-11-18 12:24:43'),
(56, 373, 8, 1, '2015-04-06 16:58:23'),
(57, 360, 9, 1, '2014-04-26 18:55:52'),
(58, 371, 11, 8, '2015-11-22 20:38:27'),
(59, 203, 3, 2, '2015-03-26 21:44:23'),
(60, 331, 6, 10, '2015-07-18 19:13:42'),
(61, 199, 11, 2, '2015-09-22 21:54:50'),
(62, 347, 7, 6, '2015-01-04 20:24:16'),
(63, 395, 10, 2, '2015-09-21 19:30:21'),
(64, 457, 7, 4, '2014-09-26 14:50:29'),
(65, 475, 12, 2, '2014-01-15 18:30:19'),
(66, 57, 1, 3, '2014-04-12 19:24:32'),
(67, 659, 2, 8, '2014-08-15 13:48:57'),
(68, 281, 11, 4, '2015-09-21 15:49:33'),
(69, 508, 3, 9, '2015-09-20 15:27:23'),
(70, 502, 12, 2, '2014-08-09 12:25:14'),
(71, 516, 6, 2, '2015-06-18 20:39:11'),
(72, 586, 11, 3, '2015-01-20 16:26:52'),
(73, 321, 5, 9, '2014-12-15 15:37:20'),
(74, 228, 8, 3, '2015-09-02 12:15:46'),
(75, 548, 7, 9, '2014-07-11 11:37:14'),
(76, 403, 3, 2, '2014-10-15 19:58:43'),
(77, 646, 9, 5, '2015-07-02 11:47:48'),
(78, 547, 4, 5, '2015-08-12 20:48:52'),
(79, 276, 2, 6, '2015-01-08 12:56:19'),
(80, 509, 1, 6, '2015-02-26 12:25:40'),
(81, 368, 6, 9, '2015-08-01 12:41:43'),
(82, 214, 3, 3, '2014-12-10 18:24:41'),
(83, 71, 3, 8, '2015-06-10 18:46:48'),
(84, 645, 10, 10, '2015-12-15 16:45:42'),
(85, 96, 4, 2, '2014-11-03 13:37:53'),
(86, 104, 9, 8, '2014-12-24 14:52:36'),
(87, 322, 3, 7, '2015-10-13 12:14:34'),
(88, 551, 4, 8, '2014-04-14 14:20:55'),
(89, 450, 7, 6, '2015-10-01 16:49:51'),
(90, 607, 8, 6, '2015-10-17 15:34:33'),
(91, 323, 4, 1, '2014-05-14 16:41:21'),
(92, 438, 9, 6, '2015-10-03 18:49:59'),
(93, 309, 1, 3, '2015-05-07 15:35:52'),
(94, 494, 11, 7, '2015-07-22 13:51:57'),
(95, 568, 9, 6, '2014-10-19 14:29:34'),
(96, 596, 3, 10, '2015-02-19 10:41:47'),
(97, 32, 11, 2, '2014-03-24 22:12:55'),
(98, 560, 11, 2, '2014-06-22 17:26:41'),
(99, 262, 8, 9, '2014-06-26 20:15:31'),
(100, 394, 3, 2, '2014-03-06 12:56:18'),
(101, 682, 7, 5, '2015-04-07 18:59:41'),
(102, 646, 8, 10, '2015-04-07 11:35:31'),
(103, 170, 4, 8, '2015-03-04 19:24:12'),
(104, 432, 8, 6, '2015-01-15 12:10:26'),
(105, 662, 5, 8, '2015-07-19 09:37:54'),
(106, 19, 7, 5, '2015-03-18 13:34:11'),
(107, 528, 12, 9, '2014-12-15 17:50:13'),
(108, 180, 6, 3, '2014-09-04 10:22:11'),
(109, 518, 3, 10, '2014-02-02 12:18:27'),
(110, 35, 12, 3, '2014-11-18 19:45:34'),
(111, 227, 6, 7, '2015-06-15 18:20:44'),
(112, 346, 5, 10, '2014-02-23 17:57:30'),
(113, 496, 4, 5, '2014-01-12 21:40:37'),
(114, 240, 2, 8, '2014-09-26 13:17:40'),
(115, 373, 6, 6, '2014-10-16 18:13:40'),
(116, 52, 9, 3, '2014-06-14 09:50:47'),
(117, 180, 9, 9, '2014-09-16 19:26:37'),
(118, 561, 8, 9, '2014-02-06 17:26:28'),
(119, 41, 6, 2, '2015-04-05 11:40:39'),
(120, 323, 7, 4, '2014-12-18 13:13:42'),
(121, 696, 3, 4, '2015-11-02 12:26:12'),
(122, 489, 6, 7, '2014-04-24 16:56:45'),
(123, 494, 7, 5, '2014-11-11 13:59:31'),
(124, 121, 1, 8, '2015-06-21 12:13:32'),
(125, 573, 4, 10, '2015-09-07 18:58:49'),
(126, 100, 4, 1, '2015-04-07 15:24:44'),
(127, 58, 10, 5, '2014-06-22 15:25:23'),
(128, 183, 11, 3, '2014-07-05 12:54:21'),
(129, 230, 9, 6, '2014-05-01 19:26:50'),
(130, 26, 12, 2, '2015-08-14 15:33:29'),
(131, 124, 9, 1, '2015-06-22 10:31:46'),
(132, 167, 6, 2, '2014-10-03 09:19:32'),
(133, 600, 10, 10, '2015-05-11 21:50:21'),
(134, 517, 6, 5, '2014-09-26 21:16:22'),
(135, 43, 10, 8, '2014-01-25 12:50:17'),
(136, 460, 3, 5, '2015-06-01 16:51:19'),
(137, 474, 1, 7, '2015-11-26 18:18:19'),
(138, 137, 6, 4, '2014-01-11 14:39:48'),
(139, 82, 9, 3, '2015-12-09 17:15:13'),
(140, 682, 9, 10, '2015-01-13 17:54:44'),
(141, 663, 9, 3, '2014-09-24 12:10:45'),
(142, 527, 9, 8, '2015-03-13 22:56:30'),
(143, 181, 6, 9, '2015-06-03 12:38:48'),
(144, 684, 3, 1, '2015-01-05 13:35:22'),
(145, 238, 10, 1, '2014-08-17 11:20:52'),
(146, 307, 2, 2, '2014-08-10 20:15:10'),
(147, 5, 6, 2, '2014-06-03 14:21:35'),
(148, 433, 1, 3, '2015-03-17 18:25:59'),
(149, 185, 6, 4, '2014-02-03 22:44:33'),
(150, 483, 9, 2, '2015-02-09 13:26:48'),
(151, 99, 3, 6, '2014-11-11 20:38:35'),
(152, 110, 1, 3, '2014-07-25 09:29:50'),
(153, 319, 11, 5, '2015-03-13 13:42:54'),
(154, 673, 10, 9, '2014-04-24 20:39:57'),
(155, 79, 8, 8, '2014-02-08 13:12:56'),
(156, 647, 3, 8, '2015-01-17 22:28:45'),
(157, 664, 9, 7, '2015-11-17 10:30:40'),
(158, 265, 12, 6, '2014-12-01 10:36:22'),
(159, 381, 7, 7, '2015-05-26 10:19:40'),
(160, 590, 3, 4, '2014-05-26 19:38:24'),
(161, 226, 5, 6, '2014-10-06 09:42:40'),
(162, 632, 11, 5, '2014-06-22 10:41:10'),
(163, 362, 5, 6, '2014-07-14 09:36:45'),
(164, 357, 12, 10, '2015-05-03 10:11:15'),
(165, 10, 3, 2, '2015-12-22 17:11:26'),
(166, 452, 4, 10, '2014-06-11 14:32:24'),
(167, 225, 7, 8, '2014-08-24 21:47:54'),
(168, 48, 10, 6, '2014-04-05 21:51:54'),
(169, 460, 11, 5, '2015-07-12 12:32:49'),
(170, 348, 4, 2, '2015-04-15 11:42:43'),
(171, 7, 7, 5, '2015-03-07 14:50:51'),
(172, 413, 7, 3, '2015-04-02 14:51:56'),
(173, 253, 6, 2, '2015-03-24 12:19:33'),
(174, 77, 5, 10, '2015-12-04 20:44:39'),
(175, 569, 3, 9, '2015-10-14 09:24:27'),
(176, 696, 7, 1, '2014-10-18 09:36:47'),
(177, 132, 12, 6, '2015-05-07 12:31:17'),
(178, 283, 6, 6, '2015-01-12 17:22:47'),
(179, 86, 3, 5, '2015-02-10 21:26:22'),
(180, 624, 6, 5, '2015-02-22 16:20:15'),
(181, 424, 8, 6, '2015-04-02 13:14:22'),
(182, 211, 5, 2, '2014-12-26 20:32:50'),
(183, 550, 2, 8, '2014-01-25 16:51:23'),
(184, 432, 11, 5, '2014-02-21 22:38:35'),
(185, 138, 5, 2, '2015-01-05 21:21:49'),
(186, 19, 11, 4, '2014-10-27 21:25:33'),
(187, 150, 3, 5, '2015-06-18 10:26:21'),
(188, 21, 7, 6, '2015-03-22 18:36:13'),
(189, 317, 4, 8, '2015-06-08 16:56:17'),
(190, 364, 8, 6, '2015-08-04 21:13:52'),
(191, 37, 10, 5, '2015-12-18 14:12:44'),
(192, 320, 12, 3, '2014-03-12 22:53:22'),
(193, 207, 2, 6, '2014-11-23 16:31:34'),
(194, 296, 8, 7, '2015-03-23 12:54:11'),
(195, 671, 5, 3, '2015-10-08 20:32:15'),
(196, 387, 1, 9, '2015-10-20 14:19:22'),
(197, 403, 3, 5, '2015-01-23 18:24:28'),
(198, 14, 3, 2, '2014-07-26 11:35:28'),
(199, 173, 1, 8, '2015-11-27 11:11:47'),
(200, 225, 11, 3, '2015-04-24 11:57:53'),
(201, 549, 9, 3, '2014-04-01 16:43:42'),
(202, 190, 5, 4, '2014-04-01 11:51:13'),
(203, 365, 1, 10, '2015-01-10 21:44:25'),
(204, 554, 9, 6, '2015-08-27 18:44:27'),
(205, 3, 11, 3, '2015-04-19 15:43:53'),
(206, 59, 6, 9, '2015-03-08 10:15:16'),
(207, 673, 10, 1, '2015-08-07 21:50:38'),
(208, 366, 9, 7, '2015-10-12 16:26:43'),
(209, 29, 2, 3, '2015-11-19 21:35:54'),
(210, 237, 2, 4, '2014-07-06 09:58:17'),
(211, 372, 2, 2, '2014-02-07 13:20:43'),
(212, 202, 3, 2, '2014-08-20 16:18:13'),
(213, 481, 7, 7, '2015-06-26 19:30:31'),
(214, 585, 12, 1, '2014-05-11 12:37:31'),
(215, 297, 3, 5, '2015-10-23 14:12:10'),
(216, 561, 12, 3, '2014-11-08 22:50:46'),
(217, 8, 4, 4, '2014-06-25 17:13:29'),
(218, 287, 9, 7, '2014-04-09 12:46:47'),
(219, 464, 5, 7, '2014-03-23 17:23:19'),
(220, 145, 9, 5, '2015-10-19 11:23:53'),
(221, 226, 4, 2, '2015-02-22 14:34:59'),
(222, 617, 11, 2, '2015-10-12 19:25:55'),
(223, 301, 8, 9, '2015-06-14 18:11:35'),
(224, 218, 8, 3, '2014-01-03 22:59:55'),
(225, 685, 6, 5, '2015-08-07 13:11:23'),
(226, 515, 9, 10, '2014-07-03 13:49:16'),
(227, 279, 3, 9, '2014-04-22 12:37:19'),
(228, 693, 4, 8, '2015-03-04 14:14:40'),
(229, 656, 1, 2, '2014-09-12 19:44:28'),
(230, 12, 3, 3, '2014-11-13 10:28:37'),
(231, 279, 2, 1, '2015-02-19 10:25:22'),
(232, 22, 1, 1, '2015-09-02 19:34:15'),
(233, 587, 10, 1, '2014-02-08 20:38:54'),
(234, 697, 10, 5, '2014-08-25 10:11:37'),
(235, 340, 11, 4, '2014-06-27 09:13:46'),
(236, 60, 11, 6, '2015-10-25 19:15:41'),
(237, 371, 11, 8, '2014-04-05 10:41:59'),
(238, 569, 6, 5, '2014-10-25 09:34:15'),
(239, 684, 12, 7, '2014-08-27 21:11:13'),
(240, 497, 5, 9, '2014-12-16 13:33:19'),
(241, 469, 12, 4, '2015-03-24 14:49:31'),
(242, 387, 7, 4, '2014-03-15 13:50:46'),
(243, 599, 2, 3, '2014-06-04 12:33:59'),
(244, 189, 1, 3, '2014-09-15 17:47:51'),
(245, 108, 5, 2, '2014-12-20 19:56:45'),
(246, 316, 10, 5, '2014-07-15 11:58:21'),
(247, 535, 6, 5, '2015-01-10 19:22:45'),
(248, 73, 8, 10, '2015-12-01 14:19:37'),
(249, 87, 12, 5, '2015-01-20 22:59:42'),
(250, 37, 9, 3, '2014-04-04 18:19:40'),
(251, 104, 8, 8, '2014-05-03 10:22:21'),
(252, 333, 12, 4, '2014-09-10 16:14:44'),
(253, 601, 2, 2, '2015-07-18 13:51:35'),
(254, 389, 11, 9, '2015-08-19 20:45:50'),
(255, 147, 8, 5, '2014-12-06 22:49:50'),
(256, 592, 1, 10, '2014-07-08 11:48:14'),
(257, 216, 7, 9, '2015-04-05 20:56:12'),
(258, 537, 11, 10, '2014-03-05 10:40:31'),
(259, 459, 1, 9, '2014-11-27 11:29:18'),
(260, 92, 5, 6, '2014-09-03 16:24:15'),
(261, 585, 9, 3, '2014-02-27 11:40:55'),
(262, 373, 12, 9, '2014-04-18 16:48:26'),
(263, 107, 3, 2, '2014-06-11 16:59:16'),
(264, 337, 12, 6, '2015-11-10 15:40:13'),
(265, 580, 10, 10, '2015-12-19 15:53:38'),
(266, 307, 2, 9, '2014-04-04 11:24:29'),
(267, 14, 1, 3, '2015-06-15 12:26:43'),
(268, 215, 1, 3, '2015-10-23 18:25:11'),
(269, 654, 3, 2, '2015-03-05 11:19:16'),
(270, 688, 7, 3, '2014-11-01 10:40:23'),
(271, 365, 8, 6, '2015-01-17 13:42:12'),
(272, 551, 11, 8, '2015-12-04 17:11:37'),
(273, 388, 11, 3, '2015-09-25 17:36:53'),
(274, 558, 4, 10, '2014-05-20 19:47:42'),
(275, 105, 7, 1, '2014-06-18 16:35:59'),
(276, 500, 8, 4, '2014-01-12 11:17:28'),
(277, 468, 9, 8, '2014-10-08 15:15:18'),
(278, 60, 11, 6, '2015-11-06 17:23:11'),
(279, 453, 10, 4, '2014-10-13 15:48:12'),
(280, 27, 11, 10, '2014-05-21 19:26:58'),
(281, 486, 4, 1, '2014-04-21 12:58:49'),
(282, 173, 7, 6, '2015-06-21 15:18:21'),
(283, 558, 11, 3, '2014-04-26 11:56:26'),
(284, 93, 1, 8, '2014-03-12 10:42:36'),
(285, 622, 9, 8, '2014-10-19 09:35:11'),
(286, 392, 11, 7, '2015-08-19 12:46:46'),
(287, 605, 8, 2, '2014-01-09 15:19:26'),
(288, 406, 10, 7, '2014-02-15 18:24:34'),
(289, 296, 3, 9, '2015-04-14 20:57:51'),
(290, 390, 12, 9, '2015-11-02 11:57:54'),
(291, 86, 3, 5, '2014-08-01 16:24:51'),
(292, 358, 6, 6, '2015-12-11 10:28:31'),
(293, 381, 9, 6, '2014-06-26 19:54:14'),
(294, 374, 9, 3, '2014-05-25 12:48:24'),
(295, 97, 8, 4, '2015-10-10 15:12:29'),
(296, 332, 12, 3, '2014-10-11 19:44:41'),
(297, 390, 12, 5, '2015-07-23 17:12:40'),
(298, 370, 10, 4, '2014-09-12 20:36:35'),
(299, 86, 8, 10, '2014-09-22 14:55:37'),
(300, 543, 2, 9, '2015-03-21 13:51:41'),
(301, 27, 7, 3, '2015-06-03 12:51:47'),
(302, 587, 2, 9, '2014-12-21 21:34:42'),
(303, 42, 4, 2, '2014-03-17 19:35:45'),
(304, 318, 12, 3, '2014-06-24 14:28:31'),
(305, 519, 1, 3, '2014-08-14 12:40:48'),
(306, 150, 1, 5, '2014-11-04 15:45:25'),
(307, 391, 1, 9, '2015-09-21 15:51:12'),
(308, 668, 3, 2, '2014-12-02 18:25:23'),
(309, 325, 5, 5, '2014-05-13 11:34:46'),
(310, 362, 10, 5, '2014-02-23 20:52:47'),
(311, 424, 8, 6, '2014-06-09 16:17:40'),
(312, 596, 1, 6, '2015-12-23 21:17:50'),
(313, 434, 6, 5, '2014-04-27 18:20:30'),
(314, 579, 5, 5, '2015-11-19 12:44:36'),
(315, 231, 11, 9, '2014-08-10 16:11:20'),
(316, 371, 7, 5, '2015-01-04 19:25:13'),
(317, 214, 2, 9, '2015-09-09 12:57:30'),
(318, 41, 6, 10, '2014-07-11 18:49:12'),
(319, 301, 10, 10, '2015-09-13 16:52:41'),
(320, 43, 7, 2, '2014-09-15 20:27:29'),
(321, 622, 9, 8, '2014-12-16 20:44:16'),
(322, 570, 7, 3, '2015-10-18 13:31:49'),
(323, 153, 7, 10, '2014-07-11 20:56:30'),
(324, 353, 1, 3, '2014-03-15 11:43:41'),
(325, 481, 10, 7, '2014-12-04 19:13:19'),
(326, 22, 12, 9, '2014-06-06 21:14:34'),
(327, 572, 12, 7, '2014-10-04 11:54:23'),
(328, 496, 9, 4, '2014-11-15 19:59:13'),
(329, 479, 6, 2, '2014-03-04 11:31:34'),
(330, 461, 9, 5, '2015-07-12 16:30:49'),
(331, 409, 11, 8, '2015-02-09 21:10:11'),
(332, 309, 3, 5, '2015-03-11 14:58:30'),
(333, 440, 2, 1, '2015-11-26 22:13:53'),
(334, 167, 7, 3, '2015-11-14 11:38:56'),
(335, 309, 5, 5, '2015-11-01 22:43:22'),
(336, 219, 7, 6, '2014-03-17 21:39:30'),
(337, 356, 3, 2, '2015-05-18 09:49:42'),
(338, 471, 7, 10, '2014-08-18 12:52:49'),
(339, 619, 5, 9, '2015-05-08 09:51:49'),
(340, 155, 11, 3, '2014-01-17 22:35:19'),
(341, 97, 5, 9, '2015-07-05 21:27:40'),
(342, 178, 1, 6, '2014-06-24 14:28:50'),
(343, 558, 4, 6, '2015-04-18 17:18:53'),
(344, 420, 10, 3, '2014-03-10 19:12:25'),
(345, 301, 5, 3, '2015-04-04 16:31:23'),
(346, 151, 10, 3, '2015-10-19 20:43:56'),
(347, 150, 6, 4, '2015-04-09 10:19:14'),
(348, 233, 7, 8, '2014-06-13 18:23:39'),
(349, 209, 4, 1, '2015-02-05 11:33:51'),
(350, 453, 2, 1, '2014-02-08 19:53:59'),
(351, 577, 11, 5, '2014-09-17 21:37:33'),
(352, 601, 12, 1, '2014-12-17 19:46:19'),
(353, 368, 4, 4, '2014-03-10 17:54:47'),
(354, 570, 5, 2, '2014-09-10 11:32:33'),
(355, 507, 3, 1, '2015-04-18 11:29:22'),
(356, 585, 11, 4, '2015-11-25 18:50:52'),
(357, 569, 3, 4, '2015-04-16 18:18:33'),
(358, 446, 8, 5, '2015-11-06 16:43:48'),
(359, 474, 1, 10, '2015-07-05 16:12:58'),
(360, 97, 3, 4, '2014-01-05 18:19:29'),
(361, 462, 11, 6, '2014-03-13 10:40:11'),
(362, 91, 7, 9, '2015-01-21 15:38:30'),
(363, 109, 7, 8, '2014-11-26 10:53:58'),
(364, 140, 7, 4, '2015-12-18 17:15:33'),
(365, 473, 8, 4, '2015-08-21 11:34:18'),
(366, 295, 10, 6, '2014-02-13 10:50:40'),
(367, 59, 3, 9, '2015-08-03 14:44:25'),
(368, 537, 3, 6, '2014-10-21 13:42:49'),
(369, 273, 9, 7, '2015-12-22 22:32:19'),
(370, 498, 2, 2, '2015-10-25 16:10:18'),
(371, 544, 2, 6, '2014-04-01 11:34:56'),
(372, 52, 11, 10, '2014-02-14 20:42:18'),
(373, 634, 10, 3, '2014-10-15 10:34:12'),
(374, 351, 3, 3, '2015-08-12 17:39:58'),
(375, 152, 2, 1, '2014-05-13 16:44:47'),
(376, 203, 3, 1, '2015-05-08 15:13:53'),
(377, 33, 5, 3, '2014-10-15 18:19:15'),
(378, 33, 3, 10, '2015-08-17 09:29:56'),
(379, 380, 3, 3, '2015-06-09 17:26:57'),
(380, 270, 5, 1, '2015-08-14 18:28:10'),
(381, 335, 12, 8, '2014-08-02 14:42:39'),
(382, 643, 9, 10, '2014-07-02 12:18:26'),
(383, 90, 11, 5, '2014-05-27 17:21:19'),
(384, 574, 2, 2, '2014-12-16 11:39:22'),
(385, 456, 10, 10, '2015-02-15 10:25:32'),
(386, 212, 9, 1, '2014-07-25 21:30:10'),
(387, 672, 6, 1, '2014-11-23 20:35:46'),
(388, 632, 11, 4, '2014-09-12 20:46:10'),
(389, 228, 9, 8, '2015-03-16 19:19:33'),
(390, 538, 8, 4, '2015-04-10 15:28:36'),
(391, 242, 1, 2, '2014-08-14 15:34:38'),
(392, 347, 11, 3, '2014-04-26 14:48:42'),
(393, 499, 7, 7, '2015-04-26 19:55:37'),
(394, 158, 5, 2, '2014-12-27 22:22:46'),
(395, 690, 10, 2, '2014-07-19 09:38:16'),
(396, 688, 8, 8, '2014-07-23 17:47:50'),
(397, 284, 6, 4, '2015-08-17 18:52:19'),
(398, 456, 3, 7, '2014-07-27 09:22:26'),
(399, 684, 2, 6, '2015-10-21 16:10:14'),
(400, 434, 10, 2, '2014-03-23 16:19:34'),
(401, 269, 11, 1, '2015-12-12 14:32:33'),
(402, 625, 4, 4, '2014-09-18 14:45:46'),
(403, 275, 9, 9, '2014-04-03 10:14:46'),
(404, 399, 8, 1, '2014-01-07 19:42:48'),
(405, 468, 4, 2, '2014-01-15 17:54:10'),
(406, 610, 11, 8, '2014-09-25 21:39:36'),
(407, 134, 10, 4, '2014-04-11 10:26:51'),
(408, 153, 10, 3, '2015-10-03 19:44:32'),
(409, 225, 10, 7, '2014-07-14 11:15:32'),
(410, 86, 10, 2, '2015-09-12 20:14:10'),
(411, 144, 6, 9, '2015-04-06 09:38:59'),
(412, 226, 1, 5, '2015-09-21 17:39:58'),
(413, 279, 9, 1, '2015-03-14 16:31:39'),
(414, 128, 5, 8, '2015-04-07 09:31:31'),
(415, 212, 1, 7, '2015-11-26 22:41:15'),
(416, 487, 7, 4, '2014-08-27 15:36:33'),
(417, 117, 2, 3, '2014-04-04 17:27:48'),
(418, 589, 11, 2, '2014-09-02 14:54:33'),
(419, 233, 1, 10, '2015-04-04 12:23:20'),
(420, 408, 6, 10, '2014-02-18 21:33:49'),
(421, 223, 11, 5, '2014-07-09 10:14:35'),
(422, 453, 10, 3, '2014-04-07 15:13:35'),
(423, 679, 1, 3, '2014-02-08 19:59:23'),
(424, 445, 4, 2, '2015-01-10 17:47:27'),
(425, 171, 2, 7, '2015-01-01 15:14:24'),
(426, 217, 10, 3, '2015-03-14 13:14:28'),
(427, 359, 10, 5, '2015-01-24 21:22:52'),
(428, 654, 7, 1, '2014-08-02 17:49:51'),
(429, 443, 4, 7, '2014-07-09 15:53:27'),
(430, 522, 6, 4, '2015-08-26 16:13:36'),
(431, 436, 5, 7, '2015-02-17 10:52:52'),
(432, 340, 12, 8, '2014-06-03 20:52:37'),
(433, 36, 6, 8, '2015-06-14 14:49:48'),
(434, 609, 3, 6, '2014-06-10 16:25:15'),
(435, 235, 4, 10, '2015-11-19 11:53:20'),
(436, 520, 2, 3, '2014-10-07 17:28:58'),
(437, 53, 2, 6, '2015-08-04 18:14:52'),
(438, 690, 6, 7, '2015-07-26 11:48:31'),
(439, 372, 7, 5, '2014-09-20 21:25:31'),
(440, 505, 5, 7, '2015-07-11 12:45:52'),
(441, 125, 8, 8, '2014-06-19 18:16:25'),
(442, 260, 11, 2, '2015-12-12 19:22:25'),
(443, 127, 7, 10, '2014-11-15 20:58:57'),
(444, 226, 2, 2, '2014-06-11 13:41:34'),
(445, 98, 8, 8, '2014-07-27 19:36:37'),
(446, 419, 8, 7, '2014-04-04 15:37:47'),
(447, 327, 3, 5, '2014-09-04 18:10:51'),
(448, 683, 1, 4, '2014-04-24 21:38:17'),
(449, 351, 12, 2, '2015-07-21 15:57:55'),
(450, 258, 8, 6, '2014-10-14 14:52:56'),
(451, 42, 3, 8, '2015-07-22 11:47:17'),
(452, 364, 12, 7, '2015-09-17 20:56:28'),
(453, 162, 2, 4, '2014-10-26 20:10:54'),
(454, 363, 4, 8, '2015-01-23 18:37:57'),
(455, 6, 12, 4, '2014-04-01 14:28:37'),
(456, 152, 2, 8, '2014-10-04 14:21:14'),
(457, 456, 8, 1, '2015-12-18 21:43:36'),
(458, 187, 10, 2, '2014-03-14 10:25:30'),
(459, 428, 2, 6, '2014-06-11 21:31:53'),
(460, 304, 3, 8, '2015-10-25 19:49:33'),
(461, 619, 9, 4, '2014-01-10 16:16:26'),
(462, 60, 10, 7, '2014-07-17 21:41:33'),
(463, 171, 6, 3, '2014-04-01 18:33:59'),
(464, 236, 11, 4, '2015-12-18 17:29:23'),
(465, 134, 8, 9, '2014-05-12 16:13:20'),
(466, 51, 7, 8, '2015-05-18 17:25:32'),
(467, 440, 5, 8, '2015-10-13 09:14:31'),
(468, 600, 5, 7, '2014-03-13 17:25:53'),
(469, 351, 1, 4, '2015-11-08 13:58:41'),
(470, 64, 5, 2, '2014-12-22 22:44:18'),
(471, 474, 6, 10, '2014-01-21 20:18:54'),
(472, 124, 3, 5, '2014-07-06 15:21:13'),
(473, 629, 7, 10, '2015-12-23 14:46:36'),
(474, 260, 8, 9, '2015-05-09 17:48:29'),
(475, 632, 11, 1, '2014-08-08 10:39:39'),
(476, 533, 9, 7, '2015-11-23 14:12:14'),
(477, 47, 4, 10, '2015-12-04 10:52:59'),
(478, 17, 11, 1, '2015-02-24 22:22:28'),
(479, 499, 3, 3, '2014-11-25 11:54:31'),
(480, 428, 11, 4, '2014-12-23 14:18:38'),
(481, 439, 11, 4, '2014-04-14 10:42:39'),
(482, 469, 11, 6, '2015-03-24 15:42:49'),
(483, 309, 4, 5, '2014-11-10 21:20:18'),
(484, 208, 8, 8, '2015-05-24 17:52:36'),
(485, 560, 9, 10, '2015-10-01 12:30:56'),
(486, 9, 7, 1, '2015-06-12 16:41:51'),
(487, 8, 8, 6, '2014-06-27 13:26:47'),
(488, 140, 9, 7, '2015-09-17 16:58:25'),
(489, 372, 5, 6, '2014-11-13 11:12:40'),
(490, 198, 10, 9, '2015-07-06 18:11:19'),
(491, 61, 11, 7, '2014-02-04 21:24:25'),
(492, 405, 6, 9, '2014-10-03 15:20:21'),
(493, 699, 10, 3, '2014-03-11 13:20:55'),
(494, 639, 9, 1, '2014-10-06 10:44:46'),
(495, 193, 11, 3, '2014-10-15 09:22:39'),
(496, 366, 4, 6, '2014-08-16 11:25:30'),
(497, 523, 6, 9, '2014-06-25 18:55:26'),
(498, 5, 7, 10, '2015-09-19 12:56:17'),
(499, 379, 3, 4, '2014-09-02 09:31:24'),
(500, 190, 8, 6, '2015-02-04 21:29:29'),
(501, 330, 4, 1, '2015-06-27 20:59:52'),
(502, 243, 10, 4, '2015-06-19 21:37:52'),
(503, 135, 7, 1, '2014-03-05 15:13:45'),
(504, 618, 12, 9, '2014-06-24 14:30:22'),
(505, 85, 7, 10, '2014-01-19 12:24:41'),
(506, 610, 3, 3, '2015-05-09 13:54:16'),
(507, 367, 1, 3, '2015-05-05 11:11:41'),
(508, 75, 5, 3, '2014-08-26 09:46:27'),
(509, 188, 6, 4, '2014-11-07 22:51:44'),
(510, 409, 10, 1, '2014-04-15 13:41:45'),
(511, 148, 10, 2, '2014-12-19 21:32:31'),
(512, 392, 1, 8, '2014-01-13 21:14:48'),
(513, 579, 1, 9, '2014-10-03 12:52:15'),
(514, 216, 5, 2, '2015-03-26 17:25:28'),
(515, 104, 8, 7, '2014-06-01 10:34:22'),
(516, 345, 7, 9, '2014-09-20 13:12:33'),
(517, 74, 2, 8, '2015-05-26 11:38:54'),
(518, 227, 11, 7, '2015-07-14 14:57:35'),
(519, 111, 11, 4, '2014-09-01 20:40:23'),
(520, 49, 1, 6, '2014-02-20 12:13:14'),
(521, 210, 5, 8, '2015-06-11 15:25:23'),
(522, 261, 6, 10, '2014-08-10 10:30:19'),
(523, 483, 8, 1, '2014-06-02 10:45:27'),
(524, 246, 1, 4, '2014-12-02 11:29:29'),
(525, 112, 2, 8, '2015-07-07 21:28:25'),
(526, 158, 1, 2, '2015-07-09 17:31:50'),
(527, 354, 5, 10, '2014-10-11 19:58:37'),
(528, 117, 12, 2, '2014-10-24 11:24:52'),
(529, 604, 5, 7, '2014-09-02 09:27:27'),
(530, 657, 7, 7, '2015-02-22 20:26:59'),
(531, 119, 3, 4, '2014-12-27 15:25:43'),
(532, 58, 4, 5, '2014-04-19 17:23:32'),
(533, 495, 3, 5, '2014-06-10 17:50:56'),
(534, 696, 2, 1, '2015-07-03 14:35:16'),
(535, 149, 10, 5, '2015-08-02 17:31:46'),
(536, 255, 1, 1, '2015-05-19 09:50:49'),
(537, 605, 8, 3, '2014-01-03 11:26:16'),
(538, 303, 12, 10, '2014-04-17 18:39:44'),
(539, 37, 6, 6, '2014-03-15 20:29:28'),
(540, 565, 11, 9, '2015-12-04 19:57:44'),
(541, 686, 1, 5, '2015-03-05 12:18:33'),
(542, 212, 1, 5, '2014-09-23 15:45:18'),
(543, 662, 8, 8, '2014-04-05 11:50:31'),
(544, 92, 7, 9, '2014-10-08 16:57:20'),
(545, 113, 1, 10, '2015-07-11 13:55:13'),
(546, 429, 1, 8, '2015-11-26 11:51:32'),
(547, 487, 8, 7, '2015-06-23 10:50:12'),
(548, 450, 5, 3, '2015-06-13 17:51:24'),
(549, 236, 1, 3, '2015-06-25 10:34:55'),
(550, 348, 4, 2, '2014-05-18 10:10:34'),
(551, 108, 6, 10, '2015-09-01 09:23:55'),
(552, 43, 2, 4, '2015-03-13 13:38:18'),
(553, 470, 8, 7, '2015-07-02 18:46:58'),
(554, 280, 1, 7, '2015-01-22 10:15:20'),
(555, 578, 5, 9, '2015-08-13 19:28:29'),
(556, 281, 7, 6, '2015-12-20 21:16:48'),
(557, 686, 5, 2, '2014-11-15 18:21:22'),
(558, 465, 8, 2, '2014-01-26 17:23:30'),
(559, 22, 7, 1, '2015-08-10 15:32:30'),
(560, 347, 6, 8, '2015-07-12 10:58:18'),
(561, 323, 3, 4, '2015-02-21 13:51:26'),
(562, 545, 8, 8, '2014-09-14 16:25:54'),
(563, 501, 7, 1, '2014-03-15 19:37:45'),
(564, 513, 12, 7, '2014-05-14 14:24:27'),
(565, 630, 4, 7, '2015-09-24 13:27:25'),
(566, 687, 9, 5, '2014-09-02 19:38:21'),
(567, 310, 6, 6, '2014-11-15 11:46:17'),
(568, 606, 4, 3, '2015-07-13 17:43:20'),
(569, 642, 10, 2, '2014-07-02 13:44:47'),
(570, 113, 2, 7, '2014-01-13 19:53:15'),
(571, 257, 1, 9, '2014-02-04 16:15:31'),
(572, 462, 11, 2, '2015-01-07 21:38:15'),
(573, 680, 10, 2, '2014-07-02 09:17:13'),
(574, 654, 8, 4, '2014-12-01 19:30:54'),
(575, 240, 8, 5, '2014-08-14 21:43:34'),
(576, 659, 2, 10, '2014-03-06 17:11:35'),
(577, 347, 3, 9, '2014-08-03 11:42:56'),
(578, 370, 7, 7, '2014-02-24 13:10:15'),
(579, 405, 6, 8, '2014-04-21 13:36:29'),
(580, 43, 5, 4, '2015-12-21 10:35:40'),
(581, 425, 3, 1, '2014-10-02 15:33:36'),
(582, 193, 6, 1, '2015-06-11 19:11:20'),
(583, 515, 5, 8, '2014-08-02 17:42:42'),
(584, 129, 9, 1, '2014-02-06 17:14:12'),
(585, 668, 10, 9, '2015-07-19 20:22:11'),
(586, 591, 3, 10, '2014-03-21 15:20:46'),
(587, 457, 2, 10, '2014-08-17 16:44:55'),
(588, 205, 9, 7, '2014-06-14 11:46:16'),
(589, 156, 5, 10, '2014-10-18 12:21:59'),
(590, 121, 4, 10, '2015-08-01 16:57:42'),
(591, 268, 7, 9, '2015-11-14 20:59:10'),
(592, 638, 10, 2, '2014-02-12 13:55:53'),
(593, 26, 6, 9, '2014-12-24 22:30:52'),
(594, 527, 5, 8, '2014-02-15 14:17:33'),
(595, 508, 1, 2, '2014-02-08 14:25:36'),
(596, 418, 5, 5, '2015-01-25 16:47:41'),
(597, 235, 12, 3, '2015-09-18 10:26:56'),
(598, 327, 7, 1, '2015-06-20 20:36:48'),
(599, 424, 4, 2, '2015-12-26 14:15:55'),
(600, 192, 7, 1, '2014-12-12 16:55:44'),
(601, 47, 9, 5, '2015-03-21 19:53:11'),
(602, 581, 5, 3, '2014-04-10 12:58:44'),
(603, 324, 1, 1, '2014-10-16 17:36:32'),
(604, 286, 12, 7, '2014-09-01 09:54:46'),
(605, 692, 5, 7, '2015-09-11 16:38:19'),
(606, 473, 2, 1, '2014-11-05 20:55:54'),
(607, 40, 11, 2, '2015-11-21 19:13:34'),
(608, 675, 8, 3, '2014-08-01 19:44:24'),
(609, 107, 7, 4, '2014-05-20 21:59:34'),
(610, 429, 12, 8, '2014-09-24 12:58:50'),
(611, 126, 1, 6, '2014-05-12 14:46:34'),
(612, 609, 8, 3, '2014-06-24 21:35:29'),
(613, 654, 4, 1, '2014-11-16 19:30:32'),
(614, 125, 1, 10, '2014-11-10 18:10:40'),
(615, 312, 4, 5, '2014-05-18 15:34:18'),
(616, 700, 1, 1, '2014-07-14 18:43:22'),
(617, 656, 7, 1, '2014-09-26 10:33:44'),
(618, 582, 8, 5, '2015-05-20 20:31:11'),
(619, 468, 4, 10, '2014-04-09 21:35:34'),
(620, 454, 3, 2, '2015-05-06 20:55:26'),
(621, 111, 3, 6, '2014-08-15 10:54:31'),
(622, 478, 2, 7, '2015-07-13 21:33:56'),
(623, 598, 3, 9, '2015-07-13 18:18:42'),
(624, 527, 8, 5, '2014-11-19 22:37:41'),
(625, 180, 12, 3, '2014-04-04 10:33:12'),
(626, 433, 11, 3, '2014-04-02 21:17:44'),
(627, 449, 5, 2, '2014-12-11 16:16:30'),
(628, 293, 7, 10, '2014-07-07 20:37:56'),
(629, 113, 10, 4, '2015-05-27 21:26:54'),
(630, 644, 4, 7, '2015-05-08 21:21:38'),
(631, 1, 8, 4, '2015-08-08 20:32:24'),
(632, 245, 1, 3, '2015-04-07 12:47:59'),
(633, 375, 9, 9, '2014-03-27 10:35:21'),
(634, 28, 6, 5, '2014-11-14 22:45:41'),
(635, 677, 9, 10, '2014-11-04 19:56:39'),
(636, 697, 7, 5, '2015-08-08 12:13:22'),
(637, 507, 5, 5, '2015-12-23 15:23:17'),
(638, 312, 1, 10, '2015-05-14 13:39:47'),
(639, 664, 1, 7, '2014-02-12 16:33:10'),
(640, 470, 7, 8, '2015-02-16 15:47:42'),
(641, 420, 9, 10, '2015-09-05 18:34:41'),
(642, 76, 4, 9, '2014-08-02 10:32:24'),
(643, 475, 10, 6, '2015-03-20 17:32:43'),
(644, 367, 5, 10, '2014-10-04 15:11:46'),
(645, 183, 7, 9, '2015-10-01 10:54:41'),
(646, 557, 1, 5, '2014-08-08 14:28:17'),
(647, 143, 10, 1, '2015-01-03 21:30:17'),
(648, 560, 1, 10, '2015-08-25 19:28:44'),
(649, 447, 3, 4, '2015-07-26 20:35:49'),
(650, 5, 1, 6, '2015-08-01 10:33:49'),
(651, 76, 1, 9, '2014-11-26 15:20:45'),
(652, 340, 8, 3, '2014-02-04 20:39:13'),
(653, 626, 10, 5, '2015-01-24 14:50:20'),
(654, 619, 2, 9, '2015-04-25 10:40:19'),
(655, 698, 8, 9, '2015-05-06 18:52:12'),
(656, 74, 4, 8, '2015-10-05 18:22:46'),
(657, 545, 7, 8, '2015-09-24 19:54:45'),
(658, 497, 5, 9, '2015-04-18 15:29:33'),
(659, 339, 1, 2, '2014-03-20 17:53:11'),
(660, 691, 5, 7, '2014-05-14 18:34:51'),
(661, 109, 7, 3, '2014-09-23 17:16:50'),
(662, 671, 3, 9, '2015-05-08 20:51:47'),
(663, 82, 6, 8, '2014-02-10 20:18:34'),
(664, 181, 1, 1, '2014-04-03 16:41:43'),
(665, 116, 6, 8, '2014-09-20 17:23:45'),
(666, 16, 5, 5, '2015-07-24 09:14:20'),
(667, 648, 6, 1, '2015-12-16 19:30:14'),
(668, 448, 12, 7, '2014-08-24 20:21:44'),
(669, 540, 2, 10, '2014-05-25 16:59:12'),
(670, 685, 8, 9, '2015-02-10 12:50:15'),
(671, 674, 6, 4, '2014-04-24 20:13:13'),
(672, 253, 2, 1, '2015-12-10 20:56:18'),
(673, 558, 1, 6, '2014-01-08 12:16:16'),
(674, 357, 1, 9, '2014-10-12 11:37:59'),
(675, 319, 7, 8, '2015-11-18 13:46:59'),
(676, 485, 10, 4, '2014-10-04 12:39:35'),
(677, 571, 8, 3, '2014-04-18 16:49:51'),
(678, 64, 1, 1, '2014-09-16 13:18:56'),
(679, 675, 12, 4, '2014-02-01 10:43:37'),
(680, 69, 7, 2, '2015-03-13 20:54:13'),
(681, 691, 10, 4, '2015-10-04 16:45:35'),
(682, 468, 6, 3, '2014-04-04 19:54:54'),
(683, 672, 8, 4, '2014-01-23 17:12:50'),
(684, 56, 1, 10, '2014-01-22 21:44:41'),
(685, 267, 8, 1, '2014-02-02 21:46:45'),
(686, 473, 8, 4, '2015-06-03 21:57:17'),
(687, 169, 1, 7, '2014-12-25 21:16:10'),
(688, 562, 6, 7, '2014-04-20 10:51:57'),
(689, 318, 1, 7, '2014-05-01 13:23:54'),
(690, 249, 11, 3, '2014-09-09 20:19:14'),
(691, 46, 7, 6, '2015-05-07 18:52:33'),
(692, 118, 8, 5, '2014-05-11 18:55:55'),
(693, 643, 2, 7, '2015-10-26 10:38:56'),
(694, 608, 6, 5, '2015-08-19 19:53:26'),
(695, 588, 5, 8, '2014-03-17 21:34:29'),
(696, 687, 2, 3, '2015-10-15 15:53:43'),
(697, 226, 8, 8, '2015-05-16 14:35:54'),
(698, 111, 4, 5, '2014-11-27 18:37:43'),
(699, 242, 2, 3, '2014-11-01 18:14:50'),
(700, 494, 10, 4, '2014-11-26 14:49:33'),
(701, 32, 2, 10, '2015-06-15 19:23:21'),
(702, 284, 2, 6, '2014-09-06 21:39:42'),
(703, 200, 6, 2, '2014-05-19 15:25:48'),
(704, 192, 1, 9, '2014-11-08 16:50:34'),
(705, 602, 7, 10, '2014-08-18 10:36:13'),
(706, 54, 9, 1, '2015-03-04 13:30:43'),
(707, 90, 3, 7, '2014-09-12 10:40:49'),
(708, 595, 1, 10, '2015-07-22 09:27:50'),
(709, 515, 4, 2, '2014-08-09 14:49:35'),
(710, 407, 3, 5, '2015-10-05 15:46:11'),
(711, 122, 10, 5, '2014-11-04 19:34:46'),
(712, 466, 10, 2, '2015-03-25 12:37:48'),
(713, 694, 8, 1, '2015-10-20 11:48:13'),
(714, 399, 10, 1, '2015-04-01 15:10:42'),
(715, 316, 10, 7, '2014-01-17 15:55:57'),
(716, 17, 6, 6, '2015-06-22 16:24:53'),
(717, 340, 9, 4, '2014-09-20 13:53:21'),
(718, 303, 4, 5, '2015-09-06 13:40:28'),
(719, 171, 4, 10, '2014-01-25 11:23:49'),
(720, 16, 7, 3, '2014-12-23 11:52:42'),
(721, 269, 12, 1, '2014-01-10 10:54:56'),
(722, 423, 6, 2, '2015-08-14 12:40:37'),
(723, 603, 6, 8, '2015-12-01 11:49:51'),
(724, 536, 12, 7, '2014-12-04 12:54:32'),
(725, 698, 12, 4, '2014-06-27 19:53:44'),
(726, 30, 7, 9, '2015-01-01 18:51:19'),
(727, 429, 3, 1, '2014-06-22 14:31:37'),
(728, 385, 1, 1, '2015-01-13 18:33:34'),
(729, 143, 7, 7, '2015-09-25 10:27:25'),
(730, 139, 5, 10, '2014-08-11 19:40:39'),
(731, 238, 8, 1, '2015-02-08 21:38:48'),
(732, 371, 2, 10, '2015-02-12 16:17:13'),
(733, 79, 2, 1, '2015-01-23 14:30:48'),
(734, 499, 1, 10, '2014-08-14 20:31:29'),
(735, 463, 4, 7, '2014-02-24 10:32:29'),
(736, 283, 8, 8, '2014-09-07 12:18:15'),
(737, 38, 3, 3, '2015-11-16 11:40:18'),
(738, 286, 4, 3, '2015-04-09 15:25:40'),
(739, 177, 2, 8, '2014-01-08 17:46:46'),
(740, 546, 10, 5, '2015-04-04 11:51:23'),
(741, 78, 7, 4, '2014-02-21 15:23:59'),
(742, 393, 1, 3, '2014-08-02 09:43:20'),
(743, 338, 4, 9, '2015-05-06 16:41:46'),
(744, 460, 11, 3, '2015-04-19 20:51:23'),
(745, 211, 10, 9, '2015-02-20 10:20:50'),
(746, 110, 9, 10, '2015-04-10 21:36:15'),
(747, 201, 5, 2, '2015-05-10 18:44:18'),
(748, 120, 6, 5, '2015-01-11 16:26:17'),
(749, 485, 10, 4, '2014-04-04 10:56:47'),
(750, 62, 2, 2, '2014-05-05 21:36:19'),
(751, 433, 11, 10, '2014-07-13 17:41:45'),
(752, 680, 6, 10, '2015-10-02 17:27:55'),
(753, 204, 6, 8, '2014-04-05 12:50:23'),
(754, 378, 5, 7, '2015-12-15 12:44:40'),
(755, 277, 11, 3, '2014-06-05 14:10:13'),
(756, 45, 5, 3, '2015-01-11 14:35:16'),
(757, 7, 8, 5, '2015-03-20 11:25:54'),
(758, 497, 4, 1, '2014-04-27 11:39:43'),
(759, 518, 6, 7, '2014-07-04 16:22:20'),
(760, 13, 11, 5, '2015-06-25 16:25:26'),
(761, 312, 12, 5, '2014-07-11 16:12:35'),
(762, 30, 4, 1, '2014-05-05 18:36:42'),
(763, 1, 12, 5, '2014-07-04 13:22:30'),
(764, 151, 12, 4, '2014-09-01 09:52:22'),
(765, 137, 4, 3, '2014-05-20 19:19:28'),
(766, 59, 3, 4, '2014-06-06 15:30:17'),
(767, 451, 1, 3, '2015-06-22 09:45:50'),
(768, 473, 11, 3, '2014-12-22 10:48:13'),
(769, 516, 9, 2, '2014-06-13 21:12:15'),
(770, 364, 1, 7, '2014-01-20 19:49:50'),
(771, 540, 1, 6, '2015-06-02 21:44:25'),
(772, 221, 6, 7, '2014-07-14 17:40:44'),
(773, 546, 12, 8, '2014-10-12 16:26:25'),
(774, 359, 9, 1, '2014-01-13 21:40:43'),
(775, 65, 5, 5, '2014-11-19 19:13:57'),
(776, 559, 4, 1, '2015-07-21 12:27:26'),
(777, 518, 10, 7, '2014-03-10 18:51:28'),
(778, 181, 8, 9, '2015-06-21 13:46:53'),
(779, 515, 8, 9, '2014-11-14 14:56:26'),
(780, 443, 2, 1, '2014-05-20 16:18:13'),
(781, 527, 10, 6, '2014-02-19 22:11:29'),
(782, 146, 6, 6, '2015-02-27 22:36:36'),
(783, 245, 7, 1, '2015-02-16 15:31:32'),
(784, 390, 11, 5, '2014-03-21 12:32:28'),
(785, 509, 5, 5, '2014-08-18 15:36:15'),
(786, 629, 1, 2, '2015-06-24 12:11:25'),
(787, 488, 8, 8, '2014-04-03 17:41:30'),
(788, 659, 10, 2, '2014-06-15 19:32:26'),
(789, 577, 12, 2, '2015-07-12 16:36:50'),
(790, 346, 3, 10, '2014-04-19 09:42:38'),
(791, 130, 7, 2, '2015-11-10 11:46:33'),
(792, 584, 1, 5, '2014-11-23 16:23:57'),
(793, 114, 1, 7, '2014-12-15 18:27:54'),
(794, 274, 7, 5, '2014-08-12 16:41:14'),
(795, 246, 7, 1, '2015-08-16 19:22:18'),
(796, 691, 8, 2, '2014-12-18 21:33:19'),
(797, 309, 12, 5, '2015-09-04 21:26:37'),
(798, 110, 5, 8, '2015-07-08 16:51:19'),
(799, 608, 5, 5, '2014-05-01 19:23:51'),
(800, 116, 3, 8, '2014-03-12 22:28:48'),
(801, 127, 9, 6, '2014-12-07 19:33:52'),
(802, 2, 4, 10, '2014-09-07 21:11:37'),
(803, 433, 6, 8, '2014-06-13 09:28:22'),
(804, 576, 9, 6, '2015-06-14 10:44:49'),
(805, 488, 8, 5, '2014-08-14 20:56:51'),
(806, 360, 9, 10, '2014-06-07 20:24:10'),
(807, 549, 7, 6, '2014-02-15 14:28:20'),
(808, 467, 3, 3, '2015-03-23 16:39:46'),
(809, 655, 9, 8, '2015-04-26 14:41:19'),
(810, 84, 2, 9, '2015-03-06 21:12:50'),
(811, 696, 11, 4, '2015-04-05 11:49:10'),
(812, 468, 2, 7, '2015-03-01 14:19:40'),
(813, 142, 6, 6, '2014-11-14 20:18:56'),
(814, 213, 7, 5, '2015-04-23 19:45:34'),
(815, 300, 4, 2, '2015-07-08 10:41:58'),
(816, 658, 10, 4, '2014-02-23 20:23:49'),
(817, 546, 12, 10, '2014-02-08 14:50:17'),
(818, 206, 5, 1, '2015-01-04 10:51:48'),
(819, 609, 11, 6, '2014-02-05 19:41:39'),
(820, 604, 11, 8, '2015-05-22 11:51:37'),
(821, 90, 12, 5, '2014-12-17 22:14:22'),
(822, 273, 5, 4, '2015-07-23 20:11:41'),
(823, 671, 9, 9, '2014-05-23 15:40:56'),
(824, 206, 5, 7, '2014-03-02 18:12:58'),
(825, 16, 3, 9, '2015-07-24 20:46:30'),
(826, 605, 9, 4, '2015-09-12 10:23:47'),
(827, 557, 12, 7, '2015-06-27 12:12:40'),
(828, 570, 9, 3, '2014-10-10 13:16:55'),
(829, 667, 5, 3, '2015-08-25 20:26:40'),
(830, 196, 11, 8, '2015-03-12 13:11:38'),
(831, 370, 12, 5, '2015-04-16 12:51:26'),
(832, 78, 10, 4, '2015-03-21 17:33:46'),
(833, 515, 8, 6, '2015-03-19 15:14:26'),
(834, 523, 10, 3, '2015-12-06 22:25:53'),
(835, 542, 4, 6, '2014-12-01 20:58:14'),
(836, 460, 7, 1, '2015-02-18 14:34:47'),
(837, 27, 6, 5, '2015-05-18 12:33:50'),
(838, 493, 6, 2, '2014-08-16 09:13:48'),
(839, 319, 4, 1, '2014-05-21 16:27:31'),
(840, 148, 3, 8, '2014-08-10 18:41:43'),
(841, 151, 11, 2, '2015-10-07 13:59:53'),
(842, 139, 3, 2, '2015-01-12 11:46:51'),
(843, 566, 11, 1, '2014-04-07 11:39:32'),
(844, 682, 9, 4, '2015-07-08 19:58:17'),
(845, 590, 10, 6, '2014-03-24 10:52:21'),
(846, 538, 11, 1, '2015-06-16 18:47:46'),
(847, 81, 6, 7, '2015-05-22 14:50:37'),
(848, 471, 7, 6, '2014-07-06 18:15:18'),
(849, 462, 6, 3, '2014-05-09 20:19:41'),
(850, 412, 1, 7, '2015-10-10 13:15:25'),
(851, 264, 12, 2, '2015-04-07 19:15:12'),
(852, 471, 10, 2, '2014-07-26 11:41:59'),
(853, 67, 5, 2, '2014-01-14 16:34:56'),
(854, 673, 10, 9, '2014-08-15 16:48:29'),
(855, 540, 6, 6, '2014-06-16 09:25:51'),
(856, 182, 9, 6, '2015-10-19 16:12:12'),
(857, 598, 6, 2, '2015-05-26 13:41:39'),
(858, 90, 11, 8, '2014-05-27 10:31:27'),
(859, 679, 7, 8, '2015-09-18 11:38:59'),
(860, 425, 7, 3, '2014-01-06 16:30:16'),
(861, 453, 12, 9, '2015-03-17 22:47:48'),
(862, 40, 1, 2, '2015-02-24 18:48:12'),
(863, 213, 10, 9, '2015-11-02 17:58:17'),
(864, 135, 2, 1, '2014-10-18 15:53:20'),
(865, 344, 12, 7, '2014-12-13 13:57:42'),
(866, 74, 6, 2, '2014-04-06 12:43:28'),
(867, 687, 4, 6, '2015-11-23 19:44:42'),
(868, 339, 3, 9, '2015-11-16 13:39:13'),
(869, 633, 11, 2, '2014-04-27 16:21:11'),
(870, 98, 12, 6, '2014-09-25 17:57:34'),
(871, 87, 5, 1, '2015-12-22 10:52:22'),
(872, 433, 8, 4, '2015-06-14 16:17:55'),
(873, 328, 1, 1, '2015-01-16 15:58:12'),
(874, 698, 4, 2, '2015-04-02 20:55:52'),
(875, 641, 2, 4, '2014-03-13 20:44:38'),
(876, 602, 8, 7, '2015-09-05 21:26:19'),
(877, 30, 5, 8, '2014-02-13 13:24:56'),
(878, 19, 8, 5, '2014-03-01 16:33:55'),
(879, 146, 12, 4, '2014-09-10 15:56:51'),
(880, 538, 2, 5, '2015-06-27 21:30:17'),
(881, 637, 5, 9, '2015-06-26 11:35:38'),
(882, 347, 6, 7, '2015-01-01 16:45:18'),
(883, 223, 5, 2, '2015-06-26 10:41:56'),
(884, 321, 1, 10, '2014-07-15 13:50:17'),
(885, 319, 11, 5, '2014-06-07 17:45:13'),
(886, 251, 10, 4, '2014-11-07 22:36:43'),
(887, 232, 4, 5, '2015-05-13 21:32:58'),
(888, 681, 4, 10, '2015-09-05 10:35:21'),
(889, 76, 3, 1, '2014-09-24 12:59:48'),
(890, 612, 7, 6, '2015-11-01 14:35:45'),
(891, 359, 5, 6, '2014-09-27 13:24:16'),
(892, 14, 7, 1, '2015-11-26 16:56:38'),
(893, 301, 8, 9, '2014-07-21 17:30:25'),
(894, 315, 3, 5, '2015-04-05 10:53:45'),
(895, 224, 10, 4, '2015-01-09 18:21:40'),
(896, 121, 10, 3, '2015-03-08 21:30:19'),
(897, 646, 6, 9, '2015-02-13 20:12:10'),
(898, 293, 4, 8, '2014-02-10 21:51:12'),
(899, 151, 8, 1, '2014-04-24 12:33:11'),
(900, 415, 6, 8, '2015-12-07 13:15:23'),
(901, 163, 2, 7, '2014-12-20 17:16:55'),
(902, 2, 11, 2, '2015-06-04 20:26:59'),
(903, 89, 5, 3, '2014-04-25 10:14:41'),
(904, 87, 2, 8, '2014-10-21 21:19:19'),
(905, 288, 5, 10, '2015-09-12 09:10:19'),
(906, 521, 12, 4, '2014-03-24 10:11:14'),
(907, 216, 7, 3, '2015-09-12 20:50:15'),
(908, 431, 7, 5, '2015-08-27 15:38:40'),
(909, 35, 7, 6, '2014-04-11 12:37:36'),
(910, 620, 12, 1, '2015-04-24 14:35:49'),
(911, 598, 11, 2, '2014-02-26 21:58:12'),
(912, 491, 8, 1, '2015-04-23 15:20:40'),
(913, 476, 8, 9, '2015-01-17 22:10:40'),
(914, 507, 3, 1, '2014-09-19 20:37:41'),
(915, 392, 4, 6, '2014-12-05 22:26:53'),
(916, 360, 12, 9, '2015-03-10 16:35:42'),
(917, 664, 1, 1, '2014-08-26 13:20:51'),
(918, 350, 5, 5, '2015-08-25 13:34:33'),
(919, 277, 8, 2, '2014-11-23 11:40:23'),
(920, 659, 10, 10, '2014-11-07 15:50:47'),
(921, 658, 8, 7, '2014-05-04 10:28:49'),
(922, 149, 9, 5, '2014-12-27 15:17:57'),
(923, 382, 5, 7, '2015-10-25 18:40:15'),
(924, 339, 5, 9, '2015-01-27 14:41:55'),
(925, 303, 2, 5, '2014-05-09 19:56:13'),
(926, 676, 1, 10, '2014-01-09 12:15:16'),
(927, 393, 5, 8, '2015-02-14 11:12:19'),
(928, 398, 10, 8, '2015-11-09 17:24:55'),
(929, 241, 2, 7, '2015-03-23 17:47:56'),
(930, 667, 5, 10, '2015-09-26 09:25:38'),
(931, 190, 7, 6, '2015-04-16 15:16:56'),
(932, 252, 7, 10, '2015-07-17 13:57:59'),
(933, 80, 8, 6, '2015-07-15 20:54:46'),
(934, 517, 11, 8, '2015-12-04 17:57:46'),
(935, 617, 10, 7, '2015-04-14 13:25:20'),
(936, 114, 9, 6, '2014-11-20 19:13:46'),
(937, 510, 4, 7, '2014-01-23 12:47:48'),
(938, 172, 12, 3, '2014-07-24 18:30:57'),
(939, 695, 3, 8, '2014-06-04 09:44:31'),
(940, 653, 5, 6, '2015-01-17 17:56:52'),
(941, 541, 9, 9, '2015-06-16 09:31:30'),
(942, 106, 9, 8, '2014-10-20 10:14:28'),
(943, 8, 11, 5, '2015-04-09 10:49:57'),
(944, 598, 7, 2, '2015-12-16 21:43:21'),
(945, 273, 7, 1, '2015-01-24 19:57:49'),
(946, 239, 1, 3, '2015-10-06 18:22:26'),
(947, 131, 8, 7, '2015-06-21 16:29:31'),
(948, 82, 1, 1, '2015-05-27 15:51:34'),
(949, 467, 7, 4, '2015-01-16 21:20:52'),
(950, 147, 11, 4, '2014-11-05 11:33:27'),
(951, 181, 6, 6, '2015-11-08 22:28:13'),
(952, 500, 12, 1, '2015-08-16 17:34:13'),
(953, 345, 3, 7, '2015-03-22 11:27:38'),
(954, 292, 12, 1, '2014-12-08 22:15:12'),
(955, 691, 11, 4, '2015-04-22 19:18:58'),
(956, 287, 1, 4, '2015-06-04 10:34:43'),
(957, 609, 1, 10, '2014-03-14 15:45:40'),
(958, 288, 6, 3, '2015-01-18 11:43:59'),
(959, 154, 3, 3, '2014-02-16 20:11:23'),
(960, 311, 2, 10, '2015-07-23 10:33:54'),
(961, 574, 9, 6, '2015-12-15 16:13:26'),
(962, 396, 1, 10, '2015-06-23 18:32:15'),
(963, 549, 5, 4, '2015-09-27 17:51:11'),
(964, 68, 11, 6, '2014-06-26 10:41:45'),
(965, 666, 4, 9, '2015-08-04 18:14:47'),
(966, 556, 4, 1, '2014-01-09 14:28:34'),
(967, 647, 2, 7, '2014-09-14 21:43:42'),
(968, 170, 5, 2, '2015-01-02 13:23:10'),
(969, 186, 11, 1, '2015-09-01 11:20:35'),
(970, 72, 7, 2, '2014-11-18 15:23:38'),
(971, 23, 12, 1, '2015-02-05 17:17:55'),
(972, 336, 11, 4, '2014-08-24 11:25:34'),
(973, 547, 3, 9, '2015-03-22 21:22:48'),
(974, 297, 12, 5, '2014-09-14 12:49:25'),
(975, 426, 8, 3, '2014-12-11 18:48:12'),
(976, 179, 1, 10, '2014-10-11 15:29:10'),
(977, 214, 5, 5, '2014-08-23 15:20:55'),
(978, 513, 3, 2, '2014-05-16 13:26:21'),
(979, 599, 6, 8, '2014-12-23 22:30:58'),
(980, 283, 10, 4, '2015-06-21 14:17:45'),
(981, 67, 2, 10, '2014-03-06 21:41:21'),
(982, 305, 8, 4, '2015-08-11 09:22:16'),
(983, 414, 2, 5, '2014-01-16 10:12:52'),
(984, 268, 12, 3, '2015-04-24 09:53:47'),
(985, 467, 2, 3, '2014-07-04 17:54:36'),
(986, 677, 8, 10, '2015-10-26 16:22:17'),
(987, 402, 11, 4, '2015-03-18 15:46:18'),
(988, 187, 2, 4, '2014-12-05 17:46:20'),
(989, 381, 10, 8, '2015-03-03 15:54:40'),
(990, 334, 12, 6, '2015-08-11 16:57:37'),
(991, 601, 8, 3, '2015-02-26 17:35:44'),
(992, 40, 3, 3, '2014-12-22 11:57:29'),
(993, 72, 1, 5, '2014-04-16 13:41:52'),
(994, 276, 7, 4, '2014-12-06 13:13:23'),
(995, 223, 10, 6, '2014-04-13 11:45:33'),
(996, 21, 2, 1, '2014-10-12 12:47:57'),
(997, 410, 7, 2, '2015-04-13 18:35:13'),
(998, 535, 10, 1, '2014-07-02 09:17:19'),
(999, 391, 6, 1, '2015-10-19 16:41:55'),
(1000, 118, 3, 5, '2015-09-19 17:28:27'),
(1001, 44, 8, 9, '2014-07-17 14:16:49'),
(1002, 343, 1, 1, '2014-12-07 18:58:25'),
(1003, 483, 5, 6, '2015-09-12 13:51:22'),
(1004, 185, 5, 6, '2015-01-20 17:50:51'),
(1005, 558, 8, 8, '2014-07-12 19:29:29'),
(1006, 580, 5, 4, '2015-09-24 11:40:29'),
(1007, 102, 6, 3, '2015-05-09 09:37:51'),
(1008, 285, 9, 1, '2014-03-21 19:39:21'),
(1009, 66, 12, 3, '2014-07-25 14:48:12'),
(1010, 356, 10, 7, '2014-10-21 11:42:57'),
(1011, 248, 8, 4, '2014-05-09 20:40:36'),
(1012, 489, 7, 9, '2014-02-26 20:12:14'),
(1013, 261, 6, 9, '2015-05-25 17:26:27'),
(1014, 169, 4, 8, '2014-11-07 20:15:31'),
(1015, 370, 7, 1, '2015-01-16 10:52:40'),
(1016, 462, 4, 7, '2015-04-06 13:40:49'),
(1017, 166, 10, 2, '2015-03-25 17:39:43'),
(1018, 327, 2, 5, '2014-06-20 20:27:46'),
(1019, 324, 2, 6, '2014-03-13 15:46:33'),
(1020, 530, 1, 6, '2015-01-08 15:12:33'),
(1021, 59, 1, 7, '2014-04-21 12:27:43'),
(1022, 159, 2, 2, '2015-11-13 11:32:40'),
(1023, 76, 11, 9, '2015-02-09 19:17:52'),
(1024, 277, 3, 7, '2015-09-18 19:49:31'),
(1025, 631, 3, 9, '2015-12-16 10:57:57'),
(1026, 455, 7, 1, '2015-12-01 22:40:15'),
(1027, 269, 3, 2, '2014-09-09 20:48:23'),
(1028, 655, 8, 4, '2015-11-15 20:36:27'),
(1029, 503, 4, 5, '2015-05-09 19:45:20'),
(1030, 189, 8, 1, '2015-08-22 09:15:16'),
(1031, 241, 1, 9, '2015-07-04 14:46:29'),
(1032, 204, 10, 1, '2015-02-15 10:14:14'),
(1033, 576, 5, 7, '2014-09-15 17:46:19'),
(1034, 338, 3, 10, '2015-09-18 09:42:15'),
(1035, 332, 2, 9, '2014-02-02 11:51:12'),
(1036, 254, 10, 4, '2014-03-22 17:56:56'),
(1037, 117, 9, 8, '2014-10-07 15:43:52'),
(1038, 584, 12, 1, '2015-10-02 13:57:17'),
(1039, 377, 8, 1, '2014-08-12 20:42:45'),
(1040, 225, 3, 9, '2014-01-18 19:41:19'),
(1041, 389, 3, 2, '2015-05-15 09:17:31'),
(1042, 648, 12, 6, '2015-12-11 15:30:22'),
(1043, 247, 8, 4, '2014-07-02 21:33:18'),
(1044, 646, 6, 10, '2015-05-27 18:14:38'),
(1045, 485, 2, 9, '2014-07-20 16:47:53'),
(1046, 346, 10, 6, '2014-08-27 20:48:17'),
(1047, 686, 2, 7, '2015-09-02 13:17:27'),
(1048, 607, 11, 4, '2015-07-22 21:55:40'),
(1049, 669, 8, 5, '2014-12-17 11:59:14'),
(1050, 692, 9, 1, '2014-01-05 22:22:28'),
(1051, 336, 10, 3, '2015-11-27 18:29:12'),
(1052, 660, 6, 3, '2014-10-16 21:44:53'),
(1053, 93, 4, 5, '2014-02-24 22:49:31'),
(1054, 22, 3, 6, '2015-04-24 09:37:51'),
(1055, 464, 9, 9, '2014-05-09 18:15:44'),
(1056, 437, 8, 2, '2015-03-23 21:29:36'),
(1057, 459, 4, 2, '2015-12-25 18:41:31'),
(1058, 617, 5, 8, '2014-05-15 15:30:23'),
(1059, 450, 11, 1, '2015-12-09 20:30:12'),
(1060, 400, 4, 3, '2014-04-20 11:27:46'),
(1061, 47, 8, 6, '2015-01-08 18:48:11'),
(1062, 54, 8, 6, '2015-06-11 10:47:20'),
(1063, 316, 9, 2, '2014-09-21 12:23:48'),
(1064, 646, 9, 5, '2015-08-16 15:57:27'),
(1065, 67, 8, 8, '2015-04-19 19:29:27'),
(1066, 110, 9, 2, '2014-11-01 15:57:25'),
(1067, 105, 11, 8, '2014-07-04 09:24:50'),
(1068, 198, 7, 6, '2014-04-23 21:38:35'),
(1069, 525, 5, 3, '2015-04-20 14:26:23'),
(1070, 216, 5, 4, '2015-04-06 21:12:18'),
(1071, 495, 7, 3, '2014-08-15 09:54:32'),
(1072, 55, 12, 10, '2014-03-07 14:27:12'),
(1073, 547, 2, 7, '2015-04-01 11:27:35'),
(1074, 489, 12, 6, '2015-11-25 10:44:29'),
(1075, 343, 9, 6, '2014-08-22 11:15:58'),
(1076, 305, 9, 3, '2015-02-14 10:54:31'),
(1077, 131, 7, 5, '2014-01-11 12:17:52'),
(1078, 685, 8, 4, '2015-03-02 12:22:15'),
(1079, 166, 3, 5, '2015-10-10 13:35:33'),
(1080, 587, 1, 8, '2014-01-02 17:44:13'),
(1081, 40, 7, 5, '2015-01-27 17:14:13'),
(1082, 75, 5, 8, '2014-11-16 20:15:56'),
(1083, 99, 10, 3, '2014-01-26 22:47:42'),
(1084, 273, 8, 2, '2014-06-13 13:11:56'),
(1085, 201, 10, 4, '2015-02-20 18:59:38'),
(1086, 224, 8, 4, '2014-04-12 20:56:20'),
(1087, 141, 10, 9, '2015-11-15 11:54:36'),
(1088, 570, 5, 10, '2014-09-20 17:11:30'),
(1089, 108, 2, 7, '2014-07-05 17:15:38'),
(1090, 694, 10, 3, '2014-09-17 12:20:34'),
(1091, 362, 11, 8, '2015-05-11 13:41:39'),
(1092, 90, 3, 5, '2015-10-05 21:58:26'),
(1093, 23, 11, 6, '2015-10-20 11:28:13'),
(1094, 328, 12, 2, '2014-03-08 15:20:38'),
(1095, 578, 8, 8, '2015-11-19 19:15:14'),
(1096, 368, 11, 7, '2014-03-20 20:44:36'),
(1097, 227, 3, 3, '2015-07-18 17:14:56'),
(1098, 37, 9, 8, '2015-09-04 17:29:35'),
(1099, 62, 1, 1, '2014-10-21 17:10:49'),
(1100, 650, 8, 9, '2014-06-16 14:25:26'),
(1101, 426, 8, 9, '2014-09-18 19:32:19'),
(1102, 8, 8, 4, '2015-11-06 19:59:42'),
(1103, 337, 3, 8, '2015-09-24 15:30:19'),
(1104, 171, 6, 10, '2014-10-19 12:59:10'),
(1105, 696, 9, 8, '2015-08-16 15:29:36'),
(1106, 431, 3, 4, '2014-05-13 14:12:35'),
(1107, 645, 4, 1, '2015-09-09 13:48:43'),
(1108, 582, 12, 1, '2015-10-20 21:53:36'),
(1109, 238, 12, 1, '2015-11-07 13:19:56'),
(1110, 294, 4, 1, '2015-12-01 11:32:23'),
(1111, 402, 6, 1, '2015-02-20 11:19:26'),
(1112, 546, 10, 1, '2014-07-23 12:14:18'),
(1113, 287, 2, 5, '2015-08-25 16:35:20'),
(1114, 656, 3, 3, '2014-07-05 15:12:24'),
(1115, 676, 7, 3, '2014-07-03 17:11:15'),
(1116, 394, 4, 6, '2014-03-01 14:48:12'),
(1117, 375, 1, 7, '2015-10-23 10:50:30'),
(1118, 25, 2, 4, '2014-03-11 14:16:32'),
(1119, 631, 10, 10, '2014-09-26 11:16:36'),
(1120, 398, 6, 7, '2014-11-13 12:17:48'),
(1121, 618, 11, 7, '2015-10-13 15:58:49'),
(1122, 598, 6, 1, '2015-08-09 15:35:14'),
(1123, 518, 9, 7, '2015-07-07 19:15:50'),
(1124, 44, 4, 10, '2015-06-12 13:31:22'),
(1125, 418, 4, 3, '2014-02-27 17:39:54'),
(1126, 312, 2, 3, '2015-09-25 13:49:20'),
(1127, 445, 7, 9, '2015-10-06 16:11:36'),
(1128, 144, 1, 7, '2014-12-18 17:52:20'),
(1129, 130, 5, 5, '2015-11-07 16:37:49'),
(1130, 668, 1, 6, '2015-08-09 10:36:25'),
(1131, 348, 11, 2, '2014-09-26 16:48:28'),
(1132, 180, 12, 9, '2014-02-23 22:41:34'),
(1133, 503, 8, 8, '2014-10-05 20:28:37'),
(1134, 78, 4, 4, '2015-04-25 12:28:57'),
(1135, 61, 4, 10, '2014-12-17 21:48:47'),
(1136, 600, 11, 5, '2014-08-27 12:45:30'),
(1137, 1, 12, 3, '2015-03-24 16:51:22'),
(1138, 114, 11, 8, '2014-03-19 11:54:34'),
(1139, 16, 8, 10, '2014-10-18 12:26:26'),
(1140, 518, 5, 1, '2014-01-15 19:15:58'),
(1141, 71, 10, 9, '2015-06-01 14:57:51'),
(1142, 196, 11, 6, '2015-07-04 16:29:31'),
(1143, 294, 2, 6, '2015-04-11 12:34:27'),
(1144, 247, 6, 7, '2015-08-27 09:35:47'),
(1145, 494, 11, 9, '2015-10-15 17:55:29'),
(1146, 271, 3, 9, '2015-10-07 20:55:48'),
(1147, 207, 7, 10, '2015-10-10 11:53:48'),
(1148, 557, 10, 4, '2014-07-25 09:39:11'),
(1149, 589, 9, 4, '2014-04-18 13:49:42'),
(1150, 56, 11, 7, '2015-01-18 13:53:39'),
(1151, 474, 1, 8, '2014-02-11 14:49:18'),
(1152, 570, 7, 7, '2014-09-13 21:43:26'),
(1153, 30, 5, 5, '2014-09-12 16:55:54'),
(1154, 205, 3, 5, '2015-07-05 11:41:36'),
(1155, 357, 11, 7, '2015-12-05 10:15:28'),
(1156, 274, 12, 7, '2014-05-21 11:32:43'),
(1157, 681, 11, 5, '2014-12-25 14:39:23'),
(1158, 392, 4, 9, '2015-11-04 22:58:19'),
(1159, 46, 2, 10, '2015-01-15 13:10:58'),
(1160, 424, 4, 9, '2014-02-19 10:11:12'),
(1161, 699, 1, 1, '2014-04-08 20:13:17'),
(1162, 472, 9, 10, '2015-12-03 13:14:29'),
(1163, 502, 2, 4, '2014-10-24 16:42:28'),
(1164, 75, 12, 3, '2015-03-12 22:19:24'),
(1165, 106, 6, 9, '2014-06-27 17:35:41'),
(1166, 635, 3, 6, '2014-01-03 22:47:14'),
(1167, 695, 5, 7, '2015-04-14 11:50:10'),
(1168, 679, 5, 6, '2014-11-26 15:14:43'),
(1169, 588, 7, 2, '2015-07-18 12:10:59'),
(1170, 574, 4, 5, '2015-11-15 19:17:33'),
(1171, 84, 9, 1, '2015-03-02 16:11:10'),
(1172, 460, 2, 3, '2015-03-25 18:15:13'),
(1173, 37, 4, 5, '2014-08-01 12:30:38'),
(1174, 147, 6, 1, '2014-08-24 13:22:38'),
(1175, 329, 12, 4, '2015-01-14 12:36:46'),
(1176, 620, 1, 8, '2015-12-23 20:31:14'),
(1177, 610, 4, 10, '2015-03-16 18:26:52'),
(1178, 68, 7, 2, '2015-03-11 15:12:44'),
(1179, 477, 1, 8, '2014-06-03 17:22:10'),
(1180, 253, 1, 9, '2014-03-06 21:43:35'),
(1181, 225, 11, 9, '2015-06-24 16:20:20'),
(1182, 693, 4, 3, '2015-07-25 20:12:49'),
(1183, 90, 6, 7, '2014-06-16 14:28:56'),
(1184, 645, 8, 1, '2014-04-15 14:52:16'),
(1185, 23, 2, 8, '2015-07-07 18:34:53'),
(1186, 219, 12, 7, '2015-01-23 22:24:34'),
(1187, 540, 9, 9, '2014-03-05 11:21:47'),
(1188, 81, 11, 8, '2014-06-16 10:17:21'),
(1189, 12, 1, 8, '2014-04-04 10:53:25'),
(1190, 636, 7, 9, '2014-08-14 13:44:47'),
(1191, 62, 9, 9, '2014-12-26 19:30:48'),
(1192, 182, 1, 3, '2015-05-23 10:56:58'),
(1193, 146, 1, 4, '2015-01-23 18:30:20'),
(1194, 587, 12, 6, '2015-12-13 11:48:59'),
(1195, 320, 12, 6, '2015-10-02 20:24:51'),
(1196, 399, 11, 8, '2014-03-10 15:40:50'),
(1197, 268, 5, 10, '2015-09-24 21:53:44'),
(1198, 629, 7, 8, '2015-03-13 19:26:16'),
(1199, 57, 11, 1, '2014-02-25 14:13:48'),
(1200, 44, 6, 7, '2015-02-09 10:36:49'),
(1201, 643, 10, 2, '2015-04-20 21:41:53'),
(1202, 163, 9, 7, '2014-05-08 15:26:33'),
(1203, 390, 11, 9, '2014-04-01 12:49:42'),
(1204, 128, 11, 8, '2015-03-19 22:33:37'),
(1205, 221, 11, 9, '2015-11-03 21:24:24'),
(1206, 464, 11, 2, '2014-08-04 18:21:21'),
(1207, 297, 12, 3, '2014-04-20 14:36:43'),
(1208, 623, 8, 9, '2014-11-08 13:10:26'),
(1209, 662, 3, 5, '2014-06-14 15:36:56'),
(1210, 635, 5, 2, '2015-03-04 21:52:16'),
(1211, 226, 5, 9, '2014-07-25 12:50:22'),
(1212, 155, 6, 3, '2015-11-01 17:26:48'),
(1213, 695, 3, 6, '2015-02-02 19:41:30'),
(1214, 665, 9, 2, '2015-07-20 13:13:51'),
(1215, 367, 6, 10, '2015-06-22 09:44:40'),
(1216, 477, 2, 3, '2015-06-04 10:44:55'),
(1217, 576, 8, 4, '2015-05-12 14:21:11'),
(1218, 668, 10, 5, '2015-11-24 14:20:42'),
(1219, 646, 5, 3, '2015-07-07 15:42:21'),
(1220, 584, 8, 4, '2015-03-17 21:40:47'),
(1221, 90, 10, 2, '2014-03-17 22:18:34'),
(1222, 523, 7, 8, '2015-10-05 11:40:41'),
(1223, 395, 3, 5, '2014-08-14 21:11:14'),
(1224, 691, 2, 2, '2015-02-02 19:25:58'),
(1225, 119, 7, 8, '2014-07-14 13:54:44'),
(1226, 187, 6, 10, '2014-08-02 14:44:39'),
(1227, 523, 3, 2, '2015-05-13 16:14:58'),
(1228, 541, 3, 1, '2014-04-13 11:22:22'),
(1229, 644, 3, 1, '2015-03-06 11:15:17'),
(1230, 128, 10, 5, '2014-11-05 10:43:20'),
(1231, 478, 6, 5, '2015-05-15 11:20:40'),
(1232, 311, 5, 3, '2014-10-12 15:23:54'),
(1233, 177, 9, 4, '2015-08-14 19:28:49'),
(1234, 590, 6, 8, '2015-12-11 10:59:32'),
(1235, 25, 7, 9, '2015-09-03 14:18:36'),
(1236, 475, 1, 4, '2014-03-13 18:40:21'),
(1237, 663, 10, 9, '2014-02-18 18:43:46'),
(1238, 535, 11, 10, '2015-05-16 21:51:49'),
(1239, 181, 10, 4, '2014-06-25 17:52:32'),
(1240, 224, 6, 7, '2015-06-05 12:34:46'),
(1241, 314, 3, 5, '2015-04-12 09:31:13'),
(1242, 492, 5, 2, '2015-01-27 12:54:26'),
(1243, 636, 4, 6, '2015-01-11 22:21:35'),
(1244, 197, 4, 9, '2015-03-13 11:51:57'),
(1245, 264, 12, 1, '2014-12-03 13:30:33'),
(1246, 264, 2, 3, '2014-07-09 15:24:26'),
(1247, 437, 1, 7, '2015-09-04 12:24:36'),
(1248, 32, 3, 6, '2014-02-01 22:33:32'),
(1249, 499, 1, 2, '2015-11-04 20:35:19'),
(1250, 524, 3, 2, '2014-01-25 22:56:14'),
(1251, 119, 1, 2, '2015-01-24 21:27:16'),
(1252, 467, 12, 4, '2014-06-01 16:58:34'),
(1253, 552, 9, 2, '2015-03-16 20:14:21'),
(1254, 418, 4, 8, '2015-08-06 09:16:58'),
(1255, 546, 6, 4, '2015-04-01 10:10:30'),
(1256, 130, 9, 2, '2015-12-01 18:13:11'),
(1257, 695, 9, 6, '2014-06-03 18:53:55'),
(1258, 506, 12, 6, '2015-01-11 12:13:51'),
(1259, 539, 7, 3, '2014-07-12 10:18:57'),
(1260, 280, 1, 10, '2015-07-24 14:11:43'),
(1261, 396, 4, 1, '2014-08-23 20:48:13'),
(1262, 528, 2, 1, '2014-11-16 19:46:30'),
(1263, 422, 2, 1, '2015-05-20 10:34:44'),
(1264, 247, 7, 6, '2014-01-15 21:21:16'),
(1265, 230, 12, 6, '2014-05-10 21:27:59'),
(1266, 361, 4, 2, '2014-09-26 19:55:20'),
(1267, 154, 4, 9, '2015-10-04 14:50:17'),
(1268, 224, 12, 6, '2015-01-23 19:34:54'),
(1269, 570, 2, 8, '2014-05-25 13:33:19'),
(1270, 275, 10, 5, '2015-04-03 09:23:10');
INSERT INTO `interaction` (`Inter_ID`, `User_ID`, `Exhibit_ID`, `rating`, `Inter_Time`) VALUES
(1271, 60, 2, 5, '2015-06-06 21:45:13'),
(1272, 193, 11, 10, '2015-04-19 10:25:12'),
(1273, 330, 3, 3, '2014-12-19 22:26:26'),
(1274, 159, 2, 1, '2015-06-15 14:36:38'),
(1275, 185, 5, 1, '2015-08-04 11:53:36'),
(1276, 474, 8, 9, '2015-06-27 14:18:24'),
(1277, 452, 11, 1, '2015-06-22 17:26:12'),
(1278, 409, 2, 1, '2015-01-03 13:25:33'),
(1279, 679, 3, 2, '2014-12-03 18:58:17'),
(1280, 571, 9, 2, '2014-01-01 13:47:43'),
(1281, 280, 11, 1, '2014-08-21 12:17:48'),
(1282, 251, 3, 7, '2015-02-24 13:44:30'),
(1283, 8, 12, 1, '2014-10-14 11:28:40'),
(1284, 258, 7, 1, '2014-09-20 09:31:58'),
(1285, 526, 11, 8, '2015-02-27 13:35:49'),
(1286, 149, 6, 7, '2014-06-22 11:46:59'),
(1287, 363, 4, 6, '2014-01-01 18:21:39'),
(1288, 542, 5, 2, '2014-11-23 21:34:58'),
(1289, 572, 2, 1, '2014-09-11 12:26:36'),
(1290, 462, 9, 7, '2014-03-21 22:23:54'),
(1291, 359, 6, 5, '2015-04-03 17:31:32'),
(1292, 176, 4, 7, '2014-12-09 11:32:12'),
(1293, 669, 5, 8, '2015-04-02 11:18:30'),
(1294, 407, 12, 6, '2014-09-25 17:39:57'),
(1295, 344, 7, 1, '2014-11-24 13:23:29'),
(1296, 66, 10, 9, '2014-10-02 12:54:42'),
(1297, 322, 11, 8, '2015-07-11 17:46:44'),
(1298, 297, 6, 9, '2014-12-19 19:19:53'),
(1299, 668, 6, 2, '2014-07-20 19:21:54'),
(1300, 195, 12, 5, '2015-10-09 15:55:30'),
(1301, 615, 3, 4, '2014-12-10 12:54:29'),
(1302, 672, 11, 5, '2014-05-20 19:33:15'),
(1303, 119, 7, 4, '2015-04-12 13:18:39'),
(1304, 449, 11, 1, '2015-01-23 21:17:27'),
(1305, 90, 9, 7, '2015-11-17 20:30:25'),
(1306, 340, 12, 7, '2014-05-24 20:18:55'),
(1307, 173, 4, 6, '2014-12-16 22:31:58'),
(1308, 202, 6, 2, '2015-01-02 11:11:50'),
(1309, 603, 7, 5, '2014-09-18 20:51:29'),
(1310, 260, 11, 10, '2014-06-11 17:11:17'),
(1311, 15, 11, 8, '2015-10-24 09:34:17'),
(1312, 401, 3, 6, '2015-09-03 10:54:24'),
(1313, 457, 8, 4, '2014-05-03 17:37:10'),
(1314, 30, 8, 8, '2015-07-14 14:44:30'),
(1315, 156, 6, 6, '2015-04-25 12:22:32'),
(1316, 218, 1, 8, '2015-12-23 17:10:41'),
(1317, 492, 11, 8, '2014-03-22 19:43:42'),
(1318, 242, 5, 1, '2015-08-02 17:57:27'),
(1319, 485, 1, 3, '2014-06-09 16:25:29'),
(1320, 106, 6, 10, '2014-11-05 12:17:37'),
(1321, 480, 2, 6, '2015-09-23 18:58:49'),
(1322, 450, 2, 10, '2015-09-08 14:52:49'),
(1323, 391, 6, 5, '2015-12-14 15:25:58'),
(1324, 9, 10, 9, '2014-11-02 15:23:15'),
(1325, 126, 5, 6, '2015-12-18 16:13:31'),
(1326, 564, 9, 7, '2014-07-17 10:54:33'),
(1327, 413, 12, 2, '2015-07-19 18:26:30'),
(1328, 90, 8, 6, '2014-05-16 16:48:25'),
(1329, 414, 10, 5, '2015-08-15 14:38:24'),
(1330, 218, 9, 5, '2014-11-08 13:20:47'),
(1331, 431, 1, 1, '2015-03-13 17:37:46'),
(1332, 452, 4, 10, '2014-05-22 16:36:33'),
(1333, 86, 12, 9, '2015-04-22 14:12:27'),
(1334, 335, 8, 1, '2015-05-12 11:45:19'),
(1335, 695, 2, 2, '2014-01-10 22:10:54'),
(1336, 435, 2, 5, '2015-06-14 16:31:21'),
(1337, 298, 12, 6, '2015-01-14 13:57:30'),
(1338, 631, 12, 3, '2014-03-01 10:52:44'),
(1339, 591, 5, 3, '2014-01-14 11:54:35'),
(1340, 2, 2, 5, '2014-12-19 18:43:22'),
(1341, 652, 9, 5, '2015-10-04 19:28:59'),
(1342, 270, 8, 10, '2015-11-02 14:41:14'),
(1343, 463, 2, 7, '2014-11-27 13:27:24'),
(1344, 692, 1, 2, '2014-09-22 10:57:44'),
(1345, 371, 11, 10, '2014-10-14 21:23:28'),
(1346, 147, 1, 1, '2015-07-09 21:27:36'),
(1347, 540, 8, 8, '2014-12-18 19:55:54'),
(1348, 158, 1, 2, '2015-09-11 12:38:38'),
(1349, 341, 6, 10, '2015-02-15 10:38:59'),
(1350, 424, 12, 3, '2015-05-17 20:49:14'),
(1351, 34, 11, 7, '2015-03-02 19:38:16'),
(1352, 491, 8, 2, '2014-01-21 20:21:44'),
(1353, 34, 1, 8, '2015-10-03 11:27:12'),
(1354, 529, 10, 1, '2014-04-08 11:33:40'),
(1355, 179, 2, 4, '2015-06-07 19:45:40'),
(1356, 72, 4, 5, '2014-07-19 14:23:55'),
(1357, 588, 5, 1, '2015-02-22 16:24:51'),
(1358, 641, 7, 5, '2014-06-07 11:50:52'),
(1359, 90, 10, 6, '2015-07-20 19:25:32'),
(1360, 324, 3, 8, '2014-03-09 11:39:51'),
(1361, 324, 10, 5, '2014-01-24 16:36:35'),
(1362, 672, 3, 1, '2014-09-21 10:52:50'),
(1363, 304, 2, 4, '2015-08-17 12:28:46'),
(1364, 516, 5, 5, '2014-08-11 14:53:24'),
(1365, 226, 9, 9, '2015-11-19 14:14:48'),
(1366, 320, 8, 2, '2014-02-01 22:10:37'),
(1367, 330, 3, 5, '2014-12-06 13:18:28'),
(1368, 336, 4, 2, '2015-01-01 15:57:26'),
(1369, 526, 8, 7, '2014-02-11 17:55:46'),
(1370, 500, 5, 4, '2014-03-15 19:43:45'),
(1371, 495, 9, 2, '2014-10-25 16:37:20'),
(1372, 400, 11, 4, '2014-11-27 14:20:32'),
(1373, 368, 12, 8, '2015-03-04 10:31:33'),
(1374, 191, 8, 2, '2015-02-22 16:38:24'),
(1375, 512, 12, 3, '2014-08-17 20:24:23'),
(1376, 170, 8, 1, '2015-09-07 16:50:43'),
(1377, 619, 11, 8, '2014-02-23 13:40:40'),
(1378, 595, 3, 1, '2015-02-12 12:55:54'),
(1379, 551, 1, 2, '2015-06-26 09:51:37'),
(1380, 478, 7, 4, '2014-06-10 14:26:30'),
(1381, 257, 3, 8, '2014-03-08 21:52:55'),
(1382, 341, 1, 8, '2015-11-19 11:40:40'),
(1383, 17, 8, 7, '2014-01-25 22:43:56'),
(1384, 477, 12, 7, '2015-04-05 11:38:45'),
(1385, 426, 6, 9, '2015-07-18 17:16:18'),
(1386, 341, 1, 10, '2014-11-03 14:30:20'),
(1387, 448, 2, 1, '2014-08-03 10:40:10'),
(1388, 56, 5, 8, '2014-05-07 11:39:13'),
(1389, 379, 9, 3, '2014-04-10 09:52:26'),
(1390, 130, 7, 8, '2015-03-05 10:35:25'),
(1391, 641, 5, 5, '2014-01-09 11:57:24'),
(1392, 239, 9, 6, '2014-03-21 21:48:22'),
(1393, 466, 5, 9, '2014-09-11 16:22:32'),
(1394, 252, 11, 8, '2015-12-05 12:59:12'),
(1395, 655, 12, 6, '2015-12-25 14:26:14'),
(1396, 70, 10, 3, '2014-05-26 12:19:50'),
(1397, 604, 7, 10, '2015-11-10 12:51:18'),
(1398, 458, 10, 10, '2014-05-09 12:32:43'),
(1399, 537, 10, 7, '2014-10-09 14:44:19'),
(1400, 383, 2, 1, '2014-04-24 12:57:31'),
(1401, 95, 1, 9, '2015-01-11 20:15:17'),
(1402, 487, 4, 4, '2014-06-21 09:35:41'),
(1403, 250, 3, 7, '2015-09-22 11:19:16'),
(1404, 231, 6, 10, '2015-10-14 21:35:27'),
(1405, 311, 1, 3, '2014-10-26 22:59:50'),
(1406, 86, 4, 8, '2014-01-24 12:58:18'),
(1407, 138, 1, 10, '2014-09-26 21:31:57'),
(1408, 672, 2, 6, '2014-05-17 12:46:30'),
(1409, 100, 6, 8, '2015-02-25 15:42:35'),
(1410, 402, 8, 9, '2015-06-09 11:52:12'),
(1411, 537, 5, 4, '2015-06-17 12:24:30'),
(1412, 83, 9, 5, '2015-04-19 11:13:59'),
(1413, 354, 3, 8, '2015-02-06 11:34:35'),
(1414, 685, 7, 4, '2014-09-17 15:30:16'),
(1415, 205, 5, 2, '2015-03-05 10:22:33'),
(1416, 464, 8, 1, '2015-12-13 19:56:59'),
(1417, 200, 11, 4, '2015-01-22 16:13:23'),
(1418, 253, 8, 4, '2014-06-24 20:13:57'),
(1419, 146, 7, 3, '2014-08-02 21:42:25'),
(1420, 61, 3, 5, '2015-09-27 21:55:41'),
(1421, 86, 8, 4, '2014-01-05 17:33:43'),
(1422, 620, 12, 4, '2015-12-07 15:35:10'),
(1423, 327, 5, 6, '2015-01-17 18:36:24'),
(1424, 137, 1, 6, '2014-05-21 19:17:33'),
(1425, 279, 8, 10, '2014-10-02 12:48:11'),
(1426, 412, 3, 6, '2014-08-27 15:53:12'),
(1427, 614, 7, 8, '2015-05-08 13:29:43'),
(1428, 542, 1, 5, '2014-01-15 18:40:16'),
(1429, 332, 10, 9, '2014-07-10 16:40:19'),
(1430, 222, 8, 1, '2015-03-06 11:15:51'),
(1431, 592, 3, 7, '2015-05-06 14:14:11'),
(1432, 494, 10, 6, '2014-07-26 09:25:50'),
(1433, 512, 11, 1, '2014-11-05 15:47:57'),
(1434, 413, 4, 3, '2015-12-10 18:40:18'),
(1435, 695, 7, 10, '2014-04-03 12:40:55'),
(1436, 220, 10, 3, '2014-08-16 14:40:18'),
(1437, 600, 7, 6, '2015-10-05 20:49:37'),
(1438, 532, 1, 6, '2014-02-20 17:38:15'),
(1439, 630, 5, 9, '2014-08-26 21:56:42'),
(1440, 422, 5, 7, '2015-02-01 18:36:21'),
(1441, 366, 7, 5, '2015-09-08 21:41:55'),
(1442, 33, 12, 7, '2015-08-01 17:17:30'),
(1443, 75, 4, 9, '2014-12-23 20:18:55'),
(1444, 352, 1, 8, '2015-11-21 12:14:43'),
(1445, 570, 5, 9, '2014-04-23 14:52:59'),
(1446, 185, 1, 1, '2015-07-08 18:48:56'),
(1447, 364, 10, 6, '2014-06-22 09:30:45'),
(1448, 435, 6, 3, '2015-06-16 16:13:29'),
(1449, 601, 3, 10, '2014-08-08 17:46:41'),
(1450, 192, 6, 8, '2014-11-12 13:14:14'),
(1451, 192, 4, 2, '2015-12-27 21:46:42'),
(1452, 388, 7, 10, '2014-03-20 22:46:51'),
(1453, 294, 2, 2, '2015-05-04 16:18:14'),
(1454, 83, 8, 6, '2014-03-09 22:29:47'),
(1455, 284, 5, 1, '2014-02-22 15:13:53'),
(1456, 560, 3, 6, '2015-09-12 09:46:16'),
(1457, 475, 3, 6, '2015-05-25 18:57:48'),
(1458, 101, 11, 5, '2015-10-15 12:29:59'),
(1459, 651, 12, 6, '2014-09-13 14:18:36'),
(1460, 332, 7, 10, '2014-04-24 20:47:32'),
(1461, 589, 9, 6, '2014-03-16 14:57:16'),
(1462, 491, 12, 9, '2015-10-19 19:43:42'),
(1463, 159, 5, 1, '2015-08-06 10:57:39'),
(1464, 551, 6, 10, '2015-01-14 13:14:42'),
(1465, 417, 1, 9, '2014-07-24 21:45:10'),
(1466, 480, 1, 4, '2015-12-27 12:17:45'),
(1467, 19, 6, 1, '2014-05-03 19:56:20'),
(1468, 481, 12, 7, '2014-10-04 20:11:31'),
(1469, 432, 11, 4, '2014-08-23 16:59:30'),
(1470, 464, 5, 7, '2015-07-14 13:54:10'),
(1471, 386, 7, 4, '2014-07-27 10:54:27'),
(1472, 684, 3, 10, '2014-07-02 18:59:26'),
(1473, 57, 10, 2, '2014-01-10 17:38:36'),
(1474, 326, 6, 8, '2014-11-03 16:52:17'),
(1475, 109, 7, 6, '2014-07-17 09:54:21'),
(1476, 209, 7, 4, '2015-07-16 09:11:11'),
(1477, 637, 6, 9, '2015-11-02 21:57:28'),
(1478, 569, 8, 4, '2014-05-15 13:21:26'),
(1479, 56, 3, 7, '2014-09-17 16:10:35'),
(1480, 527, 1, 6, '2015-12-05 22:11:11'),
(1481, 295, 6, 2, '2014-07-11 19:50:44'),
(1482, 16, 11, 7, '2015-03-07 11:40:15'),
(1483, 126, 1, 8, '2014-06-16 12:28:34'),
(1484, 99, 8, 3, '2014-06-07 15:14:14'),
(1485, 191, 1, 9, '2014-12-13 12:32:34'),
(1486, 434, 2, 10, '2014-03-07 10:24:13'),
(1487, 608, 7, 8, '2014-04-21 11:45:59'),
(1488, 121, 8, 4, '2015-08-03 17:36:55'),
(1489, 398, 7, 2, '2014-10-04 18:35:57'),
(1490, 416, 11, 10, '2015-06-14 14:10:13'),
(1491, 646, 10, 9, '2015-01-15 16:29:56'),
(1492, 561, 11, 10, '2014-09-18 12:49:12'),
(1493, 100, 12, 9, '2015-03-25 13:18:35'),
(1494, 546, 3, 3, '2015-12-18 11:48:10'),
(1495, 626, 9, 1, '2015-09-07 20:29:59'),
(1496, 623, 1, 9, '2015-01-12 11:24:39'),
(1497, 58, 5, 10, '2015-10-27 11:54:10'),
(1498, 425, 4, 6, '2015-10-16 15:20:40'),
(1499, 549, 3, 2, '2014-06-25 20:33:11'),
(1500, 213, 8, 5, '2014-04-04 11:17:50'),
(1501, 454, 12, 4, '2015-06-16 09:34:15'),
(1502, 239, 9, 2, '2015-07-22 09:35:11'),
(1503, 346, 12, 1, '2014-06-23 12:30:14'),
(1504, 513, 2, 3, '2014-05-18 13:40:44'),
(1505, 349, 11, 1, '2015-07-22 19:58:23'),
(1506, 551, 10, 3, '2015-04-27 12:47:11'),
(1507, 665, 1, 9, '2014-05-09 14:38:26'),
(1508, 230, 9, 10, '2014-03-09 15:11:16'),
(1509, 156, 9, 8, '2014-09-13 13:58:27'),
(1510, 276, 12, 10, '2015-07-27 21:14:27'),
(1511, 98, 4, 5, '2015-01-21 16:37:27'),
(1512, 380, 5, 6, '2014-04-05 19:31:17'),
(1513, 36, 12, 9, '2015-11-03 22:31:35'),
(1514, 148, 8, 9, '2014-05-19 10:45:37'),
(1515, 365, 11, 2, '2014-11-11 12:16:38'),
(1516, 369, 8, 1, '2015-07-05 11:31:31'),
(1517, 476, 2, 2, '2014-07-20 19:37:49'),
(1518, 437, 9, 9, '2015-07-15 21:56:11'),
(1519, 383, 5, 6, '2014-12-06 16:47:30'),
(1520, 268, 2, 2, '2015-09-18 19:51:46'),
(1521, 684, 10, 3, '2015-08-03 11:58:48'),
(1522, 311, 12, 4, '2014-03-24 13:21:35'),
(1523, 94, 1, 4, '2014-09-15 20:31:50'),
(1524, 172, 7, 3, '2015-02-11 19:14:53'),
(1525, 345, 12, 10, '2014-11-25 16:15:56'),
(1526, 222, 2, 6, '2014-07-04 12:28:33'),
(1527, 540, 11, 5, '2014-04-11 12:30:16'),
(1528, 366, 3, 2, '2014-10-25 12:56:53'),
(1529, 615, 10, 5, '2015-08-15 14:53:38'),
(1530, 101, 12, 7, '2014-11-18 20:27:46'),
(1531, 465, 10, 3, '2014-08-12 21:40:28'),
(1532, 96, 2, 2, '2015-05-20 15:38:22'),
(1533, 503, 11, 4, '2015-05-12 17:36:31'),
(1534, 29, 5, 9, '2014-05-19 11:34:19'),
(1535, 556, 4, 9, '2015-12-15 16:51:55'),
(1536, 406, 1, 10, '2014-10-27 10:43:59'),
(1537, 674, 1, 8, '2014-02-13 16:29:56'),
(1538, 298, 5, 8, '2014-06-14 14:27:45'),
(1539, 341, 2, 3, '2015-12-21 15:45:34'),
(1540, 220, 9, 8, '2015-01-26 19:11:40'),
(1541, 531, 11, 9, '2014-01-22 16:41:40'),
(1542, 130, 2, 9, '2015-05-23 10:43:23'),
(1543, 642, 12, 6, '2015-05-09 15:40:31'),
(1544, 270, 2, 6, '2015-10-23 13:41:15'),
(1545, 622, 1, 2, '2014-04-20 21:18:52'),
(1546, 376, 1, 10, '2015-11-04 18:35:10'),
(1547, 612, 4, 9, '2015-03-23 22:48:39'),
(1548, 107, 8, 5, '2015-06-02 13:23:46'),
(1549, 206, 3, 4, '2014-12-13 11:17:57'),
(1550, 205, 7, 10, '2015-01-26 22:18:50'),
(1551, 389, 7, 1, '2015-05-06 12:14:32'),
(1552, 29, 3, 6, '2014-09-10 12:16:39'),
(1553, 338, 1, 10, '2014-04-15 10:49:22'),
(1554, 580, 10, 4, '2015-05-18 19:26:32'),
(1555, 391, 2, 9, '2015-01-08 19:41:30'),
(1556, 98, 8, 8, '2015-05-04 20:11:12'),
(1557, 587, 9, 1, '2014-08-08 11:37:41'),
(1558, 336, 7, 10, '2015-01-24 14:27:53'),
(1559, 443, 11, 7, '2014-01-24 15:11:35'),
(1560, 216, 1, 3, '2015-09-08 12:29:25'),
(1561, 60, 8, 7, '2015-12-14 19:56:31'),
(1562, 474, 10, 5, '2014-03-23 12:40:47'),
(1563, 180, 7, 10, '2015-07-15 16:36:26'),
(1564, 206, 9, 9, '2014-11-07 12:57:35'),
(1565, 627, 7, 10, '2015-06-18 11:35:39'),
(1566, 568, 5, 8, '2014-11-21 17:19:22'),
(1567, 115, 11, 6, '2014-01-27 13:25:47'),
(1568, 439, 5, 1, '2014-12-01 11:13:26'),
(1569, 65, 2, 6, '2015-08-08 21:41:43'),
(1570, 584, 10, 2, '2014-02-27 18:44:47'),
(1571, 461, 11, 5, '2014-06-08 21:12:40'),
(1572, 350, 11, 9, '2015-11-02 17:27:10'),
(1573, 110, 11, 3, '2014-03-14 16:27:42'),
(1574, 561, 4, 7, '2015-03-15 19:23:39'),
(1575, 508, 4, 5, '2015-05-12 17:22:29'),
(1576, 508, 5, 9, '2014-08-02 16:59:28'),
(1577, 483, 1, 1, '2014-09-27 14:42:17'),
(1578, 596, 1, 9, '2014-01-05 19:19:38'),
(1579, 319, 6, 2, '2015-02-15 10:29:39'),
(1580, 155, 11, 4, '2015-03-19 15:30:36'),
(1581, 645, 8, 4, '2014-01-18 19:35:40'),
(1582, 358, 10, 9, '2014-12-04 22:31:13'),
(1583, 437, 3, 7, '2015-07-24 21:21:17'),
(1584, 195, 9, 6, '2015-02-21 18:45:24'),
(1585, 110, 1, 10, '2015-05-24 19:55:12'),
(1586, 189, 11, 10, '2015-05-26 13:36:18'),
(1587, 266, 11, 7, '2015-01-27 10:11:27'),
(1588, 521, 1, 5, '2015-11-03 13:43:18'),
(1589, 143, 2, 8, '2015-01-15 18:37:40'),
(1590, 632, 11, 9, '2014-12-19 20:23:58'),
(1591, 153, 12, 4, '2014-05-07 17:54:19'),
(1592, 520, 1, 10, '2015-08-08 18:58:37'),
(1593, 210, 7, 7, '2014-07-06 12:47:21'),
(1594, 9, 9, 3, '2015-01-10 20:26:11'),
(1595, 181, 3, 5, '2014-07-22 11:55:34'),
(1596, 100, 1, 1, '2014-12-08 18:24:26'),
(1597, 694, 1, 8, '2015-08-17 21:34:42'),
(1598, 307, 1, 10, '2015-12-23 11:12:51'),
(1599, 443, 12, 10, '2015-06-05 09:29:54'),
(1600, 548, 4, 4, '2015-07-06 18:24:18'),
(1601, 669, 1, 7, '2014-02-15 12:31:56'),
(1602, 150, 9, 1, '2015-03-16 12:56:32'),
(1603, 16, 11, 7, '2014-09-22 18:23:49'),
(1604, 28, 5, 1, '2015-05-23 09:27:49'),
(1605, 8, 6, 2, '2015-07-20 15:52:42'),
(1606, 338, 7, 6, '2015-05-20 14:27:55'),
(1607, 240, 12, 8, '2015-06-04 21:56:15'),
(1608, 312, 8, 5, '2015-04-01 19:22:59'),
(1609, 195, 12, 9, '2015-11-06 15:12:53'),
(1610, 227, 8, 5, '2014-08-03 21:31:17'),
(1611, 507, 5, 6, '2015-12-24 15:39:17'),
(1612, 180, 2, 2, '2014-02-26 18:31:46'),
(1613, 344, 12, 2, '2014-01-12 11:32:45'),
(1614, 55, 11, 2, '2014-03-07 21:32:28'),
(1615, 213, 7, 4, '2015-07-07 21:35:16'),
(1616, 223, 2, 8, '2015-10-16 20:12:46'),
(1617, 694, 4, 2, '2015-09-03 15:44:44'),
(1618, 96, 10, 8, '2015-11-05 10:46:38'),
(1619, 78, 10, 1, '2014-09-03 15:42:50'),
(1620, 19, 11, 10, '2014-07-01 09:37:41'),
(1621, 297, 4, 2, '2014-01-27 19:20:41'),
(1622, 685, 10, 6, '2015-10-17 19:54:59'),
(1623, 464, 3, 1, '2015-12-06 11:12:30'),
(1624, 603, 1, 3, '2015-10-27 21:48:42'),
(1625, 604, 4, 4, '2015-09-18 14:43:46'),
(1626, 139, 9, 8, '2015-10-18 13:58:46'),
(1627, 184, 1, 5, '2015-04-04 16:40:28'),
(1628, 113, 12, 3, '2014-05-11 09:18:46'),
(1629, 275, 5, 6, '2015-07-04 19:16:27'),
(1630, 200, 9, 6, '2014-03-03 17:45:22'),
(1631, 455, 9, 2, '2015-02-10 13:19:33'),
(1632, 17, 7, 4, '2015-01-06 12:36:15'),
(1633, 334, 6, 6, '2015-04-18 20:13:56'),
(1634, 518, 7, 9, '2015-11-14 17:27:56'),
(1635, 366, 10, 2, '2014-02-15 12:11:51'),
(1636, 147, 5, 3, '2015-05-25 13:34:13'),
(1637, 218, 8, 5, '2015-10-17 15:46:12'),
(1638, 443, 2, 9, '2015-11-13 11:30:47'),
(1639, 626, 3, 6, '2014-07-15 16:57:20'),
(1640, 472, 9, 2, '2014-10-04 11:52:46'),
(1641, 104, 6, 9, '2015-05-25 17:21:52'),
(1642, 431, 6, 4, '2015-07-07 21:29:49'),
(1643, 235, 7, 1, '2015-01-24 16:29:56'),
(1644, 514, 1, 10, '2015-02-11 17:34:40'),
(1645, 520, 12, 3, '2014-04-27 09:30:29'),
(1646, 373, 3, 5, '2015-08-09 12:54:25'),
(1647, 35, 1, 1, '2014-05-23 11:21:59'),
(1648, 281, 5, 4, '2015-04-01 09:35:21'),
(1649, 521, 8, 7, '2014-09-24 20:20:28'),
(1650, 607, 8, 5, '2015-06-08 12:30:12'),
(1651, 179, 11, 6, '2015-12-10 13:35:38'),
(1652, 551, 6, 1, '2015-03-26 13:58:19'),
(1653, 520, 10, 9, '2015-06-10 19:39:24'),
(1654, 279, 7, 4, '2015-02-04 10:58:14'),
(1655, 118, 4, 6, '2015-09-04 14:23:15'),
(1656, 577, 7, 8, '2014-07-08 10:53:13'),
(1657, 106, 9, 1, '2015-10-03 12:16:28'),
(1658, 694, 11, 9, '2014-01-11 15:31:10'),
(1659, 674, 5, 1, '2014-02-26 16:49:25'),
(1660, 114, 8, 4, '2015-10-20 19:58:13'),
(1661, 463, 10, 7, '2014-11-18 22:34:24'),
(1662, 311, 12, 10, '2014-06-18 12:20:46'),
(1663, 45, 8, 2, '2014-06-26 19:31:27'),
(1664, 81, 7, 4, '2014-12-20 19:50:47'),
(1665, 512, 1, 10, '2015-05-01 12:25:42'),
(1666, 50, 7, 8, '2014-06-09 10:30:26'),
(1667, 264, 1, 3, '2014-01-12 11:13:59'),
(1668, 533, 3, 7, '2014-05-13 13:36:44'),
(1669, 404, 8, 8, '2014-02-01 17:35:21'),
(1670, 376, 11, 5, '2014-10-09 10:22:36'),
(1671, 470, 3, 1, '2014-08-05 12:54:48'),
(1672, 509, 3, 4, '2015-04-11 17:16:41'),
(1673, 511, 11, 4, '2014-04-20 17:10:21'),
(1674, 583, 4, 1, '2014-07-07 13:40:36'),
(1675, 128, 6, 6, '2014-05-15 16:21:43'),
(1676, 109, 11, 7, '2014-01-15 22:38:12'),
(1677, 529, 11, 9, '2014-10-14 12:10:37'),
(1678, 159, 8, 1, '2014-06-03 09:27:37'),
(1679, 257, 7, 9, '2015-11-12 17:48:46'),
(1680, 669, 11, 1, '2014-05-04 20:15:27'),
(1681, 63, 11, 3, '2014-08-09 13:50:36'),
(1682, 72, 7, 6, '2015-11-23 14:22:22'),
(1683, 382, 8, 5, '2015-12-27 21:46:40'),
(1684, 58, 2, 4, '2014-09-06 17:14:22'),
(1685, 245, 1, 9, '2015-03-07 15:27:31'),
(1686, 607, 8, 5, '2014-11-21 17:25:43'),
(1687, 452, 7, 5, '2015-04-22 16:55:54'),
(1688, 74, 5, 1, '2014-08-02 10:44:12'),
(1689, 552, 3, 4, '2014-09-04 20:11:19'),
(1690, 79, 2, 8, '2014-07-24 14:45:57'),
(1691, 31, 7, 5, '2014-05-14 15:12:56'),
(1692, 349, 2, 1, '2015-11-01 12:22:30'),
(1693, 665, 8, 9, '2015-08-24 16:56:46'),
(1694, 45, 8, 10, '2014-08-19 18:49:46'),
(1695, 67, 10, 10, '2014-09-24 11:48:27'),
(1696, 473, 3, 4, '2015-07-11 21:56:42'),
(1697, 95, 10, 10, '2015-06-26 13:10:31'),
(1698, 193, 6, 8, '2015-01-12 22:59:33'),
(1699, 421, 2, 7, '2014-02-11 11:33:40'),
(1700, 145, 4, 2, '2015-10-18 16:42:11'),
(1701, 141, 10, 9, '2014-05-15 17:33:40'),
(1702, 628, 1, 8, '2015-12-07 12:41:50'),
(1703, 236, 6, 1, '2014-06-21 16:42:29'),
(1704, 50, 2, 1, '2014-04-26 14:49:45'),
(1705, 401, 7, 7, '2015-04-13 17:32:44'),
(1706, 107, 10, 10, '2015-12-25 13:32:10'),
(1707, 305, 5, 10, '2014-07-04 09:34:47'),
(1708, 342, 5, 2, '2014-04-27 20:58:11'),
(1709, 138, 6, 2, '2014-12-26 10:41:37'),
(1710, 338, 7, 8, '2015-09-06 10:13:36'),
(1711, 461, 9, 5, '2014-12-18 15:35:37'),
(1712, 270, 6, 10, '2015-07-25 21:32:40'),
(1713, 412, 11, 5, '2015-12-21 11:32:22'),
(1714, 477, 6, 7, '2015-01-06 15:58:30'),
(1715, 426, 7, 6, '2015-07-23 20:45:47'),
(1716, 126, 10, 2, '2014-10-07 15:56:57'),
(1717, 175, 4, 9, '2014-09-26 18:51:34'),
(1718, 377, 12, 9, '2014-11-13 10:23:27'),
(1719, 147, 12, 2, '2015-06-04 21:21:40'),
(1720, 394, 2, 8, '2014-04-13 14:37:29'),
(1721, 130, 6, 6, '2014-10-08 16:26:38'),
(1722, 379, 3, 7, '2014-03-02 22:25:59'),
(1723, 557, 4, 10, '2014-08-09 21:44:12'),
(1724, 176, 5, 7, '2014-11-14 11:33:15'),
(1725, 134, 1, 2, '2014-07-21 09:12:42'),
(1726, 194, 7, 10, '2014-01-20 19:58:17'),
(1727, 134, 10, 9, '2014-03-06 12:40:34'),
(1728, 697, 11, 9, '2014-02-25 11:19:57'),
(1729, 7, 1, 9, '2014-06-04 12:39:15'),
(1730, 54, 3, 5, '2014-08-08 20:50:59'),
(1731, 413, 7, 3, '2015-01-13 13:53:15'),
(1732, 160, 8, 1, '2014-04-15 11:27:19'),
(1733, 470, 3, 1, '2015-10-26 21:22:27'),
(1734, 404, 3, 10, '2015-10-26 15:45:11'),
(1735, 559, 1, 9, '2015-09-12 14:50:55'),
(1736, 233, 10, 8, '2014-01-03 10:23:43'),
(1737, 373, 3, 6, '2014-01-25 20:44:11'),
(1738, 15, 7, 3, '2014-01-01 12:47:15'),
(1739, 163, 5, 1, '2015-01-13 20:36:52'),
(1740, 464, 7, 3, '2014-10-08 17:13:58'),
(1741, 120, 8, 4, '2014-12-08 17:41:57'),
(1742, 481, 8, 4, '2014-05-14 18:29:28'),
(1743, 492, 5, 7, '2015-05-18 16:21:29'),
(1744, 137, 8, 9, '2015-04-20 10:45:51'),
(1745, 297, 2, 4, '2014-10-24 21:49:39'),
(1746, 12, 10, 1, '2015-05-11 14:46:14'),
(1747, 640, 11, 9, '2015-03-26 16:32:17'),
(1748, 201, 11, 9, '2015-06-02 14:24:53'),
(1749, 355, 4, 6, '2014-10-15 19:18:49'),
(1750, 292, 2, 2, '2014-05-12 17:11:44'),
(1751, 501, 6, 9, '2014-02-06 12:41:52'),
(1752, 256, 3, 1, '2015-11-04 10:56:38'),
(1753, 616, 2, 4, '2015-03-06 20:23:44'),
(1754, 524, 9, 5, '2014-02-25 12:18:58'),
(1755, 543, 3, 2, '2014-01-19 19:25:14'),
(1756, 282, 2, 7, '2014-11-13 11:14:35'),
(1757, 226, 6, 6, '2014-10-15 13:58:12'),
(1758, 337, 11, 7, '2014-01-01 16:59:52'),
(1759, 462, 2, 7, '2015-01-15 16:53:48'),
(1760, 661, 11, 8, '2014-10-22 11:16:39'),
(1761, 577, 2, 7, '2015-02-05 21:50:51'),
(1762, 103, 3, 6, '2014-10-21 13:14:42'),
(1763, 593, 4, 7, '2014-06-22 17:55:45'),
(1764, 476, 11, 3, '2015-07-03 10:11:59'),
(1765, 626, 11, 6, '2014-05-22 18:53:55'),
(1766, 252, 7, 10, '2015-04-01 12:48:52'),
(1767, 365, 7, 9, '2014-03-20 14:22:20'),
(1768, 380, 11, 6, '2015-11-26 12:12:49'),
(1769, 79, 9, 2, '2014-10-23 21:13:55'),
(1770, 63, 7, 4, '2015-06-16 11:58:25'),
(1771, 168, 8, 5, '2014-05-21 11:15:53'),
(1772, 668, 8, 8, '2014-06-19 21:34:49'),
(1773, 415, 10, 7, '2014-12-06 14:46:10'),
(1774, 85, 2, 7, '2014-02-18 18:36:26'),
(1775, 402, 1, 1, '2014-04-11 19:44:30'),
(1776, 263, 3, 1, '2014-08-14 10:16:31'),
(1777, 220, 6, 10, '2015-05-15 10:22:31'),
(1778, 144, 2, 8, '2015-02-25 10:51:22'),
(1779, 315, 9, 3, '2015-10-15 14:39:39'),
(1780, 227, 12, 1, '2014-08-25 17:50:13'),
(1781, 485, 5, 10, '2014-04-05 18:40:34'),
(1782, 96, 4, 9, '2014-09-14 20:52:19'),
(1783, 183, 10, 7, '2014-04-22 13:19:48'),
(1784, 113, 2, 7, '2015-02-18 13:26:18'),
(1785, 175, 3, 2, '2014-10-12 15:51:20'),
(1786, 548, 8, 7, '2014-03-18 17:10:26'),
(1787, 362, 1, 2, '2015-02-07 17:22:45'),
(1788, 600, 5, 10, '2014-07-06 17:52:59'),
(1789, 436, 5, 4, '2015-11-26 18:10:16'),
(1790, 10, 2, 1, '2014-12-15 11:44:18'),
(1791, 639, 4, 10, '2014-02-08 13:56:14'),
(1792, 256, 11, 1, '2014-10-20 17:20:52'),
(1793, 379, 1, 9, '2015-06-13 21:33:58'),
(1794, 579, 1, 10, '2015-07-02 17:25:38'),
(1795, 201, 3, 3, '2014-09-08 18:15:43'),
(1796, 44, 8, 6, '2015-11-18 22:11:23'),
(1797, 15, 5, 7, '2014-02-26 22:55:41'),
(1798, 490, 11, 1, '2014-11-04 21:19:40'),
(1799, 44, 10, 7, '2015-06-18 21:13:40'),
(1800, 60, 10, 5, '2014-07-23 09:19:51'),
(1801, 467, 10, 4, '2014-08-23 12:11:31'),
(1802, 303, 11, 3, '2014-08-25 10:17:34'),
(1803, 395, 12, 3, '2015-05-14 10:59:53'),
(1804, 540, 1, 4, '2014-07-23 17:41:43'),
(1805, 174, 12, 5, '2015-11-11 20:45:42'),
(1806, 665, 11, 1, '2014-03-13 14:25:18'),
(1807, 311, 10, 5, '2014-04-11 17:55:49'),
(1808, 417, 9, 2, '2014-09-20 18:13:24'),
(1809, 351, 6, 6, '2015-03-23 13:13:40'),
(1810, 56, 3, 1, '2014-05-07 13:55:48'),
(1811, 536, 11, 1, '2015-05-24 10:48:32'),
(1812, 178, 10, 7, '2015-02-18 19:50:26'),
(1813, 645, 6, 10, '2014-05-15 13:28:12'),
(1814, 246, 12, 5, '2014-02-11 22:36:26'),
(1815, 680, 8, 9, '2014-09-04 15:56:39'),
(1816, 549, 5, 6, '2014-03-26 12:59:54'),
(1817, 529, 10, 5, '2014-11-16 15:19:50'),
(1818, 438, 1, 4, '2014-07-04 21:33:39'),
(1819, 184, 12, 3, '2014-04-27 13:37:18'),
(1820, 69, 5, 6, '2014-03-19 17:50:51'),
(1821, 221, 10, 8, '2015-09-12 19:30:25'),
(1822, 366, 9, 7, '2014-10-17 13:34:36'),
(1823, 137, 9, 1, '2014-02-04 21:14:32'),
(1824, 63, 8, 7, '2015-10-21 18:22:30'),
(1825, 403, 7, 10, '2015-01-03 20:35:22'),
(1826, 569, 5, 7, '2014-04-05 16:18:59'),
(1827, 515, 2, 6, '2015-06-13 14:56:57'),
(1828, 196, 8, 4, '2015-03-17 14:51:15'),
(1829, 107, 10, 9, '2014-05-10 10:49:10'),
(1830, 109, 12, 7, '2015-05-07 18:37:55'),
(1831, 314, 8, 3, '2015-10-15 13:21:34'),
(1832, 653, 5, 2, '2015-08-06 09:40:27'),
(1833, 561, 6, 9, '2014-10-19 10:59:24'),
(1834, 47, 10, 2, '2014-03-20 13:50:12'),
(1835, 273, 9, 1, '2014-11-03 20:24:45'),
(1836, 690, 6, 6, '2014-10-26 10:39:22'),
(1837, 494, 1, 7, '2014-08-23 19:23:45'),
(1838, 506, 2, 2, '2015-10-01 19:23:25'),
(1839, 343, 12, 2, '2015-02-26 16:58:27'),
(1840, 542, 1, 6, '2015-01-25 19:45:29'),
(1841, 177, 1, 2, '2015-01-01 13:14:59'),
(1842, 370, 4, 3, '2014-05-18 19:39:38'),
(1843, 490, 3, 10, '2014-04-21 19:11:46'),
(1844, 212, 1, 3, '2015-10-23 16:24:48'),
(1845, 494, 7, 8, '2015-11-24 13:43:21'),
(1846, 530, 7, 4, '2014-10-09 11:22:12'),
(1847, 530, 4, 10, '2014-04-12 12:43:12'),
(1848, 52, 2, 3, '2014-04-17 14:36:50'),
(1849, 248, 1, 4, '2015-08-07 10:25:28'),
(1850, 33, 7, 10, '2014-09-14 15:32:34'),
(1851, 153, 2, 2, '2014-08-26 12:54:17'),
(1852, 369, 3, 2, '2015-02-19 12:42:11'),
(1853, 345, 8, 1, '2015-04-10 11:15:11'),
(1854, 289, 12, 6, '2015-11-17 10:25:23'),
(1855, 432, 8, 8, '2014-10-12 19:10:30'),
(1856, 574, 4, 6, '2014-10-08 13:48:18'),
(1857, 432, 6, 6, '2014-05-09 19:53:55'),
(1858, 263, 8, 3, '2015-05-17 11:45:51'),
(1859, 9, 12, 9, '2015-08-15 09:21:58'),
(1860, 644, 7, 8, '2014-04-05 18:31:18'),
(1861, 442, 9, 2, '2015-07-10 17:25:54'),
(1862, 99, 11, 6, '2015-03-21 21:40:37'),
(1863, 413, 2, 7, '2015-02-25 19:57:46'),
(1864, 422, 10, 10, '2015-02-16 18:45:52'),
(1865, 569, 10, 10, '2014-06-06 16:48:59'),
(1866, 648, 4, 6, '2014-10-04 13:43:33'),
(1867, 141, 5, 7, '2015-12-08 10:58:12'),
(1868, 461, 2, 5, '2015-11-25 22:15:18'),
(1869, 46, 9, 7, '2015-02-17 19:50:49'),
(1870, 332, 6, 3, '2015-02-10 17:26:24'),
(1871, 594, 7, 5, '2014-01-16 16:20:19'),
(1872, 544, 12, 3, '2014-07-12 18:42:30'),
(1873, 614, 1, 4, '2014-06-08 18:25:40'),
(1874, 337, 6, 7, '2014-11-14 10:29:44'),
(1875, 397, 5, 9, '2014-03-19 10:59:49'),
(1876, 528, 4, 2, '2014-09-04 12:31:43'),
(1877, 249, 9, 8, '2015-01-11 13:49:55'),
(1878, 423, 9, 6, '2015-04-02 19:42:59'),
(1879, 124, 1, 2, '2015-02-21 14:37:19'),
(1880, 141, 11, 6, '2014-05-11 12:10:54'),
(1881, 239, 1, 8, '2014-03-11 13:13:36'),
(1882, 71, 7, 5, '2014-06-19 21:34:27'),
(1883, 420, 2, 1, '2015-08-23 15:41:43'),
(1884, 120, 3, 10, '2014-09-02 17:27:58'),
(1885, 271, 8, 8, '2014-08-19 09:27:58'),
(1886, 550, 7, 9, '2015-11-20 10:11:24'),
(1887, 436, 7, 9, '2015-02-06 19:31:54'),
(1888, 137, 1, 8, '2014-07-11 12:35:18'),
(1889, 294, 3, 4, '2014-07-03 13:58:39'),
(1890, 424, 1, 8, '2014-01-08 14:46:36'),
(1891, 351, 1, 9, '2015-05-16 09:58:17'),
(1892, 689, 4, 5, '2015-06-15 19:11:57'),
(1893, 249, 3, 10, '2014-10-25 15:29:40'),
(1894, 108, 10, 4, '2014-06-18 18:59:47'),
(1895, 686, 8, 6, '2015-10-18 09:57:44'),
(1896, 121, 4, 5, '2014-01-23 18:44:23'),
(1897, 168, 8, 7, '2014-05-07 20:55:15'),
(1898, 576, 10, 2, '2015-06-23 15:59:46'),
(1899, 292, 2, 1, '2015-04-08 12:59:42'),
(1900, 554, 10, 2, '2015-02-04 18:22:25'),
(1901, 63, 1, 1, '2014-06-11 16:36:54'),
(1902, 474, 1, 2, '2014-07-11 15:29:16'),
(1903, 236, 2, 1, '2014-06-23 14:47:28'),
(1904, 105, 12, 10, '2014-03-07 21:48:49'),
(1905, 182, 5, 3, '2015-04-05 20:43:20'),
(1906, 57, 7, 10, '2015-11-14 20:35:26'),
(1907, 354, 3, 2, '2015-10-21 14:25:56'),
(1908, 331, 12, 4, '2014-03-03 17:47:53'),
(1909, 589, 11, 5, '2014-04-15 14:52:23'),
(1910, 106, 2, 8, '2014-12-06 18:53:52'),
(1911, 498, 4, 7, '2014-06-15 13:51:48'),
(1912, 618, 3, 4, '2015-12-22 17:23:15'),
(1913, 410, 7, 6, '2015-12-21 15:54:43'),
(1914, 219, 4, 6, '2014-01-15 15:18:37'),
(1915, 613, 5, 5, '2014-09-16 15:14:55'),
(1916, 203, 12, 1, '2014-12-01 14:23:27'),
(1917, 657, 5, 10, '2014-06-03 10:59:30'),
(1918, 474, 6, 5, '2015-10-23 16:13:15'),
(1919, 293, 8, 9, '2014-01-08 13:15:14'),
(1920, 308, 2, 7, '2015-04-05 12:25:28'),
(1921, 53, 10, 2, '2015-02-23 13:45:52'),
(1922, 264, 8, 8, '2014-05-14 18:13:25'),
(1923, 604, 10, 1, '2015-03-12 17:54:59'),
(1924, 162, 12, 9, '2014-08-06 19:51:32'),
(1925, 68, 7, 10, '2015-08-02 09:58:51'),
(1926, 141, 6, 4, '2015-04-09 11:36:25'),
(1927, 669, 10, 7, '2015-11-03 14:44:47'),
(1928, 268, 3, 6, '2015-06-21 10:15:28'),
(1929, 556, 1, 1, '2014-02-11 13:33:51'),
(1930, 408, 7, 5, '2014-06-04 10:45:33'),
(1931, 396, 3, 7, '2014-03-02 22:33:44'),
(1932, 152, 10, 8, '2015-02-23 12:13:45'),
(1933, 641, 5, 6, '2014-05-05 13:54:56'),
(1934, 504, 9, 9, '2015-05-07 18:21:47'),
(1935, 29, 6, 3, '2015-12-20 20:46:42'),
(1936, 386, 10, 3, '2014-10-16 13:13:43'),
(1937, 26, 8, 8, '2015-12-03 15:30:53'),
(1938, 493, 10, 2, '2014-12-26 11:22:48'),
(1939, 588, 3, 5, '2014-01-27 11:17:53'),
(1940, 216, 5, 6, '2015-03-24 11:37:17'),
(1941, 480, 11, 7, '2014-06-09 18:43:48'),
(1942, 446, 6, 10, '2014-10-13 09:28:42'),
(1943, 587, 1, 9, '2015-12-27 14:59:46'),
(1944, 65, 10, 9, '2015-11-20 20:25:59'),
(1945, 505, 5, 9, '2015-05-13 21:20:38'),
(1946, 512, 2, 10, '2014-07-07 19:31:58'),
(1947, 612, 6, 3, '2015-03-01 21:15:21'),
(1948, 277, 3, 7, '2015-03-10 14:54:36'),
(1949, 56, 8, 10, '2015-04-24 10:52:55'),
(1950, 84, 5, 9, '2014-08-18 12:54:55'),
(1951, 406, 12, 8, '2014-11-21 12:16:57'),
(1952, 394, 3, 3, '2015-02-17 12:30:43'),
(1953, 46, 7, 8, '2014-08-19 20:27:15'),
(1954, 454, 10, 5, '2014-04-15 11:38:13'),
(1955, 516, 10, 9, '2015-03-19 22:16:45'),
(1956, 191, 10, 10, '2014-12-10 21:56:31'),
(1957, 107, 10, 2, '2014-04-24 18:20:33'),
(1958, 18, 3, 3, '2014-10-19 18:48:21'),
(1959, 586, 7, 8, '2014-08-24 13:30:16'),
(1960, 260, 11, 3, '2015-12-03 13:30:37'),
(1961, 107, 2, 4, '2015-07-26 18:15:47'),
(1962, 380, 8, 9, '2015-07-01 16:46:15'),
(1963, 100, 9, 5, '2015-09-02 17:54:35'),
(1964, 111, 5, 4, '2014-12-15 13:58:34'),
(1965, 308, 12, 3, '2015-04-15 10:37:23'),
(1966, 251, 3, 4, '2015-01-23 15:16:15'),
(1967, 620, 3, 4, '2015-07-18 16:54:26'),
(1968, 458, 11, 1, '2014-03-07 19:55:48'),
(1969, 352, 4, 7, '2014-01-08 14:28:21'),
(1970, 263, 4, 1, '2015-06-26 17:46:20'),
(1971, 159, 4, 3, '2015-04-01 16:38:53'),
(1972, 551, 10, 8, '2015-02-17 15:52:20'),
(1973, 67, 2, 3, '2014-08-19 15:29:50'),
(1974, 692, 9, 4, '2014-06-22 21:28:54'),
(1975, 364, 4, 5, '2015-01-25 16:26:42'),
(1976, 626, 9, 6, '2014-05-06 14:29:58'),
(1977, 141, 4, 10, '2015-03-15 15:50:52'),
(1978, 240, 2, 1, '2014-12-06 20:22:25'),
(1979, 642, 5, 7, '2015-05-22 11:37:51'),
(1980, 394, 4, 7, '2014-06-11 17:36:30'),
(1981, 143, 8, 4, '2014-12-26 19:24:23'),
(1982, 573, 12, 7, '2015-05-17 11:14:36'),
(1983, 613, 3, 4, '2014-12-09 15:17:35'),
(1984, 444, 4, 4, '2014-03-27 21:28:46'),
(1985, 407, 11, 9, '2014-02-24 10:38:14'),
(1986, 60, 11, 4, '2014-11-26 12:40:16'),
(1987, 280, 5, 4, '2014-02-04 14:38:27'),
(1988, 21, 7, 7, '2014-12-18 14:46:27'),
(1989, 125, 3, 8, '2015-10-23 15:40:20'),
(1990, 686, 4, 7, '2014-05-12 14:24:40'),
(1991, 513, 8, 3, '2015-02-22 19:57:49'),
(1992, 141, 5, 2, '2014-03-20 15:27:35'),
(1993, 572, 9, 10, '2015-01-22 14:26:41'),
(1994, 484, 8, 6, '2014-12-27 15:36:37'),
(1995, 301, 6, 9, '2014-02-27 10:54:26'),
(1996, 475, 4, 6, '2014-12-20 18:58:56'),
(1997, 575, 2, 8, '2015-10-06 16:26:37'),
(1998, 331, 8, 6, '2014-09-27 19:19:53'),
(1999, 695, 9, 1, '2015-12-05 17:42:50'),
(2000, 308, 10, 10, '2014-06-05 13:10:39'),
(2001, 482, 8, 9, '2015-08-25 14:21:47'),
(2002, 598, 3, 3, '2014-06-26 14:35:39'),
(2003, 144, 2, 9, '2014-11-09 12:56:59'),
(2004, 272, 4, 3, '2014-12-12 12:49:49'),
(2005, 217, 2, 2, '2015-07-21 20:37:42'),
(2006, 151, 3, 6, '2014-04-18 19:58:51'),
(2007, 250, 1, 4, '2015-09-04 18:30:34'),
(2008, 631, 6, 8, '2014-03-03 21:55:17'),
(2009, 216, 9, 3, '2015-05-01 21:28:41'),
(2010, 410, 12, 3, '2015-07-09 13:16:40'),
(2011, 23, 6, 10, '2015-05-08 18:58:32'),
(2012, 142, 6, 8, '2014-04-27 19:57:42'),
(2013, 664, 10, 3, '2015-05-04 10:58:40'),
(2014, 392, 10, 9, '2015-05-19 17:38:49'),
(2015, 672, 9, 5, '2014-05-02 12:12:52'),
(2016, 518, 10, 10, '2015-01-14 14:52:57'),
(2017, 506, 4, 10, '2015-07-13 15:48:18'),
(2018, 557, 5, 10, '2014-01-16 16:25:17'),
(2019, 159, 4, 2, '2014-06-27 12:41:56'),
(2020, 283, 11, 3, '2015-01-18 10:26:39'),
(2021, 462, 3, 6, '2014-06-11 12:39:15'),
(2022, 341, 11, 2, '2014-11-17 12:21:40'),
(2023, 666, 9, 2, '2014-08-27 12:22:37'),
(2024, 62, 3, 7, '2014-12-19 17:43:19'),
(2025, 583, 8, 7, '2015-11-18 16:53:34'),
(2026, 593, 3, 7, '2015-06-12 17:58:49'),
(2027, 218, 8, 5, '2014-06-01 14:29:24'),
(2028, 429, 3, 2, '2014-02-13 17:44:47'),
(2029, 183, 8, 2, '2015-07-13 16:43:54'),
(2030, 591, 2, 8, '2014-06-08 19:14:52'),
(2031, 68, 7, 3, '2014-06-09 11:39:32'),
(2032, 331, 7, 10, '2014-08-21 19:18:52'),
(2033, 603, 4, 9, '2015-05-23 11:51:38'),
(2034, 694, 11, 1, '2015-12-16 21:41:11'),
(2035, 59, 2, 6, '2014-09-15 19:34:56'),
(2036, 99, 11, 6, '2015-01-26 13:29:19'),
(2037, 244, 7, 7, '2015-10-23 14:21:31'),
(2038, 472, 12, 10, '2015-08-12 20:28:44'),
(2039, 499, 7, 3, '2014-10-25 16:16:39'),
(2040, 646, 7, 3, '2015-03-07 19:51:25'),
(2041, 88, 10, 7, '2015-09-19 20:52:11'),
(2042, 74, 10, 3, '2015-08-23 19:41:54'),
(2043, 562, 6, 7, '2014-06-25 15:45:22'),
(2044, 142, 6, 9, '2015-10-16 10:12:36'),
(2045, 111, 2, 3, '2014-11-04 10:16:48'),
(2046, 74, 1, 10, '2014-12-05 20:35:52'),
(2047, 448, 9, 9, '2014-06-07 10:55:19'),
(2048, 672, 3, 9, '2014-11-16 14:40:16'),
(2049, 514, 3, 9, '2015-08-19 11:26:47'),
(2050, 213, 6, 5, '2015-11-17 14:42:35'),
(2051, 90, 6, 8, '2014-12-22 19:29:32'),
(2052, 409, 6, 1, '2015-07-24 13:11:38'),
(2053, 608, 6, 2, '2014-01-26 20:21:58'),
(2054, 344, 7, 7, '2015-10-22 19:32:34'),
(2055, 424, 2, 7, '2015-10-15 13:22:34'),
(2056, 64, 7, 6, '2014-02-26 19:44:57'),
(2057, 169, 5, 1, '2014-06-06 11:45:56'),
(2058, 321, 2, 10, '2014-08-01 11:41:22'),
(2059, 460, 11, 3, '2015-12-04 10:22:56'),
(2060, 671, 5, 3, '2014-02-06 11:31:45'),
(2061, 47, 2, 3, '2014-07-26 14:28:50'),
(2062, 475, 2, 6, '2014-04-14 10:36:55'),
(2063, 108, 3, 5, '2014-10-05 14:40:32'),
(2064, 568, 10, 9, '2015-04-03 18:28:23'),
(2065, 379, 12, 6, '2015-03-02 19:42:19'),
(2066, 411, 3, 5, '2014-07-13 09:26:47'),
(2067, 351, 11, 9, '2015-08-01 15:16:47'),
(2068, 237, 10, 6, '2014-01-23 14:12:11'),
(2069, 257, 4, 3, '2015-01-02 11:13:24'),
(2070, 346, 7, 4, '2015-06-26 12:20:44'),
(2071, 520, 3, 10, '2014-06-26 13:51:31'),
(2072, 520, 7, 8, '2014-11-15 10:31:16'),
(2073, 560, 9, 1, '2014-04-19 17:59:30'),
(2074, 647, 6, 8, '2015-09-22 19:15:42'),
(2075, 331, 12, 5, '2015-07-12 18:58:20'),
(2076, 677, 7, 5, '2015-08-26 13:13:50'),
(2077, 558, 2, 10, '2015-06-03 16:42:53'),
(2078, 607, 11, 1, '2014-06-15 17:24:30'),
(2079, 526, 9, 5, '2014-10-16 18:59:23'),
(2080, 421, 5, 3, '2014-06-08 13:55:46'),
(2081, 631, 1, 8, '2014-09-13 13:15:39'),
(2082, 516, 10, 7, '2014-04-24 11:57:38'),
(2083, 212, 7, 3, '2015-08-03 19:10:17'),
(2084, 640, 7, 9, '2015-05-07 16:32:18'),
(2085, 401, 7, 10, '2014-05-13 12:13:41'),
(2086, 7, 3, 4, '2014-01-07 14:25:26'),
(2087, 457, 11, 7, '2014-05-10 11:56:54'),
(2088, 527, 8, 8, '2014-09-12 12:40:31'),
(2089, 108, 2, 7, '2014-02-24 22:50:30'),
(2090, 565, 9, 8, '2014-03-24 15:11:55'),
(2091, 218, 9, 8, '2015-02-22 13:59:18'),
(2092, 76, 3, 3, '2015-03-16 16:40:19'),
(2093, 336, 11, 1, '2015-02-04 11:50:33'),
(2094, 72, 8, 5, '2014-11-12 12:38:23'),
(2095, 487, 11, 9, '2014-03-22 17:28:33'),
(2096, 643, 11, 8, '2014-02-09 12:54:32'),
(2097, 178, 8, 5, '2014-03-03 22:20:15'),
(2098, 145, 3, 10, '2014-03-24 15:17:19'),
(2099, 108, 1, 8, '2015-10-18 14:37:32'),
(2100, 117, 2, 4, '2015-07-13 10:21:38'),
(2101, 87, 10, 10, '2014-12-23 11:36:42'),
(2102, 278, 2, 2, '2015-06-07 10:27:26'),
(2103, 53, 5, 5, '2014-05-11 17:11:59'),
(2104, 81, 10, 2, '2014-03-26 22:13:26'),
(2105, 232, 12, 4, '2015-02-17 15:48:50'),
(2106, 315, 4, 10, '2015-11-20 22:31:28'),
(2107, 87, 12, 4, '2014-10-23 17:51:17'),
(2108, 367, 3, 3, '2014-06-22 19:17:47'),
(2109, 31, 5, 6, '2015-02-09 20:42:21'),
(2110, 613, 1, 4, '2014-11-27 18:56:31'),
(2111, 140, 11, 4, '2015-01-24 18:56:50'),
(2112, 654, 7, 6, '2015-12-20 11:16:35'),
(2113, 653, 8, 3, '2015-05-16 11:20:35'),
(2114, 346, 4, 5, '2014-09-11 17:22:15'),
(2115, 613, 11, 7, '2014-05-21 09:27:55'),
(2116, 86, 10, 6, '2015-08-20 14:26:59'),
(2117, 210, 10, 5, '2014-04-16 20:15:58'),
(2118, 509, 1, 7, '2015-11-03 11:36:39'),
(2119, 567, 7, 3, '2014-12-12 14:57:38'),
(2120, 599, 6, 1, '2015-05-17 18:36:25'),
(2121, 254, 1, 5, '2014-02-22 10:43:54'),
(2122, 578, 6, 10, '2014-06-02 11:48:24'),
(2123, 180, 4, 1, '2015-10-25 15:33:41'),
(2124, 121, 9, 7, '2014-06-21 14:43:15'),
(2125, 94, 12, 3, '2014-12-18 18:12:35'),
(2126, 522, 11, 7, '2015-11-13 15:54:22'),
(2127, 289, 4, 5, '2014-10-26 22:12:49'),
(2128, 364, 3, 7, '2014-06-27 20:50:21'),
(2129, 248, 8, 9, '2014-01-04 20:28:59'),
(2130, 16, 12, 7, '2014-10-07 17:15:44'),
(2131, 74, 9, 8, '2014-12-06 22:25:38'),
(2132, 420, 3, 1, '2014-12-19 13:41:51'),
(2133, 271, 8, 7, '2014-11-14 19:39:41'),
(2134, 324, 11, 2, '2014-04-03 17:48:29'),
(2135, 246, 1, 2, '2014-10-26 19:37:53'),
(2136, 137, 8, 7, '2014-01-10 16:33:34'),
(2137, 224, 9, 5, '2014-10-04 13:53:12'),
(2138, 597, 7, 10, '2014-08-24 14:41:24'),
(2139, 193, 6, 6, '2015-05-04 19:55:51'),
(2140, 225, 12, 2, '2015-03-11 19:45:46'),
(2141, 410, 1, 2, '2015-03-23 11:26:28'),
(2142, 483, 4, 7, '2015-12-07 21:57:46'),
(2143, 171, 11, 4, '2014-12-16 11:31:43'),
(2144, 335, 9, 4, '2014-07-18 19:26:36'),
(2145, 633, 10, 1, '2014-01-12 12:30:43'),
(2146, 123, 8, 8, '2014-06-19 19:14:12'),
(2147, 302, 3, 5, '2015-05-27 14:10:40'),
(2148, 185, 1, 6, '2014-12-25 19:59:52'),
(2149, 118, 4, 1, '2015-09-21 09:23:57'),
(2150, 455, 7, 3, '2015-10-23 14:10:11'),
(2151, 248, 11, 4, '2014-12-13 17:18:34'),
(2152, 612, 1, 10, '2015-07-15 15:47:18'),
(2153, 390, 4, 4, '2015-07-27 15:42:42'),
(2154, 578, 7, 8, '2015-06-06 12:26:13'),
(2155, 639, 7, 10, '2014-02-18 18:30:48'),
(2156, 296, 2, 7, '2015-07-26 11:21:12'),
(2157, 525, 12, 9, '2015-10-16 14:44:16'),
(2158, 668, 5, 10, '2015-09-09 09:34:54'),
(2159, 138, 9, 4, '2015-09-09 10:21:46'),
(2160, 234, 8, 1, '2014-05-16 11:11:11'),
(2161, 566, 4, 7, '2015-12-27 21:21:16'),
(2162, 64, 1, 8, '2014-05-27 12:50:32'),
(2163, 458, 2, 6, '2015-02-12 12:12:16'),
(2164, 76, 12, 2, '2015-04-26 15:52:46'),
(2165, 349, 11, 10, '2014-11-17 22:52:19'),
(2166, 651, 3, 10, '2015-08-23 12:44:14'),
(2167, 143, 10, 6, '2014-05-22 15:19:56'),
(2168, 500, 1, 3, '2015-11-11 21:59:10'),
(2169, 553, 3, 8, '2015-05-11 13:18:17'),
(2170, 385, 3, 7, '2014-12-23 20:50:58'),
(2171, 209, 11, 2, '2014-10-20 14:44:57'),
(2172, 170, 2, 5, '2014-09-17 21:30:13'),
(2173, 64, 2, 8, '2014-06-03 14:58:31'),
(2174, 675, 6, 6, '2015-07-24 12:41:37'),
(2175, 287, 11, 1, '2015-02-17 18:52:52'),
(2176, 160, 11, 7, '2015-03-26 17:36:17'),
(2177, 237, 5, 7, '2014-01-10 18:24:35'),
(2178, 275, 3, 9, '2015-05-22 14:37:15'),
(2179, 502, 6, 6, '2015-11-01 13:30:35'),
(2180, 553, 10, 6, '2014-05-09 16:42:14'),
(2181, 186, 12, 8, '2014-08-26 14:38:40'),
(2182, 648, 6, 1, '2015-12-19 13:52:43'),
(2183, 402, 11, 4, '2015-12-03 11:24:49'),
(2184, 649, 1, 8, '2014-06-11 12:39:41'),
(2185, 604, 2, 5, '2014-01-22 10:51:15'),
(2186, 547, 12, 1, '2014-11-26 15:43:42'),
(2187, 566, 10, 8, '2014-12-25 16:57:41'),
(2188, 208, 11, 4, '2015-02-26 13:31:33'),
(2189, 632, 12, 1, '2014-07-03 12:54:14'),
(2190, 343, 5, 7, '2015-07-14 12:32:50'),
(2191, 462, 4, 6, '2014-03-19 14:26:54'),
(2192, 10, 4, 10, '2014-02-14 20:36:39'),
(2193, 670, 12, 3, '2015-01-24 12:34:52'),
(2194, 157, 2, 3, '2015-10-10 13:46:16'),
(2195, 484, 8, 4, '2015-04-04 16:46:58'),
(2196, 419, 2, 2, '2015-03-16 15:47:48'),
(2197, 128, 10, 9, '2014-10-01 18:19:17'),
(2198, 247, 10, 6, '2014-06-04 11:14:54'),
(2199, 252, 9, 5, '2014-03-14 18:39:41'),
(2200, 621, 5, 7, '2015-12-21 12:40:37'),
(2201, 285, 1, 6, '2015-06-18 09:14:57'),
(2202, 315, 1, 1, '2015-06-01 10:54:18'),
(2203, 456, 10, 6, '2014-11-17 14:33:20'),
(2204, 566, 2, 9, '2015-02-26 14:25:47'),
(2205, 149, 5, 4, '2015-10-04 09:55:46'),
(2206, 461, 4, 8, '2014-09-15 12:27:31'),
(2207, 144, 5, 7, '2014-03-08 17:29:11'),
(2208, 397, 10, 1, '2015-06-24 17:54:44'),
(2209, 663, 3, 1, '2014-12-17 21:12:11'),
(2210, 186, 4, 6, '2014-01-13 13:13:16'),
(2211, 270, 8, 3, '2014-06-02 19:33:56'),
(2212, 532, 2, 6, '2014-03-19 22:22:29'),
(2213, 486, 8, 6, '2015-01-22 22:11:26'),
(2214, 449, 10, 1, '2015-07-10 21:55:34'),
(2215, 226, 7, 6, '2014-12-02 10:57:22'),
(2216, 363, 7, 9, '2015-06-24 09:55:36'),
(2217, 60, 10, 8, '2015-11-25 15:13:11'),
(2218, 139, 12, 5, '2014-04-02 17:50:35'),
(2219, 622, 10, 1, '2014-05-27 21:48:40'),
(2220, 29, 11, 6, '2015-06-17 10:58:16'),
(2221, 48, 3, 3, '2014-10-21 11:44:52'),
(2222, 106, 2, 3, '2015-02-22 17:28:19'),
(2223, 505, 7, 4, '2015-09-08 15:26:47'),
(2224, 120, 10, 4, '2015-09-22 09:29:14'),
(2225, 538, 12, 10, '2015-12-07 13:48:53'),
(2226, 175, 8, 3, '2014-05-25 12:47:47'),
(2227, 527, 11, 7, '2014-02-25 12:49:39'),
(2228, 53, 8, 6, '2015-05-09 15:46:52'),
(2229, 186, 10, 6, '2014-06-07 19:53:41'),
(2230, 29, 9, 4, '2014-11-17 20:20:55'),
(2231, 580, 11, 1, '2014-11-12 12:46:56'),
(2232, 237, 5, 4, '2015-09-14 17:46:52'),
(2233, 154, 1, 2, '2014-11-23 20:29:46'),
(2234, 483, 8, 8, '2015-11-24 16:45:18'),
(2235, 489, 7, 8, '2015-09-19 16:15:17'),
(2236, 113, 12, 7, '2015-11-08 15:26:47'),
(2237, 425, 2, 8, '2015-07-21 20:32:35'),
(2238, 130, 6, 6, '2014-07-10 11:44:19'),
(2239, 397, 2, 4, '2015-08-25 20:55:20'),
(2240, 321, 4, 1, '2015-06-09 18:57:46'),
(2241, 682, 2, 3, '2014-03-03 19:50:46'),
(2242, 168, 4, 5, '2015-08-03 19:56:53'),
(2243, 481, 9, 4, '2015-08-02 10:27:52'),
(2244, 636, 8, 9, '2015-09-07 13:22:16'),
(2245, 409, 1, 5, '2015-04-06 15:23:58'),
(2246, 425, 7, 9, '2014-10-15 21:52:39'),
(2247, 312, 10, 5, '2015-01-03 13:51:25'),
(2248, 542, 2, 4, '2015-12-16 18:11:19'),
(2249, 578, 6, 10, '2014-03-01 11:25:46'),
(2250, 656, 3, 7, '2015-09-27 10:52:12'),
(2251, 190, 6, 6, '2014-05-12 20:41:26'),
(2252, 12, 8, 4, '2015-12-02 12:57:55'),
(2253, 516, 10, 9, '2014-09-26 17:32:26'),
(2254, 530, 9, 6, '2014-03-22 12:44:38'),
(2255, 171, 7, 4, '2014-09-23 20:35:54'),
(2256, 244, 2, 9, '2015-10-11 16:25:24'),
(2257, 285, 4, 1, '2014-08-22 14:58:20'),
(2258, 698, 2, 5, '2014-05-06 12:37:41'),
(2259, 367, 8, 6, '2015-04-26 17:25:53'),
(2260, 612, 4, 5, '2014-01-20 13:12:36'),
(2261, 580, 6, 10, '2014-02-05 13:57:11'),
(2262, 385, 10, 9, '2014-05-08 14:33:36'),
(2263, 669, 5, 1, '2014-01-05 10:11:13'),
(2264, 432, 8, 6, '2014-12-22 18:33:12'),
(2265, 31, 10, 3, '2014-06-09 11:19:34'),
(2266, 65, 4, 9, '2015-02-09 21:50:18'),
(2267, 589, 3, 6, '2015-08-22 16:10:23'),
(2268, 220, 12, 6, '2015-11-08 19:38:15'),
(2269, 3, 12, 4, '2014-05-10 15:16:57'),
(2270, 214, 8, 4, '2015-11-20 12:35:52'),
(2271, 376, 2, 1, '2015-04-09 16:48:46'),
(2272, 205, 7, 1, '2015-02-25 17:35:44'),
(2273, 538, 4, 2, '2014-06-20 17:39:24'),
(2274, 474, 2, 7, '2014-06-26 10:33:30'),
(2275, 503, 10, 6, '2015-03-22 10:38:42'),
(2276, 300, 1, 10, '2014-12-04 15:47:22'),
(2277, 68, 1, 4, '2015-02-16 22:40:50'),
(2278, 149, 5, 10, '2014-05-24 15:55:27'),
(2279, 392, 5, 9, '2014-10-05 15:57:16'),
(2280, 386, 9, 1, '2014-03-26 19:17:57'),
(2281, 246, 5, 2, '2014-06-08 19:13:40'),
(2282, 68, 6, 5, '2014-11-16 15:17:43'),
(2283, 446, 6, 10, '2014-08-04 09:24:59'),
(2284, 100, 7, 5, '2015-04-26 15:43:29'),
(2285, 445, 5, 3, '2014-12-24 19:16:16'),
(2286, 370, 3, 2, '2015-12-09 13:27:33'),
(2287, 87, 8, 2, '2015-03-06 16:46:42'),
(2288, 242, 8, 6, '2014-10-24 20:18:54'),
(2289, 451, 12, 2, '2015-02-10 10:30:12'),
(2290, 15, 1, 7, '2015-07-07 21:57:42'),
(2291, 508, 6, 7, '2015-10-24 14:44:37'),
(2292, 418, 4, 6, '2015-08-21 14:17:36'),
(2293, 209, 3, 3, '2014-02-08 20:17:41'),
(2294, 106, 6, 7, '2014-05-11 10:41:43'),
(2295, 177, 2, 7, '2014-10-05 21:59:41'),
(2296, 449, 2, 7, '2015-07-21 16:16:56'),
(2297, 472, 3, 8, '2014-11-17 10:53:35'),
(2298, 569, 10, 3, '2014-12-09 18:33:34'),
(2299, 523, 9, 3, '2015-08-04 11:32:37'),
(2300, 618, 9, 8, '2014-04-22 17:38:53'),
(2301, 576, 12, 3, '2015-04-16 17:53:37'),
(2302, 404, 1, 4, '2014-10-24 10:49:41'),
(2303, 344, 9, 1, '2014-12-03 10:14:37'),
(2304, 489, 9, 4, '2014-03-24 15:46:12'),
(2305, 647, 8, 10, '2015-04-17 09:12:25'),
(2306, 258, 6, 9, '2015-09-12 11:54:43'),
(2307, 565, 2, 10, '2014-12-06 21:24:52'),
(2308, 221, 1, 4, '2014-08-07 13:51:51'),
(2309, 175, 4, 1, '2014-06-18 12:30:17'),
(2310, 124, 4, 5, '2015-11-05 20:39:15'),
(2311, 138, 8, 10, '2014-12-06 17:57:30'),
(2312, 615, 2, 4, '2015-03-16 11:22:39'),
(2313, 117, 10, 9, '2015-11-15 12:21:49'),
(2314, 509, 12, 8, '2015-02-21 11:25:27'),
(2315, 603, 11, 2, '2014-06-25 15:53:40'),
(2316, 197, 7, 2, '2015-02-26 11:18:11'),
(2317, 531, 10, 3, '2015-05-11 11:29:11'),
(2318, 675, 6, 4, '2015-02-20 16:21:39'),
(2319, 639, 6, 2, '2015-10-09 20:23:21'),
(2320, 493, 1, 9, '2015-04-10 21:38:41'),
(2321, 476, 4, 3, '2014-06-22 13:41:37'),
(2322, 32, 4, 8, '2015-11-09 13:14:46'),
(2323, 103, 9, 7, '2015-04-27 10:32:53'),
(2324, 598, 12, 7, '2015-02-27 15:49:43'),
(2325, 459, 8, 2, '2015-07-06 11:32:12'),
(2326, 72, 4, 4, '2015-08-08 17:15:31'),
(2327, 406, 12, 7, '2014-06-19 18:45:46'),
(2328, 190, 7, 7, '2015-10-26 11:21:25'),
(2329, 281, 10, 9, '2014-11-19 21:26:30'),
(2330, 399, 10, 4, '2014-08-22 17:46:48'),
(2331, 16, 1, 6, '2015-09-10 21:53:42'),
(2332, 331, 8, 10, '2015-12-21 13:17:58'),
(2333, 28, 1, 7, '2014-05-25 16:17:39'),
(2334, 517, 11, 5, '2015-01-17 13:30:29'),
(2335, 240, 10, 4, '2014-07-23 09:50:43'),
(2336, 645, 4, 3, '2014-03-08 10:52:10'),
(2337, 141, 5, 3, '2015-10-13 18:43:22'),
(2338, 97, 1, 3, '2014-10-02 15:53:10'),
(2339, 486, 6, 4, '2015-03-18 13:20:15'),
(2340, 338, 7, 4, '2015-05-17 14:57:19'),
(2341, 422, 5, 4, '2015-11-26 21:27:25'),
(2342, 291, 4, 8, '2015-10-17 14:35:44'),
(2343, 570, 7, 1, '2014-10-18 18:30:19'),
(2344, 548, 5, 3, '2014-08-26 14:52:22'),
(2345, 326, 3, 6, '2015-04-11 14:20:52'),
(2346, 661, 10, 9, '2015-01-26 18:34:53'),
(2347, 336, 12, 4, '2014-07-06 18:40:54'),
(2348, 227, 6, 10, '2014-10-06 15:39:35'),
(2349, 653, 4, 4, '2014-09-08 11:18:42'),
(2350, 629, 3, 6, '2014-02-14 10:56:40'),
(2351, 9, 4, 10, '2014-10-05 16:19:38'),
(2352, 142, 7, 1, '2014-09-19 19:54:56'),
(2353, 253, 8, 1, '2015-11-09 14:41:52'),
(2354, 626, 8, 9, '2015-07-17 09:49:51'),
(2355, 684, 5, 3, '2015-05-06 16:15:37'),
(2356, 352, 1, 1, '2014-11-18 19:27:48'),
(2357, 370, 10, 8, '2014-07-04 14:37:59'),
(2358, 76, 10, 1, '2014-04-02 17:38:26'),
(2359, 494, 9, 5, '2015-08-21 10:42:19'),
(2360, 97, 3, 1, '2014-07-17 11:21:55'),
(2361, 274, 6, 5, '2014-02-08 12:42:35'),
(2362, 599, 10, 7, '2014-03-02 20:47:49'),
(2363, 51, 7, 2, '2015-06-18 17:31:26'),
(2364, 512, 8, 8, '2014-04-07 18:48:25'),
(2365, 122, 8, 8, '2015-10-07 16:27:56'),
(2366, 656, 9, 2, '2014-06-04 17:44:45'),
(2367, 273, 3, 10, '2015-09-01 16:43:14'),
(2368, 456, 12, 10, '2014-08-11 16:50:41'),
(2369, 597, 9, 9, '2014-08-09 17:36:25'),
(2370, 163, 6, 9, '2014-11-11 20:39:55'),
(2371, 639, 4, 9, '2015-05-17 09:20:14'),
(2372, 23, 8, 9, '2014-07-01 11:50:33'),
(2373, 572, 9, 5, '2014-07-03 18:53:45'),
(2374, 197, 1, 9, '2014-01-25 14:21:41'),
(2375, 636, 2, 2, '2015-01-22 20:46:37'),
(2376, 318, 8, 7, '2014-07-22 13:40:57'),
(2377, 533, 11, 8, '2014-05-26 17:18:56'),
(2378, 462, 3, 2, '2015-04-15 18:18:33'),
(2379, 382, 9, 5, '2014-02-06 11:11:40'),
(2380, 271, 5, 10, '2015-03-22 14:29:54'),
(2381, 176, 5, 6, '2015-05-05 10:40:45'),
(2382, 183, 2, 4, '2015-02-11 14:47:54'),
(2383, 415, 11, 10, '2015-08-01 21:58:30'),
(2384, 49, 8, 1, '2015-11-21 18:10:24'),
(2385, 416, 4, 6, '2015-02-06 21:20:58'),
(2386, 673, 12, 8, '2014-10-20 11:28:37'),
(2387, 166, 3, 7, '2015-03-24 12:15:20'),
(2388, 457, 3, 2, '2014-06-22 20:51:34'),
(2389, 484, 5, 2, '2014-03-17 14:34:57'),
(2390, 430, 3, 3, '2015-06-13 17:50:49'),
(2391, 246, 11, 8, '2015-08-09 19:13:11'),
(2392, 127, 2, 9, '2014-08-27 18:14:40'),
(2393, 80, 7, 9, '2014-03-05 14:27:12'),
(2394, 449, 1, 1, '2015-09-14 13:42:24'),
(2395, 68, 8, 9, '2015-09-16 17:38:38'),
(2396, 392, 2, 7, '2015-12-19 11:31:24'),
(2397, 131, 12, 4, '2015-09-02 12:17:53'),
(2398, 229, 6, 7, '2014-07-13 21:54:28'),
(2399, 152, 10, 1, '2015-03-19 22:37:42'),
(2400, 660, 3, 6, '2015-02-26 14:14:47'),
(2401, 77, 11, 7, '2014-09-26 19:13:22'),
(2402, 585, 2, 2, '2014-08-14 18:52:10'),
(2403, 215, 10, 6, '2014-11-15 12:53:40'),
(2404, 64, 12, 8, '2015-05-04 18:17:44'),
(2405, 629, 11, 10, '2015-10-21 12:26:46'),
(2406, 583, 6, 9, '2015-04-02 15:54:59'),
(2407, 699, 4, 7, '2015-03-22 13:12:26'),
(2408, 585, 8, 6, '2015-11-19 10:23:59'),
(2409, 558, 10, 8, '2014-03-21 22:37:49'),
(2410, 563, 7, 2, '2015-05-09 13:22:22'),
(2411, 580, 2, 10, '2014-09-23 16:30:16'),
(2412, 280, 11, 1, '2014-06-06 10:35:27'),
(2413, 628, 1, 1, '2014-12-22 12:25:31'),
(2414, 665, 11, 3, '2014-12-14 10:37:40'),
(2415, 231, 3, 6, '2014-07-26 11:45:27'),
(2416, 298, 7, 9, '2014-08-05 14:41:56'),
(2417, 267, 12, 1, '2015-07-22 16:59:14'),
(2418, 178, 12, 1, '2015-02-01 13:59:42'),
(2419, 545, 2, 2, '2015-04-03 19:49:52'),
(2420, 596, 6, 3, '2014-12-27 22:58:51'),
(2421, 503, 8, 7, '2015-08-16 20:14:16'),
(2422, 425, 6, 10, '2014-11-16 12:43:33'),
(2423, 678, 2, 10, '2015-06-14 20:27:21'),
(2424, 64, 1, 2, '2014-12-05 11:52:52'),
(2425, 681, 1, 4, '2015-12-12 14:16:10'),
(2426, 70, 4, 6, '2014-05-15 12:52:57'),
(2427, 652, 11, 6, '2014-04-09 17:16:53'),
(2428, 3, 10, 3, '2014-07-03 13:27:53'),
(2429, 674, 2, 1, '2014-01-25 22:10:39'),
(2430, 458, 4, 2, '2014-02-14 11:38:53'),
(2431, 651, 3, 9, '2015-01-13 13:10:40'),
(2432, 155, 6, 2, '2014-03-03 12:10:51'),
(2433, 155, 6, 1, '2015-10-22 11:59:40'),
(2434, 81, 4, 3, '2014-08-08 11:26:21'),
(2435, 94, 3, 1, '2015-12-01 14:45:40'),
(2436, 341, 2, 10, '2014-08-03 21:11:48'),
(2437, 403, 8, 5, '2014-10-10 12:41:34'),
(2438, 153, 9, 10, '2015-07-01 12:17:20'),
(2439, 289, 6, 2, '2015-03-19 19:12:26'),
(2440, 320, 10, 7, '2014-12-03 20:32:38'),
(2441, 621, 4, 4, '2014-02-05 18:12:17'),
(2442, 195, 7, 9, '2015-09-08 17:16:35'),
(2443, 74, 8, 9, '2015-06-04 14:53:29'),
(2444, 510, 6, 2, '2015-07-04 21:12:58'),
(2445, 308, 9, 1, '2014-10-05 09:53:15'),
(2446, 336, 6, 10, '2014-10-27 19:44:48'),
(2447, 62, 8, 7, '2015-03-20 10:56:42'),
(2448, 160, 8, 7, '2014-07-27 18:24:23'),
(2449, 425, 5, 7, '2015-01-10 12:41:10'),
(2450, 683, 5, 3, '2014-03-21 17:20:47'),
(2451, 326, 6, 7, '2015-10-26 11:21:56'),
(2452, 125, 9, 10, '2014-05-05 20:24:33'),
(2453, 139, 7, 5, '2014-05-15 16:15:21'),
(2454, 86, 9, 4, '2014-01-25 13:41:35'),
(2455, 142, 8, 7, '2015-11-10 22:33:20'),
(2456, 559, 6, 10, '2014-07-15 09:31:47'),
(2457, 547, 3, 1, '2015-02-02 20:21:25'),
(2458, 488, 5, 8, '2014-03-27 21:28:33'),
(2459, 406, 12, 10, '2015-01-05 18:57:21'),
(2460, 457, 12, 3, '2014-02-10 17:47:59'),
(2461, 317, 5, 5, '2015-10-18 12:41:33'),
(2462, 40, 1, 7, '2015-01-14 10:50:54'),
(2463, 567, 4, 3, '2014-01-24 16:11:14'),
(2464, 398, 10, 2, '2014-01-08 15:18:59'),
(2465, 202, 12, 10, '2014-10-23 14:23:41'),
(2466, 376, 1, 1, '2014-04-04 10:20:52'),
(2467, 405, 4, 7, '2015-07-26 11:28:39'),
(2468, 607, 3, 8, '2015-12-13 15:56:45'),
(2469, 336, 11, 7, '2014-08-12 09:40:28'),
(2470, 118, 8, 4, '2015-02-06 10:44:21'),
(2471, 224, 4, 5, '2015-10-06 11:27:55'),
(2472, 165, 9, 6, '2015-06-27 20:26:28'),
(2473, 530, 5, 1, '2014-06-14 21:32:30'),
(2474, 148, 6, 9, '2014-06-01 19:34:56'),
(2475, 561, 6, 3, '2014-03-16 17:52:21'),
(2476, 406, 3, 8, '2015-10-01 09:20:51'),
(2477, 229, 9, 3, '2015-07-27 13:44:22'),
(2478, 427, 3, 9, '2014-06-03 18:35:50'),
(2479, 516, 5, 2, '2014-01-17 17:46:36'),
(2480, 316, 11, 7, '2014-05-18 17:16:18'),
(2481, 70, 9, 10, '2015-09-03 14:38:30'),
(2482, 25, 10, 1, '2014-10-27 10:32:25'),
(2483, 336, 12, 10, '2014-03-08 11:34:44'),
(2484, 333, 1, 6, '2015-01-06 17:22:51'),
(2485, 226, 7, 7, '2015-02-08 22:13:57'),
(2486, 204, 2, 7, '2015-05-04 18:10:55'),
(2487, 682, 11, 4, '2014-11-23 21:34:56'),
(2488, 226, 3, 8, '2014-10-25 13:54:39'),
(2489, 453, 3, 2, '2015-12-01 14:10:39'),
(2490, 92, 11, 8, '2014-08-14 11:15:32'),
(2491, 330, 4, 3, '2015-10-14 10:29:31'),
(2492, 403, 7, 2, '2015-06-26 19:12:39'),
(2493, 121, 6, 8, '2015-12-13 13:30:51'),
(2494, 254, 10, 1, '2015-06-03 19:16:12'),
(2495, 540, 7, 3, '2014-09-08 17:50:54'),
(2496, 340, 2, 10, '2015-03-06 22:44:59'),
(2497, 642, 4, 5, '2014-11-13 11:23:25'),
(2498, 639, 3, 8, '2014-11-10 19:36:17'),
(2499, 36, 12, 1, '2015-08-07 12:23:46'),
(2500, 305, 7, 3, '2015-09-20 11:41:38'),
(2501, 700, 1, 4, '2015-01-09 17:24:41'),
(2502, 430, 9, 4, '2014-09-20 14:16:56'),
(2503, 530, 2, 7, '2014-10-24 21:10:14'),
(2504, 502, 8, 2, '2014-10-10 11:41:41'),
(2505, 634, 8, 6, '2014-06-14 20:21:12'),
(2506, 549, 4, 9, '2015-08-08 12:13:14'),
(2507, 156, 8, 7, '2015-02-22 21:43:24'),
(2508, 634, 1, 6, '2014-02-20 14:42:57'),
(2509, 519, 4, 1, '2014-07-23 18:21:29'),
(2510, 167, 1, 2, '2014-11-24 21:31:51'),
(2511, 165, 3, 5, '2014-01-15 20:27:15');
INSERT INTO `interaction` (`Inter_ID`, `User_ID`, `Exhibit_ID`, `rating`, `Inter_Time`) VALUES
(2512, 682, 8, 5, '2014-04-06 18:12:18'),
(2513, 226, 9, 3, '2014-10-18 14:52:38'),
(2514, 37, 7, 5, '2014-11-21 19:14:38'),
(2515, 423, 11, 4, '2015-08-26 20:32:52'),
(2516, 574, 5, 10, '2014-08-05 12:55:30'),
(2517, 310, 12, 7, '2015-11-23 18:56:50'),
(2518, 128, 6, 6, '2015-12-06 12:10:59'),
(2519, 654, 12, 9, '2015-04-11 16:27:42'),
(2520, 207, 7, 2, '2014-08-20 19:43:12'),
(2521, 491, 12, 8, '2014-04-01 17:34:23'),
(2522, 690, 11, 5, '2014-08-14 20:21:40'),
(2523, 133, 10, 8, '2015-04-03 21:33:59'),
(2524, 84, 12, 1, '2015-04-16 14:41:44'),
(2525, 145, 12, 7, '2015-07-10 16:28:53'),
(2526, 373, 11, 1, '2015-07-06 16:37:45'),
(2527, 222, 6, 7, '2015-09-02 21:23:50'),
(2528, 467, 1, 8, '2015-09-20 20:43:14'),
(2529, 291, 2, 3, '2014-07-21 17:13:43'),
(2530, 40, 9, 10, '2015-06-11 21:34:54'),
(2531, 241, 11, 8, '2014-10-26 16:26:29'),
(2532, 492, 9, 4, '2015-02-21 14:37:46'),
(2533, 504, 5, 6, '2014-12-09 18:34:40'),
(2534, 286, 10, 2, '2015-04-07 15:42:36'),
(2535, 349, 11, 1, '2014-07-16 19:52:59'),
(2536, 328, 2, 3, '2014-11-26 10:28:55'),
(2537, 411, 11, 2, '2015-11-03 21:51:44'),
(2538, 565, 6, 10, '2014-07-24 14:12:37'),
(2539, 144, 2, 3, '2015-08-16 09:58:46'),
(2540, 472, 10, 1, '2015-09-12 11:11:53'),
(2541, 609, 3, 9, '2014-03-04 11:31:58'),
(2542, 584, 10, 7, '2014-04-22 17:33:42'),
(2543, 493, 6, 8, '2015-09-15 10:24:37'),
(2544, 190, 12, 9, '2015-10-27 20:44:51'),
(2545, 353, 2, 3, '2015-10-06 13:44:23'),
(2546, 9, 1, 10, '2014-01-19 12:53:13'),
(2547, 196, 3, 2, '2014-09-22 13:56:33'),
(2548, 138, 2, 9, '2015-09-18 20:19:18'),
(2549, 507, 9, 5, '2014-01-17 12:44:41'),
(2550, 285, 5, 4, '2014-04-25 18:39:14'),
(2551, 133, 3, 1, '2014-05-27 13:26:36'),
(2552, 87, 2, 10, '2014-01-21 16:29:10'),
(2553, 325, 10, 9, '2015-11-18 21:46:59'),
(2554, 3, 8, 7, '2014-10-19 14:36:38'),
(2555, 279, 10, 2, '2015-12-27 12:24:21'),
(2556, 24, 10, 4, '2015-03-17 15:12:30'),
(2557, 19, 8, 2, '2014-12-13 15:39:56'),
(2558, 368, 12, 9, '2014-11-08 22:22:54'),
(2559, 217, 6, 8, '2014-08-04 17:21:56'),
(2560, 665, 9, 8, '2014-04-27 16:54:17'),
(2561, 558, 6, 6, '2014-10-02 11:54:57'),
(2562, 356, 4, 8, '2014-08-08 16:53:10'),
(2563, 498, 5, 4, '2014-11-08 16:30:31'),
(2564, 655, 2, 9, '2014-04-21 21:15:21'),
(2565, 360, 8, 9, '2014-09-27 14:34:10'),
(2566, 422, 8, 4, '2014-03-14 18:48:37'),
(2567, 130, 4, 10, '2014-12-15 12:32:32'),
(2568, 275, 4, 3, '2014-06-10 13:53:26'),
(2569, 323, 9, 6, '2014-09-26 20:50:14'),
(2570, 190, 8, 7, '2015-01-01 10:20:49'),
(2571, 60, 9, 8, '2014-01-12 13:17:20'),
(2572, 256, 11, 7, '2014-05-10 21:18:15'),
(2573, 56, 5, 1, '2014-09-14 13:33:13'),
(2574, 609, 4, 3, '2014-11-19 17:39:26'),
(2575, 160, 6, 2, '2015-07-17 09:58:12'),
(2576, 240, 9, 3, '2015-07-07 16:15:52'),
(2577, 648, 10, 1, '2015-06-23 13:26:21'),
(2578, 430, 12, 9, '2014-04-16 10:57:28'),
(2579, 442, 9, 8, '2015-10-11 17:56:27'),
(2580, 313, 8, 2, '2014-01-18 18:31:35'),
(2581, 567, 3, 8, '2014-02-07 18:29:13'),
(2582, 452, 12, 1, '2014-03-22 20:53:33'),
(2583, 45, 8, 4, '2015-11-11 14:22:26'),
(2584, 241, 5, 4, '2015-02-12 19:54:22'),
(2585, 184, 5, 7, '2014-12-03 20:36:39'),
(2586, 365, 7, 2, '2015-06-26 14:56:32'),
(2587, 46, 12, 1, '2015-04-25 16:58:24'),
(2588, 528, 10, 7, '2015-10-19 17:28:13'),
(2589, 696, 5, 5, '2014-05-24 14:19:51'),
(2590, 461, 1, 5, '2015-05-26 16:34:17'),
(2591, 164, 6, 10, '2014-06-23 20:12:26'),
(2592, 255, 6, 10, '2014-07-14 12:55:28'),
(2593, 413, 11, 7, '2015-01-26 12:35:47'),
(2594, 680, 10, 9, '2015-06-27 10:47:35'),
(2595, 215, 3, 1, '2015-09-22 12:30:59'),
(2596, 678, 6, 5, '2014-07-08 18:42:14'),
(2597, 564, 6, 1, '2014-04-04 12:11:53'),
(2598, 369, 3, 10, '2015-10-09 12:53:46'),
(2599, 213, 9, 8, '2015-05-26 18:15:31'),
(2600, 674, 3, 6, '2015-05-15 09:36:46'),
(2601, 413, 10, 4, '2014-03-01 11:37:28'),
(2602, 559, 5, 2, '2014-09-26 17:25:58'),
(2603, 88, 12, 7, '2014-05-15 19:39:32'),
(2604, 369, 3, 3, '2014-06-03 19:58:58'),
(2605, 280, 10, 9, '2015-11-14 22:13:43'),
(2606, 107, 9, 7, '2015-11-04 20:38:50'),
(2607, 637, 7, 10, '2014-07-21 20:42:18'),
(2608, 427, 1, 3, '2014-01-03 11:51:45'),
(2609, 569, 10, 4, '2014-01-05 18:10:40'),
(2610, 241, 3, 8, '2015-05-19 14:58:40'),
(2611, 682, 3, 1, '2014-03-16 12:39:47'),
(2612, 69, 3, 4, '2014-12-19 10:34:30'),
(2613, 299, 9, 4, '2015-12-04 22:26:16'),
(2614, 169, 1, 6, '2014-12-05 11:32:56'),
(2615, 17, 10, 10, '2015-04-21 19:13:38'),
(2616, 275, 2, 10, '2015-09-26 16:18:15'),
(2617, 382, 5, 8, '2015-04-24 18:48:42'),
(2618, 61, 7, 3, '2015-09-05 19:13:35'),
(2619, 601, 9, 4, '2014-09-13 16:12:53'),
(2620, 35, 4, 7, '2015-12-21 12:14:10'),
(2621, 239, 8, 3, '2014-12-21 12:13:37'),
(2622, 80, 10, 4, '2015-11-25 17:43:39'),
(2623, 289, 1, 7, '2014-12-06 10:37:10'),
(2624, 649, 6, 8, '2014-02-22 13:15:39'),
(2625, 690, 3, 4, '2015-04-13 21:18:33'),
(2626, 570, 7, 2, '2015-11-15 20:36:44'),
(2627, 23, 7, 1, '2015-02-22 12:30:49'),
(2628, 353, 12, 2, '2014-11-03 13:52:46'),
(2629, 31, 6, 9, '2015-09-13 18:30:39'),
(2630, 516, 11, 4, '2014-01-11 13:18:21'),
(2631, 254, 6, 7, '2014-03-14 22:50:32'),
(2632, 339, 4, 2, '2014-10-26 19:49:16'),
(2633, 221, 7, 1, '2014-06-11 11:15:25'),
(2634, 512, 9, 9, '2014-09-11 09:34:22'),
(2635, 161, 3, 6, '2015-08-10 16:54:24'),
(2636, 491, 11, 1, '2014-02-08 20:36:31'),
(2637, 516, 4, 8, '2014-04-22 18:47:50'),
(2638, 193, 11, 3, '2014-11-22 20:45:36'),
(2639, 158, 4, 10, '2015-04-10 19:17:46'),
(2640, 164, 3, 9, '2015-06-27 11:58:26'),
(2641, 646, 3, 9, '2015-09-06 10:39:53'),
(2642, 528, 2, 1, '2014-12-08 21:24:55'),
(2643, 563, 3, 4, '2014-12-07 18:40:15'),
(2644, 444, 2, 4, '2014-10-26 22:25:12'),
(2645, 146, 8, 4, '2014-06-16 19:52:39'),
(2646, 135, 8, 1, '2014-10-07 11:26:23'),
(2647, 60, 2, 7, '2014-04-19 14:20:36'),
(2648, 491, 11, 10, '2014-08-25 16:22:10'),
(2649, 153, 2, 6, '2015-07-25 18:19:56'),
(2650, 108, 12, 7, '2014-03-24 21:41:49'),
(2651, 385, 4, 4, '2015-06-10 17:46:28'),
(2652, 105, 3, 3, '2014-10-24 17:55:28'),
(2653, 546, 5, 7, '2015-12-05 16:50:19'),
(2654, 466, 3, 8, '2014-04-19 19:14:25'),
(2655, 550, 2, 2, '2014-09-11 13:16:15'),
(2656, 458, 3, 7, '2015-02-16 17:23:55'),
(2657, 304, 1, 3, '2015-07-26 18:11:36'),
(2658, 128, 10, 5, '2014-08-22 10:38:18'),
(2659, 286, 4, 9, '2015-12-12 21:19:18'),
(2660, 536, 1, 9, '2015-04-24 15:28:31'),
(2661, 306, 12, 5, '2014-12-18 20:53:43'),
(2662, 374, 4, 6, '2015-12-12 21:11:23'),
(2663, 473, 7, 3, '2014-01-16 19:38:44'),
(2664, 424, 5, 5, '2015-04-17 21:15:12'),
(2665, 80, 6, 6, '2014-02-25 17:22:19'),
(2666, 273, 4, 6, '2014-09-15 20:24:21'),
(2667, 559, 11, 4, '2015-02-08 16:55:47'),
(2668, 462, 7, 8, '2014-07-16 14:38:28'),
(2669, 533, 4, 3, '2014-12-24 15:43:26'),
(2670, 40, 3, 7, '2015-01-13 19:38:26'),
(2671, 97, 6, 7, '2015-10-18 13:48:18'),
(2672, 123, 7, 1, '2015-05-02 15:34:22'),
(2673, 322, 3, 3, '2015-07-24 13:38:12'),
(2674, 525, 9, 9, '2014-12-17 17:39:56'),
(2675, 586, 9, 4, '2015-08-25 21:15:46'),
(2676, 493, 6, 9, '2014-06-03 12:51:31'),
(2677, 518, 3, 7, '2014-03-15 15:41:21'),
(2678, 458, 3, 6, '2014-03-26 11:45:29'),
(2679, 127, 12, 1, '2015-05-09 11:39:27'),
(2680, 58, 10, 6, '2014-03-27 15:36:42'),
(2681, 208, 5, 10, '2014-12-11 13:40:57'),
(2682, 692, 3, 5, '2014-03-01 13:24:10'),
(2683, 336, 9, 2, '2015-05-01 09:53:42'),
(2684, 218, 12, 7, '2014-04-05 13:54:10'),
(2685, 382, 7, 7, '2015-09-01 15:41:59'),
(2686, 666, 3, 9, '2014-08-16 21:16:26'),
(2687, 65, 6, 5, '2014-10-14 16:10:33'),
(2688, 659, 7, 2, '2015-01-10 13:21:10'),
(2689, 131, 5, 9, '2015-09-12 18:36:58'),
(2690, 532, 7, 10, '2014-05-27 09:54:25'),
(2691, 497, 3, 5, '2014-08-01 11:12:42'),
(2692, 56, 1, 4, '2015-09-19 11:39:49'),
(2693, 229, 5, 1, '2014-06-15 19:54:28'),
(2694, 648, 5, 5, '2015-11-20 15:57:40'),
(2695, 570, 11, 1, '2014-07-27 14:22:25'),
(2696, 154, 4, 5, '2014-08-17 19:52:26'),
(2697, 276, 12, 10, '2014-02-02 12:47:19'),
(2698, 122, 7, 5, '2014-10-24 09:53:59'),
(2699, 672, 7, 4, '2015-07-13 10:57:40'),
(2700, 374, 10, 2, '2015-11-10 14:27:45'),
(2701, 387, 5, 6, '2015-11-26 12:41:45'),
(2702, 315, 5, 4, '2014-12-10 12:58:11'),
(2703, 252, 9, 6, '2015-06-18 20:38:44'),
(2704, 320, 1, 9, '2014-03-14 22:38:44'),
(2705, 177, 8, 8, '2014-07-21 17:23:21'),
(2706, 379, 9, 3, '2014-10-24 11:56:45'),
(2707, 66, 7, 8, '2014-05-01 10:30:13'),
(2708, 89, 10, 10, '2014-01-03 18:40:46'),
(2709, 456, 3, 1, '2014-06-23 11:23:24'),
(2710, 3, 5, 8, '2015-06-09 09:23:27'),
(2711, 295, 12, 3, '2014-06-27 15:43:49'),
(2712, 156, 9, 8, '2014-04-11 20:20:36'),
(2713, 683, 8, 2, '2015-12-01 19:49:32'),
(2714, 43, 7, 5, '2014-02-19 17:17:14'),
(2715, 693, 1, 4, '2015-01-01 22:31:46'),
(2716, 119, 7, 3, '2014-01-04 21:11:20'),
(2717, 270, 10, 2, '2014-04-25 17:36:52'),
(2718, 389, 4, 9, '2014-10-04 09:15:22'),
(2719, 460, 1, 10, '2015-06-13 15:45:24'),
(2720, 77, 12, 1, '2015-02-26 10:36:52'),
(2721, 423, 7, 7, '2014-07-19 11:56:41'),
(2722, 132, 11, 7, '2015-09-25 17:16:50'),
(2723, 363, 6, 1, '2015-02-20 19:57:55'),
(2724, 16, 3, 10, '2014-07-25 21:38:39'),
(2725, 303, 9, 9, '2014-05-16 15:24:19'),
(2726, 353, 12, 7, '2015-06-21 20:57:37'),
(2727, 192, 11, 2, '2014-02-11 15:45:23'),
(2728, 488, 4, 10, '2015-01-27 18:26:43'),
(2729, 567, 1, 4, '2014-03-20 11:18:37'),
(2730, 647, 6, 8, '2014-03-19 18:31:48'),
(2731, 458, 3, 7, '2015-10-08 21:30:53'),
(2732, 88, 9, 6, '2015-12-14 17:40:23'),
(2733, 65, 5, 2, '2015-01-25 16:39:46'),
(2734, 63, 9, 3, '2015-12-12 18:28:59'),
(2735, 521, 5, 10, '2015-03-19 21:45:30'),
(2736, 518, 6, 6, '2015-02-15 20:28:38'),
(2737, 495, 12, 5, '2014-04-27 11:34:26'),
(2738, 273, 2, 1, '2015-05-01 12:34:24'),
(2739, 27, 3, 8, '2015-10-06 09:47:56'),
(2740, 255, 11, 8, '2015-11-02 10:37:44'),
(2741, 664, 7, 8, '2015-08-25 21:37:51'),
(2742, 354, 6, 9, '2014-10-15 14:48:36'),
(2743, 526, 2, 6, '2015-12-13 16:15:28'),
(2744, 560, 11, 8, '2014-01-13 17:24:44'),
(2745, 686, 12, 7, '2015-11-03 18:42:35'),
(2746, 603, 5, 5, '2014-11-10 18:38:15'),
(2747, 109, 2, 5, '2014-09-23 14:37:45'),
(2748, 463, 12, 4, '2014-10-15 16:59:24'),
(2749, 344, 8, 10, '2014-07-02 19:27:49'),
(2750, 47, 4, 4, '2014-12-22 17:36:37'),
(2751, 612, 2, 8, '2015-09-07 21:50:19'),
(2752, 677, 9, 9, '2014-06-16 19:47:48'),
(2753, 244, 7, 7, '2014-12-24 19:10:10'),
(2754, 343, 5, 9, '2014-08-21 15:32:32'),
(2755, 260, 4, 4, '2015-06-20 16:48:42'),
(2756, 293, 4, 10, '2015-10-20 16:28:20'),
(2757, 493, 3, 3, '2014-07-03 14:39:23'),
(2758, 110, 12, 4, '2015-10-27 10:31:15'),
(2759, 177, 3, 1, '2014-06-21 13:12:34'),
(2760, 352, 9, 6, '2014-11-11 19:49:48'),
(2761, 599, 1, 4, '2014-08-23 10:35:41'),
(2762, 180, 12, 8, '2014-09-18 14:20:54'),
(2763, 509, 7, 9, '2014-01-09 18:51:40'),
(2764, 195, 12, 7, '2015-02-03 17:13:13'),
(2765, 128, 12, 4, '2015-11-08 15:22:40'),
(2766, 615, 3, 10, '2015-09-08 18:40:24'),
(2767, 465, 10, 7, '2015-06-26 21:34:39'),
(2768, 623, 12, 8, '2014-08-17 11:26:40'),
(2769, 5, 9, 5, '2014-02-17 11:49:20'),
(2770, 389, 11, 7, '2014-02-25 14:27:39'),
(2771, 442, 8, 2, '2015-02-11 22:14:44'),
(2772, 271, 1, 10, '2014-12-08 19:28:21'),
(2773, 469, 12, 1, '2015-06-06 21:48:39'),
(2774, 498, 9, 3, '2015-01-17 20:35:34'),
(2775, 397, 9, 10, '2015-01-26 20:12:26'),
(2776, 327, 5, 2, '2015-06-01 21:26:23'),
(2777, 73, 9, 2, '2015-08-08 17:14:10'),
(2778, 502, 12, 6, '2014-03-11 19:49:17'),
(2779, 295, 11, 4, '2014-03-10 12:43:28'),
(2780, 542, 6, 1, '2014-08-16 13:39:27'),
(2781, 689, 2, 9, '2015-12-15 22:54:12'),
(2782, 411, 9, 2, '2014-01-11 12:50:16'),
(2783, 522, 11, 3, '2015-04-18 16:16:37'),
(2784, 662, 10, 9, '2015-03-10 12:10:37'),
(2785, 311, 9, 8, '2014-01-09 14:58:35'),
(2786, 372, 1, 1, '2014-11-20 17:57:47'),
(2787, 669, 5, 9, '2015-08-06 13:13:50'),
(2788, 685, 12, 5, '2014-02-20 13:24:34'),
(2789, 627, 3, 4, '2015-11-25 11:40:48'),
(2790, 366, 12, 9, '2015-01-20 22:36:21'),
(2791, 104, 7, 10, '2014-01-16 14:45:24'),
(2792, 196, 4, 7, '2015-02-23 15:27:13'),
(2793, 262, 12, 5, '2015-10-18 10:33:15'),
(2794, 509, 9, 9, '2015-12-04 11:24:51'),
(2795, 520, 12, 9, '2014-10-06 15:39:53'),
(2796, 431, 2, 8, '2014-07-24 19:33:39'),
(2797, 136, 3, 2, '2014-12-12 15:16:26'),
(2798, 236, 11, 7, '2015-06-21 15:41:19'),
(2799, 640, 3, 3, '2015-10-20 14:35:57'),
(2800, 649, 9, 2, '2014-09-01 20:36:15'),
(2801, 157, 2, 10, '2015-11-14 14:39:10'),
(2802, 194, 4, 4, '2015-08-08 12:55:34'),
(2803, 298, 3, 9, '2015-10-02 18:17:12'),
(2804, 625, 3, 8, '2015-04-12 09:25:51'),
(2805, 16, 1, 8, '2014-09-17 21:55:30'),
(2806, 387, 3, 1, '2014-10-16 13:25:20'),
(2807, 316, 6, 1, '2014-09-13 15:31:22'),
(2808, 650, 9, 6, '2014-09-23 18:16:47'),
(2809, 333, 3, 5, '2015-04-12 10:33:44'),
(2810, 210, 9, 9, '2014-09-05 16:11:19'),
(2811, 248, 1, 1, '2014-09-11 10:47:54'),
(2812, 552, 1, 1, '2014-12-14 18:46:39'),
(2813, 160, 2, 6, '2015-01-04 15:19:51'),
(2814, 650, 9, 3, '2014-09-12 11:50:14'),
(2815, 556, 2, 7, '2015-06-16 18:38:58'),
(2816, 591, 4, 9, '2015-03-10 15:59:25'),
(2817, 575, 2, 9, '2015-06-21 14:16:18'),
(2818, 233, 4, 10, '2015-02-24 17:53:19'),
(2819, 518, 6, 9, '2014-08-03 11:58:31'),
(2820, 106, 6, 9, '2014-10-23 10:43:36'),
(2821, 44, 11, 10, '2014-05-05 20:24:41'),
(2822, 438, 5, 10, '2014-08-02 12:59:38'),
(2823, 96, 10, 1, '2015-06-25 12:19:40'),
(2824, 285, 11, 1, '2015-07-02 13:15:12'),
(2825, 271, 7, 8, '2014-05-07 13:44:35'),
(2826, 94, 2, 4, '2014-03-26 20:28:47'),
(2827, 611, 5, 8, '2014-07-26 14:34:17'),
(2828, 693, 12, 4, '2014-01-14 18:24:38'),
(2829, 384, 9, 1, '2015-03-09 10:54:56'),
(2830, 269, 1, 6, '2015-09-03 14:46:46'),
(2831, 530, 1, 10, '2015-07-08 13:51:49'),
(2832, 684, 8, 10, '2015-03-05 17:20:45'),
(2833, 389, 6, 3, '2014-05-07 12:25:55'),
(2834, 279, 1, 1, '2014-08-04 15:48:37'),
(2835, 691, 2, 2, '2014-02-17 16:12:47'),
(2836, 54, 6, 7, '2015-06-11 14:44:43'),
(2837, 216, 7, 9, '2015-08-03 15:52:31'),
(2838, 302, 1, 6, '2015-01-11 19:54:10'),
(2839, 511, 9, 5, '2014-03-06 22:13:24'),
(2840, 550, 9, 2, '2015-12-24 13:58:22'),
(2841, 576, 3, 7, '2014-07-04 21:57:19'),
(2842, 553, 2, 7, '2014-06-12 13:10:43'),
(2843, 391, 2, 1, '2015-09-23 09:43:34'),
(2844, 114, 11, 2, '2015-01-24 14:17:23'),
(2845, 690, 12, 7, '2015-08-10 17:56:57'),
(2846, 327, 9, 1, '2014-12-03 21:48:32'),
(2847, 95, 12, 7, '2014-11-23 21:47:23'),
(2848, 499, 5, 6, '2015-01-26 19:22:34'),
(2849, 207, 8, 7, '2014-07-27 20:29:30'),
(2850, 521, 6, 5, '2015-04-24 16:33:24'),
(2851, 261, 5, 5, '2015-05-14 21:30:15'),
(2852, 179, 3, 4, '2015-12-08 15:37:41'),
(2853, 641, 8, 1, '2015-02-11 20:41:58'),
(2854, 513, 12, 3, '2014-03-17 14:40:13'),
(2855, 122, 2, 2, '2015-06-09 19:58:16'),
(2856, 199, 4, 1, '2014-09-09 19:22:33'),
(2857, 35, 8, 10, '2015-09-12 14:37:50'),
(2858, 35, 10, 2, '2014-11-12 17:14:20'),
(2859, 463, 2, 6, '2014-02-21 13:28:35'),
(2860, 472, 10, 6, '2015-01-17 16:33:37'),
(2861, 365, 11, 5, '2015-10-26 22:59:47'),
(2862, 591, 12, 6, '2015-05-07 10:15:56'),
(2863, 631, 8, 7, '2015-06-22 13:12:32'),
(2864, 370, 5, 7, '2015-12-01 10:26:26'),
(2865, 16, 11, 4, '2014-05-12 18:27:17'),
(2866, 90, 11, 5, '2014-05-20 14:56:18'),
(2867, 30, 7, 10, '2015-07-03 12:33:16'),
(2868, 500, 10, 3, '2015-07-24 09:25:40'),
(2869, 387, 2, 6, '2015-10-09 17:39:43'),
(2870, 295, 1, 6, '2015-09-11 12:55:33'),
(2871, 481, 10, 6, '2015-03-19 20:57:57'),
(2872, 534, 3, 7, '2015-10-14 09:55:51'),
(2873, 460, 3, 2, '2015-08-16 12:27:25'),
(2874, 565, 6, 10, '2014-05-22 13:20:14'),
(2875, 284, 12, 6, '2014-01-16 13:59:10'),
(2876, 515, 2, 3, '2014-10-15 16:29:36'),
(2877, 255, 3, 4, '2014-08-13 14:40:16'),
(2878, 86, 1, 10, '2014-10-01 17:24:55'),
(2879, 643, 9, 1, '2015-08-09 10:42:28'),
(2880, 527, 7, 2, '2015-02-09 17:17:59'),
(2881, 29, 12, 1, '2015-11-11 20:55:39'),
(2882, 379, 9, 4, '2015-01-23 15:31:12'),
(2883, 524, 9, 1, '2014-01-07 17:40:14'),
(2884, 365, 6, 7, '2014-06-12 13:51:11'),
(2885, 89, 4, 7, '2015-04-26 12:50:38'),
(2886, 92, 11, 4, '2015-11-05 19:54:13'),
(2887, 314, 1, 4, '2015-03-15 22:13:19'),
(2888, 573, 10, 7, '2014-08-21 13:58:47'),
(2889, 80, 12, 10, '2015-09-10 14:48:21'),
(2890, 100, 1, 9, '2015-07-09 14:29:18'),
(2891, 331, 8, 6, '2015-12-15 11:41:33'),
(2892, 564, 3, 3, '2014-03-09 16:14:18'),
(2893, 383, 5, 1, '2014-05-18 13:39:44'),
(2894, 689, 2, 6, '2014-06-17 13:39:30'),
(2895, 371, 7, 2, '2015-02-05 10:27:35'),
(2896, 161, 12, 7, '2014-07-22 12:32:39'),
(2897, 422, 12, 1, '2014-02-03 16:49:26'),
(2898, 630, 6, 2, '2015-08-08 18:30:11'),
(2899, 450, 6, 6, '2015-03-14 19:34:46'),
(2900, 170, 6, 1, '2015-03-11 11:53:56'),
(2901, 2, 9, 9, '2014-10-09 12:23:36'),
(2902, 33, 4, 1, '2015-12-10 17:10:33'),
(2903, 600, 12, 1, '2015-06-01 12:26:44'),
(2904, 505, 9, 7, '2014-03-22 16:35:23'),
(2905, 220, 4, 6, '2015-04-11 09:37:44'),
(2906, 188, 10, 2, '2014-11-08 11:38:22'),
(2907, 500, 6, 7, '2014-06-03 19:23:35'),
(2908, 408, 10, 6, '2015-10-15 09:49:28'),
(2909, 358, 8, 5, '2014-10-13 16:17:18'),
(2910, 61, 1, 2, '2015-07-16 19:52:57'),
(2911, 275, 8, 9, '2014-09-07 09:28:54'),
(2912, 23, 12, 9, '2014-04-03 11:49:10'),
(2913, 337, 6, 8, '2014-10-03 11:10:53'),
(2914, 481, 3, 5, '2014-07-09 17:17:22'),
(2915, 575, 7, 9, '2015-02-04 15:58:49'),
(2916, 263, 5, 7, '2014-04-26 20:26:20'),
(2917, 201, 3, 2, '2014-05-16 10:35:48'),
(2918, 91, 7, 3, '2014-10-27 10:38:44'),
(2919, 189, 12, 5, '2014-01-01 11:26:44'),
(2920, 65, 4, 8, '2015-08-09 16:44:29'),
(2921, 479, 3, 2, '2015-10-02 11:55:22'),
(2922, 321, 12, 3, '2014-11-06 13:39:24'),
(2923, 455, 2, 3, '2014-05-23 19:37:41'),
(2924, 214, 4, 6, '2015-11-02 21:35:53'),
(2925, 561, 2, 10, '2015-06-25 19:11:27'),
(2926, 488, 1, 2, '2015-04-06 11:27:55'),
(2927, 274, 4, 5, '2014-04-07 09:32:15'),
(2928, 439, 10, 8, '2014-05-24 15:33:31'),
(2929, 555, 8, 7, '2015-01-27 12:22:52'),
(2930, 18, 5, 4, '2014-05-18 20:30:54'),
(2931, 624, 9, 8, '2015-06-27 13:40:14'),
(2932, 217, 3, 1, '2014-02-09 18:36:56'),
(2933, 88, 12, 4, '2014-09-17 16:59:39'),
(2934, 337, 6, 8, '2014-01-23 20:22:13'),
(2935, 523, 12, 4, '2015-07-26 20:29:11'),
(2936, 130, 2, 3, '2014-12-12 19:44:20'),
(2937, 700, 7, 8, '2015-11-23 19:15:57'),
(2938, 617, 8, 6, '2015-12-23 20:44:53'),
(2939, 406, 5, 3, '2015-04-05 21:39:44'),
(2940, 643, 9, 4, '2014-10-16 14:43:34'),
(2941, 600, 2, 8, '2014-08-02 14:26:37'),
(2942, 341, 1, 7, '2014-03-26 14:10:44'),
(2943, 377, 3, 2, '2014-01-16 20:22:43'),
(2944, 646, 6, 3, '2015-06-22 10:48:19'),
(2945, 413, 6, 10, '2015-06-26 17:14:11'),
(2946, 446, 4, 2, '2015-11-22 12:37:25'),
(2947, 365, 1, 6, '2015-10-01 10:59:57'),
(2948, 77, 5, 10, '2015-08-21 10:34:49'),
(2949, 173, 4, 5, '2014-08-22 18:45:54'),
(2950, 9, 8, 6, '2015-02-25 15:19:58'),
(2951, 253, 10, 5, '2014-10-08 13:52:58'),
(2952, 121, 9, 2, '2015-10-25 12:19:51'),
(2953, 185, 10, 5, '2015-07-21 21:21:41'),
(2954, 627, 6, 7, '2015-01-09 21:14:36'),
(2955, 280, 12, 1, '2015-09-22 17:36:52'),
(2956, 332, 9, 6, '2014-08-10 10:55:55'),
(2957, 636, 2, 1, '2015-10-08 19:16:31'),
(2958, 196, 3, 10, '2014-03-08 10:48:45'),
(2959, 291, 1, 1, '2014-11-09 17:52:22'),
(2960, 178, 5, 10, '2014-04-15 16:11:50'),
(2961, 444, 1, 5, '2015-02-12 15:23:12'),
(2962, 692, 12, 4, '2014-07-17 14:48:11'),
(2963, 507, 2, 10, '2014-06-16 18:49:18'),
(2964, 23, 5, 8, '2014-03-09 14:11:35'),
(2965, 19, 4, 1, '2014-12-02 10:13:19'),
(2966, 306, 3, 8, '2015-08-02 13:46:24'),
(2967, 25, 6, 6, '2015-02-19 15:41:26'),
(2968, 690, 6, 6, '2014-04-01 17:56:42'),
(2969, 677, 10, 7, '2014-04-19 18:47:18'),
(2970, 387, 4, 8, '2014-11-12 20:48:20'),
(2971, 483, 7, 3, '2015-03-24 11:57:25'),
(2972, 646, 5, 5, '2014-10-09 19:28:58'),
(2973, 669, 10, 2, '2014-03-22 19:32:15'),
(2974, 181, 1, 4, '2014-02-07 13:21:25'),
(2975, 304, 4, 2, '2015-08-23 16:21:42'),
(2976, 369, 8, 8, '2014-12-18 14:14:33'),
(2977, 106, 1, 8, '2014-05-17 18:45:23'),
(2978, 578, 11, 6, '2015-04-23 18:39:13'),
(2979, 398, 2, 7, '2015-11-19 20:54:44'),
(2980, 407, 9, 6, '2014-04-21 21:50:41'),
(2981, 621, 12, 8, '2015-01-17 12:57:48'),
(2982, 286, 10, 9, '2014-01-19 20:42:54'),
(2983, 203, 9, 9, '2015-12-09 16:11:34'),
(2984, 258, 10, 4, '2015-05-26 11:41:15'),
(2985, 153, 11, 8, '2014-01-02 12:55:56'),
(2986, 164, 8, 6, '2015-10-08 09:25:15'),
(2987, 206, 10, 9, '2015-12-02 13:34:30'),
(2988, 149, 1, 10, '2014-07-06 20:54:15'),
(2989, 151, 6, 8, '2014-02-22 13:34:51'),
(2990, 200, 10, 3, '2015-11-09 10:42:14'),
(2991, 436, 3, 6, '2014-11-18 19:35:23'),
(2992, 314, 3, 5, '2015-02-09 17:26:52'),
(2993, 211, 6, 3, '2015-01-08 18:14:21'),
(2994, 19, 8, 5, '2015-02-19 17:57:52'),
(2995, 424, 8, 3, '2015-06-04 12:40:15'),
(2996, 535, 3, 4, '2015-08-21 09:23:19'),
(2997, 504, 9, 3, '2015-08-21 12:42:43'),
(2998, 585, 11, 1, '2014-01-02 22:35:15'),
(2999, 180, 2, 5, '2015-08-25 19:37:20'),
(3000, 421, 2, 8, '2015-11-15 14:41:54'),
(3001, 625, 2, 1, '2015-12-04 20:11:11'),
(3002, 168, 9, 9, '2014-12-19 19:11:33'),
(3003, 242, 7, 6, '2015-07-15 15:13:50'),
(3004, 576, 2, 8, '2015-05-06 19:35:19'),
(3005, 584, 11, 8, '2015-12-10 14:47:22'),
(3006, 318, 5, 1, '2015-08-03 13:52:12'),
(3007, 319, 4, 1, '2015-02-03 21:25:18'),
(3008, 273, 11, 6, '2014-11-15 13:31:27'),
(3009, 137, 1, 5, '2014-04-16 09:49:15'),
(3010, 537, 8, 10, '2014-07-20 13:44:41'),
(3011, 567, 2, 7, '2014-02-19 12:57:36'),
(3012, 322, 11, 8, '2015-10-17 17:52:18'),
(3013, 408, 7, 9, '2014-08-11 10:43:12'),
(3014, 575, 5, 7, '2015-05-22 11:51:16'),
(3015, 146, 11, 9, '2014-11-22 15:39:20'),
(3016, 383, 4, 2, '2015-09-12 12:51:44'),
(3017, 439, 12, 10, '2014-08-01 12:33:55'),
(3018, 141, 5, 8, '2015-05-09 10:50:33'),
(3019, 287, 1, 2, '2014-02-06 10:50:43'),
(3020, 82, 5, 3, '2014-04-08 09:45:29'),
(3021, 47, 6, 10, '2014-05-19 17:27:57'),
(3022, 688, 11, 4, '2014-12-02 12:58:55'),
(3023, 651, 10, 8, '2014-05-13 18:12:20'),
(3024, 37, 7, 5, '2015-06-26 15:55:21'),
(3025, 54, 11, 4, '2015-01-01 16:41:24'),
(3026, 135, 8, 2, '2014-07-08 18:27:12'),
(3027, 222, 7, 10, '2015-02-17 19:17:54'),
(3028, 481, 10, 7, '2015-07-16 19:29:24'),
(3029, 242, 10, 10, '2014-11-16 21:46:11'),
(3030, 633, 10, 9, '2015-08-02 15:34:29'),
(3031, 138, 4, 5, '2014-08-20 11:21:53'),
(3032, 138, 8, 10, '2014-09-14 17:16:54'),
(3033, 166, 8, 7, '2014-11-11 14:53:13'),
(3034, 635, 11, 10, '2014-08-17 21:27:39'),
(3035, 316, 1, 6, '2015-08-19 13:27:34'),
(3036, 294, 9, 10, '2015-05-27 15:38:13'),
(3037, 90, 2, 6, '2014-02-08 16:30:58'),
(3038, 83, 4, 6, '2014-05-23 09:53:38'),
(3039, 339, 2, 5, '2014-08-24 09:27:29'),
(3040, 227, 1, 3, '2015-06-21 17:58:43'),
(3041, 665, 11, 6, '2014-06-02 16:10:35'),
(3042, 623, 8, 9, '2014-03-13 18:20:44'),
(3043, 315, 9, 9, '2015-11-01 14:47:34'),
(3044, 481, 4, 9, '2015-08-27 09:10:41'),
(3045, 191, 7, 4, '2015-05-20 21:15:16'),
(3046, 460, 12, 1, '2014-08-10 15:10:18'),
(3047, 88, 5, 9, '2014-10-14 18:27:29'),
(3048, 566, 4, 10, '2014-11-08 14:20:47'),
(3049, 475, 3, 8, '2014-07-19 09:21:23'),
(3050, 362, 9, 10, '2014-11-14 19:53:57'),
(3051, 589, 4, 10, '2014-07-02 16:23:33'),
(3052, 300, 5, 10, '2014-07-16 09:48:11'),
(3053, 180, 9, 1, '2015-03-20 19:28:44'),
(3054, 129, 6, 3, '2015-11-23 16:33:29'),
(3055, 2, 5, 8, '2015-04-26 11:32:11'),
(3056, 113, 5, 6, '2014-05-01 16:44:38'),
(3057, 128, 3, 7, '2015-10-25 11:58:29'),
(3058, 40, 12, 7, '2014-02-19 18:22:21'),
(3059, 281, 4, 4, '2015-01-05 14:37:53'),
(3060, 322, 2, 10, '2015-05-25 17:12:51'),
(3061, 499, 8, 2, '2014-07-03 21:53:30'),
(3062, 219, 7, 6, '2014-01-01 17:11:23'),
(3063, 404, 3, 3, '2014-03-16 17:25:31'),
(3064, 503, 2, 5, '2015-11-12 16:23:48'),
(3065, 306, 10, 4, '2015-08-09 14:19:36'),
(3066, 200, 3, 5, '2015-07-08 09:12:47'),
(3067, 419, 10, 9, '2015-09-18 21:44:57'),
(3068, 190, 2, 10, '2015-04-12 14:58:23'),
(3069, 163, 11, 7, '2015-01-06 19:13:39'),
(3070, 357, 4, 6, '2014-05-10 20:31:39'),
(3071, 529, 8, 10, '2014-02-23 14:55:51'),
(3072, 378, 4, 7, '2015-01-20 19:37:47'),
(3073, 81, 8, 2, '2014-08-07 09:24:46'),
(3074, 208, 6, 3, '2014-05-14 11:38:46'),
(3075, 267, 8, 9, '2014-06-17 19:16:42'),
(3076, 400, 11, 6, '2014-06-05 12:25:29'),
(3077, 333, 7, 7, '2014-12-07 10:50:33'),
(3078, 292, 9, 8, '2015-12-06 22:26:45'),
(3079, 676, 3, 9, '2015-05-11 10:10:39'),
(3080, 665, 12, 6, '2015-10-09 12:28:12'),
(3081, 73, 10, 3, '2015-03-05 21:30:28'),
(3082, 648, 1, 9, '2014-07-27 19:28:25'),
(3083, 432, 11, 6, '2014-10-25 09:29:17'),
(3084, 452, 4, 6, '2015-12-10 18:18:30'),
(3085, 150, 8, 5, '2014-04-09 13:33:51'),
(3086, 447, 11, 6, '2015-06-13 16:43:57'),
(3087, 519, 6, 4, '2015-05-09 11:18:22'),
(3088, 487, 5, 6, '2015-10-04 15:18:36'),
(3089, 241, 12, 7, '2015-02-22 14:24:20'),
(3090, 614, 1, 4, '2015-06-17 10:49:38'),
(3091, 250, 6, 8, '2014-01-06 21:42:27'),
(3092, 528, 6, 3, '2015-01-13 12:44:15'),
(3093, 368, 2, 6, '2014-11-21 12:53:13'),
(3094, 578, 8, 5, '2014-12-12 10:24:36'),
(3095, 678, 12, 10, '2014-08-06 12:46:44'),
(3096, 370, 2, 5, '2014-08-02 18:12:57'),
(3097, 31, 6, 3, '2014-12-01 22:26:50'),
(3098, 491, 12, 1, '2015-08-06 16:55:17'),
(3099, 574, 5, 4, '2014-12-05 19:58:22'),
(3100, 99, 1, 3, '2015-11-08 11:50:58'),
(3101, 258, 4, 3, '2015-09-14 14:56:27'),
(3102, 531, 11, 8, '2014-05-10 11:26:20'),
(3103, 351, 4, 7, '2015-07-14 10:46:43'),
(3104, 365, 2, 4, '2015-04-12 16:16:32'),
(3105, 676, 10, 9, '2014-10-16 13:17:29'),
(3106, 424, 7, 10, '2015-04-14 10:52:32'),
(3107, 190, 10, 6, '2015-07-06 10:55:16'),
(3108, 35, 5, 3, '2014-10-19 21:24:28'),
(3109, 671, 1, 10, '2014-02-15 20:47:22'),
(3110, 671, 3, 1, '2015-11-05 11:36:23'),
(3111, 657, 8, 4, '2014-05-08 20:27:22'),
(3112, 149, 10, 8, '2014-10-13 21:53:33'),
(3113, 202, 11, 5, '2015-12-22 12:16:33'),
(3114, 425, 1, 1, '2015-07-16 17:45:57'),
(3115, 415, 7, 9, '2014-01-22 11:49:39'),
(3116, 526, 7, 1, '2014-10-18 20:16:45'),
(3117, 412, 6, 2, '2015-08-24 19:55:18'),
(3118, 677, 2, 9, '2014-06-09 11:43:46'),
(3119, 535, 7, 6, '2015-03-26 20:55:24'),
(3120, 679, 3, 9, '2015-01-04 20:36:47'),
(3121, 65, 5, 9, '2014-11-02 10:10:17'),
(3122, 141, 10, 1, '2015-11-01 11:46:39'),
(3123, 212, 5, 6, '2014-08-04 15:44:36'),
(3124, 209, 3, 10, '2015-09-15 16:40:22'),
(3125, 144, 8, 10, '2014-07-09 12:30:58'),
(3126, 543, 3, 1, '2014-09-23 15:20:51'),
(3127, 232, 11, 1, '2015-04-11 18:56:48'),
(3128, 632, 6, 4, '2015-08-22 21:57:44'),
(3129, 612, 10, 1, '2015-11-18 14:55:46'),
(3130, 59, 6, 10, '2014-07-16 09:28:44'),
(3131, 542, 2, 5, '2014-07-13 12:18:28'),
(3132, 402, 5, 6, '2015-06-24 15:31:14'),
(3133, 140, 12, 1, '2015-10-04 19:23:30'),
(3134, 611, 7, 10, '2015-07-03 11:23:45'),
(3135, 142, 11, 5, '2015-11-05 21:50:49'),
(3136, 691, 1, 10, '2014-12-08 19:51:14'),
(3137, 275, 2, 8, '2015-03-01 22:55:47'),
(3138, 195, 6, 8, '2015-10-03 10:28:36'),
(3139, 676, 8, 7, '2014-10-05 12:36:11'),
(3140, 531, 2, 1, '2014-10-23 10:21:34'),
(3141, 645, 1, 2, '2014-02-06 11:30:20'),
(3142, 127, 5, 9, '2014-11-18 11:21:51'),
(3143, 469, 5, 1, '2014-09-24 14:17:43'),
(3144, 270, 9, 4, '2015-03-18 11:55:26'),
(3145, 349, 8, 9, '2014-02-08 21:53:44'),
(3146, 162, 3, 3, '2014-11-02 19:35:59'),
(3147, 418, 11, 7, '2015-02-09 10:20:36'),
(3148, 144, 2, 4, '2015-10-13 18:16:58'),
(3149, 187, 3, 10, '2015-03-27 11:57:36'),
(3150, 272, 3, 5, '2014-11-09 14:28:32'),
(3151, 618, 1, 7, '2015-10-03 18:28:59'),
(3152, 541, 11, 5, '2015-06-05 21:27:18'),
(3153, 36, 6, 4, '2014-09-14 13:32:26'),
(3154, 197, 12, 5, '2015-07-23 13:43:39'),
(3155, 496, 6, 7, '2015-07-01 20:16:44'),
(3156, 13, 5, 1, '2014-07-13 20:11:45'),
(3157, 29, 4, 5, '2015-12-20 15:46:16'),
(3158, 678, 10, 8, '2014-08-20 13:28:47'),
(3159, 498, 12, 9, '2015-05-20 19:44:21'),
(3160, 288, 2, 6, '2014-04-25 16:49:39'),
(3161, 33, 4, 5, '2015-12-03 17:17:20'),
(3162, 102, 10, 9, '2015-02-13 12:23:49'),
(3163, 641, 9, 4, '2014-04-24 09:12:19'),
(3164, 464, 7, 10, '2014-12-25 15:10:18'),
(3165, 645, 5, 3, '2015-05-05 19:50:12'),
(3166, 121, 6, 4, '2015-04-14 11:27:17'),
(3167, 14, 9, 4, '2015-07-20 09:24:28'),
(3168, 41, 12, 5, '2014-12-03 10:10:40'),
(3169, 47, 1, 8, '2014-04-21 20:14:44'),
(3170, 177, 3, 7, '2015-11-25 11:47:24'),
(3171, 338, 12, 4, '2015-11-21 13:22:27'),
(3172, 339, 10, 8, '2015-11-13 12:39:26'),
(3173, 242, 12, 7, '2014-12-08 10:32:17'),
(3174, 625, 12, 8, '2014-02-09 19:34:16'),
(3175, 250, 3, 8, '2015-02-14 17:47:18'),
(3176, 488, 2, 8, '2014-10-05 10:12:50'),
(3177, 253, 11, 2, '2015-04-14 09:16:45'),
(3178, 88, 1, 5, '2015-08-16 11:59:17'),
(3179, 438, 7, 5, '2015-02-23 18:18:11'),
(3180, 180, 4, 9, '2014-04-07 09:59:28'),
(3181, 610, 9, 6, '2014-06-02 11:33:14'),
(3182, 531, 6, 3, '2015-09-23 13:30:19'),
(3183, 392, 3, 7, '2015-11-20 10:24:54'),
(3184, 468, 10, 8, '2015-10-16 16:14:51'),
(3185, 582, 3, 7, '2015-10-27 10:50:26'),
(3186, 158, 2, 8, '2014-07-23 18:23:56'),
(3187, 17, 4, 10, '2014-03-11 10:30:14'),
(3188, 263, 7, 2, '2014-08-24 18:23:57'),
(3189, 164, 3, 3, '2014-04-02 18:15:22'),
(3190, 402, 7, 6, '2014-01-08 11:37:26'),
(3191, 600, 2, 7, '2014-06-09 14:41:56'),
(3192, 76, 4, 3, '2015-11-18 12:50:16'),
(3193, 435, 2, 7, '2014-08-17 09:39:20'),
(3194, 111, 7, 1, '2015-02-02 15:56:10'),
(3195, 67, 3, 1, '2014-05-05 20:47:50'),
(3196, 386, 11, 6, '2015-02-18 18:22:10'),
(3197, 200, 3, 2, '2014-01-06 14:41:20'),
(3198, 522, 5, 10, '2014-12-22 22:39:22'),
(3199, 547, 5, 6, '2014-06-02 10:18:40'),
(3200, 35, 11, 1, '2014-12-24 12:27:37'),
(3201, 229, 1, 4, '2014-09-25 12:41:14'),
(3202, 498, 3, 7, '2015-04-14 12:35:35'),
(3203, 187, 8, 8, '2015-05-16 17:31:13'),
(3204, 28, 4, 7, '2015-09-12 15:31:37'),
(3205, 459, 10, 5, '2015-12-06 10:54:36'),
(3206, 455, 5, 7, '2014-02-20 21:21:41'),
(3207, 522, 11, 6, '2015-07-23 19:46:50'),
(3208, 54, 3, 6, '2014-06-15 15:11:58'),
(3209, 116, 6, 10, '2014-10-26 11:28:57'),
(3210, 81, 7, 9, '2014-09-02 17:25:21'),
(3211, 686, 3, 8, '2015-02-09 12:36:23'),
(3212, 549, 10, 10, '2014-04-03 19:38:32'),
(3213, 422, 5, 8, '2014-12-09 20:26:32'),
(3214, 315, 2, 9, '2015-05-24 17:52:22'),
(3215, 17, 7, 2, '2015-09-10 10:58:58'),
(3216, 173, 3, 2, '2015-12-09 13:39:32'),
(3217, 456, 12, 8, '2014-12-18 14:31:38'),
(3218, 216, 4, 6, '2015-01-15 21:26:38'),
(3219, 659, 11, 5, '2015-02-14 22:47:37'),
(3220, 179, 6, 8, '2014-12-02 21:41:10'),
(3221, 568, 12, 4, '2014-09-03 11:27:31'),
(3222, 111, 7, 7, '2014-05-01 09:54:48'),
(3223, 90, 3, 10, '2015-09-11 11:17:25'),
(3224, 2, 9, 3, '2014-05-25 11:11:59'),
(3225, 252, 10, 6, '2015-06-08 18:50:23'),
(3226, 90, 10, 6, '2014-09-22 16:50:19'),
(3227, 275, 3, 7, '2015-11-20 12:47:38'),
(3228, 411, 4, 5, '2014-08-23 17:32:49'),
(3229, 262, 11, 7, '2014-05-14 18:13:12'),
(3230, 90, 8, 9, '2014-12-19 10:28:30'),
(3231, 417, 12, 5, '2014-12-24 22:39:59'),
(3232, 272, 11, 6, '2014-09-26 12:40:15'),
(3233, 531, 4, 1, '2015-05-06 21:10:57'),
(3234, 654, 5, 9, '2014-08-02 11:54:57'),
(3235, 640, 3, 8, '2014-02-08 18:19:39'),
(3236, 636, 9, 6, '2015-04-15 20:36:45'),
(3237, 616, 10, 8, '2015-06-07 09:20:44'),
(3238, 537, 6, 8, '2014-02-08 11:45:19'),
(3239, 271, 4, 10, '2015-05-05 20:22:36'),
(3240, 117, 9, 4, '2014-07-02 20:42:24'),
(3241, 149, 8, 3, '2014-06-27 13:17:46'),
(3242, 355, 4, 9, '2014-11-10 13:39:45'),
(3243, 143, 4, 8, '2015-04-10 12:50:20'),
(3244, 291, 11, 6, '2014-05-03 09:42:50'),
(3245, 215, 2, 8, '2015-12-26 19:42:39'),
(3246, 503, 5, 9, '2014-09-12 14:17:36'),
(3247, 345, 7, 6, '2015-05-26 20:19:14'),
(3248, 48, 10, 2, '2015-08-09 13:27:46'),
(3249, 517, 5, 2, '2015-07-02 10:44:55'),
(3250, 167, 11, 7, '2014-09-03 09:16:17'),
(3251, 483, 7, 9, '2014-01-16 21:13:17'),
(3252, 149, 10, 3, '2015-02-20 16:33:44'),
(3253, 686, 5, 8, '2014-05-05 16:22:13'),
(3254, 426, 10, 8, '2015-02-12 19:15:20'),
(3255, 287, 1, 9, '2014-10-02 20:25:46'),
(3256, 451, 10, 10, '2015-06-24 10:43:55'),
(3257, 166, 3, 9, '2015-11-21 13:46:23'),
(3258, 495, 10, 4, '2015-03-05 17:11:59'),
(3259, 553, 2, 7, '2014-02-24 12:43:22'),
(3260, 12, 7, 10, '2015-02-15 17:18:37'),
(3261, 359, 1, 8, '2015-11-23 11:19:58'),
(3262, 292, 7, 2, '2015-02-13 18:52:36'),
(3263, 136, 7, 7, '2014-06-13 10:53:29'),
(3264, 86, 2, 1, '2014-02-19 22:32:16'),
(3265, 107, 4, 1, '2015-01-02 11:29:48'),
(3266, 693, 6, 3, '2015-08-22 18:34:17'),
(3267, 472, 2, 8, '2014-04-02 21:30:42'),
(3268, 525, 12, 10, '2014-07-27 11:13:57'),
(3269, 28, 4, 2, '2014-02-07 14:56:14'),
(3270, 230, 12, 9, '2014-05-27 13:20:41'),
(3271, 562, 1, 5, '2014-02-19 22:25:45'),
(3272, 665, 1, 10, '2014-10-06 17:25:44'),
(3273, 585, 4, 6, '2015-06-06 14:31:48'),
(3274, 320, 12, 3, '2015-06-24 21:55:45'),
(3275, 612, 5, 4, '2015-01-07 15:56:11'),
(3276, 319, 1, 1, '2014-04-15 13:30:53'),
(3277, 100, 2, 2, '2014-12-09 20:40:26'),
(3278, 392, 9, 3, '2015-10-03 18:59:58'),
(3279, 340, 4, 2, '2015-10-03 13:11:35'),
(3280, 417, 3, 6, '2015-11-10 22:16:45'),
(3281, 685, 2, 8, '2015-01-15 20:17:52'),
(3282, 103, 11, 8, '2015-02-10 18:22:30'),
(3283, 668, 1, 7, '2014-11-03 11:44:36'),
(3284, 97, 2, 5, '2015-07-11 18:14:40'),
(3285, 618, 10, 4, '2015-10-07 12:49:36'),
(3286, 255, 4, 8, '2015-05-11 10:59:14'),
(3287, 469, 12, 5, '2015-01-18 14:45:12'),
(3288, 299, 10, 6, '2015-03-08 19:30:27'),
(3289, 48, 8, 7, '2014-11-21 11:36:58'),
(3290, 34, 12, 4, '2015-04-13 19:57:53'),
(3291, 626, 2, 10, '2015-02-21 10:44:51'),
(3292, 72, 11, 6, '2015-12-17 18:31:12'),
(3293, 166, 8, 3, '2015-10-05 13:54:45'),
(3294, 212, 6, 3, '2014-11-18 21:51:31'),
(3295, 199, 8, 9, '2014-03-26 17:25:53'),
(3296, 471, 10, 2, '2015-11-06 10:13:26'),
(3297, 488, 7, 9, '2014-01-08 20:11:14'),
(3298, 567, 9, 2, '2014-12-13 12:36:15'),
(3299, 631, 4, 4, '2015-05-22 14:52:59'),
(3300, 286, 2, 6, '2015-11-07 21:15:49'),
(3301, 461, 2, 6, '2014-01-25 11:23:30'),
(3302, 95, 11, 1, '2014-05-17 11:53:48'),
(3303, 199, 5, 4, '2015-09-12 13:56:50'),
(3304, 90, 10, 2, '2015-06-11 17:18:37'),
(3305, 174, 12, 7, '2015-06-16 17:35:41'),
(3306, 286, 8, 1, '2015-01-07 13:49:19'),
(3307, 281, 10, 1, '2014-01-12 12:14:22'),
(3308, 351, 9, 1, '2014-05-22 14:40:51'),
(3309, 490, 1, 4, '2014-12-20 18:41:14'),
(3310, 161, 7, 2, '2014-09-07 20:43:52'),
(3311, 325, 10, 8, '2015-04-17 15:21:25'),
(3312, 4, 10, 9, '2015-03-12 21:36:18'),
(3313, 488, 3, 8, '2015-08-21 10:48:16'),
(3314, 680, 10, 7, '2014-01-11 16:42:52'),
(3315, 615, 8, 7, '2015-10-06 11:38:56'),
(3316, 536, 7, 1, '2014-07-02 21:40:23'),
(3317, 63, 12, 10, '2014-03-23 19:46:39'),
(3318, 325, 1, 5, '2014-10-19 11:18:58'),
(3319, 602, 6, 4, '2015-11-14 20:44:18'),
(3320, 242, 4, 9, '2015-07-18 11:18:57'),
(3321, 250, 7, 1, '2014-10-02 19:14:32'),
(3322, 107, 7, 7, '2014-02-15 12:45:23'),
(3323, 165, 5, 2, '2014-07-17 12:38:54'),
(3324, 271, 2, 5, '2015-09-01 21:42:22'),
(3325, 472, 1, 5, '2015-03-22 11:16:56'),
(3326, 675, 9, 10, '2014-08-12 20:10:46'),
(3327, 296, 7, 2, '2015-12-22 11:42:30'),
(3328, 676, 6, 2, '2015-04-06 14:45:14'),
(3329, 14, 4, 4, '2014-04-15 10:53:38'),
(3330, 680, 6, 3, '2015-07-27 18:54:49'),
(3331, 142, 5, 9, '2014-11-14 16:45:32'),
(3332, 428, 11, 7, '2015-08-04 14:46:12'),
(3333, 576, 5, 6, '2014-05-12 15:10:22'),
(3334, 112, 7, 8, '2014-01-26 12:51:29'),
(3335, 654, 5, 8, '2014-07-15 15:57:55'),
(3336, 671, 4, 2, '2014-11-20 10:44:11'),
(3337, 14, 7, 5, '2014-12-11 12:42:43'),
(3338, 31, 11, 8, '2014-04-19 17:46:43'),
(3339, 487, 4, 10, '2015-08-23 11:30:19'),
(3340, 622, 10, 7, '2015-08-11 13:13:52'),
(3341, 617, 8, 7, '2014-10-21 13:37:21'),
(3342, 391, 4, 7, '2015-04-12 15:22:47'),
(3343, 642, 8, 8, '2014-08-27 13:27:21'),
(3344, 688, 7, 3, '2014-06-25 09:53:57'),
(3345, 690, 12, 10, '2015-12-06 12:19:50'),
(3346, 87, 2, 3, '2014-06-21 18:24:13'),
(3347, 543, 12, 2, '2014-09-18 13:58:37'),
(3348, 109, 4, 6, '2015-06-12 18:49:33'),
(3349, 202, 6, 3, '2014-01-25 15:40:23'),
(3350, 328, 1, 4, '2015-10-27 22:11:57'),
(3351, 544, 9, 8, '2015-11-18 15:35:46'),
(3352, 639, 6, 10, '2015-10-17 19:50:37'),
(3353, 284, 7, 1, '2014-03-10 11:40:36'),
(3354, 442, 11, 9, '2014-04-05 14:11:15'),
(3355, 678, 6, 4, '2014-05-11 14:33:16'),
(3356, 333, 9, 7, '2014-02-02 13:50:57'),
(3357, 217, 11, 6, '2015-12-25 17:31:33'),
(3358, 373, 7, 4, '2015-11-27 17:43:32'),
(3359, 621, 2, 3, '2015-08-03 14:27:20'),
(3360, 21, 10, 3, '2015-02-22 17:13:50'),
(3361, 98, 10, 7, '2014-11-24 18:11:48'),
(3362, 180, 6, 4, '2015-06-02 18:48:55'),
(3363, 700, 5, 3, '2014-03-08 21:35:56'),
(3364, 273, 2, 8, '2015-10-02 13:17:51'),
(3365, 548, 11, 6, '2014-04-01 09:17:24'),
(3366, 499, 3, 1, '2014-05-17 09:14:49'),
(3367, 463, 5, 8, '2015-06-09 21:11:19'),
(3368, 490, 3, 10, '2014-01-12 11:49:24'),
(3369, 139, 12, 1, '2015-10-24 13:37:45'),
(3370, 669, 10, 10, '2014-05-19 14:40:39'),
(3371, 429, 9, 10, '2014-05-02 13:46:58'),
(3372, 565, 2, 2, '2015-05-19 18:25:24'),
(3373, 685, 2, 5, '2015-11-23 19:42:53'),
(3374, 617, 2, 8, '2015-01-15 19:52:41'),
(3375, 529, 4, 7, '2014-09-14 14:58:13'),
(3376, 2, 11, 7, '2015-08-20 15:13:34'),
(3377, 207, 10, 3, '2014-11-20 21:39:53'),
(3378, 538, 11, 4, '2014-11-27 14:27:31'),
(3379, 464, 9, 7, '2014-04-22 13:36:17'),
(3380, 297, 11, 3, '2014-08-23 15:10:22'),
(3381, 243, 9, 9, '2014-06-17 18:58:21'),
(3382, 498, 8, 9, '2014-11-17 11:13:25'),
(3383, 365, 7, 1, '2014-10-09 13:37:25'),
(3384, 159, 4, 5, '2014-12-05 10:38:48'),
(3385, 534, 4, 8, '2014-11-03 10:27:25'),
(3386, 579, 5, 1, '2015-12-18 22:56:27'),
(3387, 350, 10, 1, '2015-04-22 12:23:39'),
(3388, 246, 3, 5, '2015-07-16 11:50:25'),
(3389, 516, 7, 10, '2015-07-16 21:21:45'),
(3390, 21, 6, 2, '2015-06-09 11:44:23'),
(3391, 696, 7, 4, '2014-07-13 20:41:53'),
(3392, 521, 6, 6, '2014-12-15 14:53:44'),
(3393, 202, 3, 5, '2014-02-15 16:45:36'),
(3394, 372, 12, 2, '2014-12-14 22:57:45'),
(3395, 682, 5, 3, '2014-01-11 18:55:33'),
(3396, 407, 8, 6, '2015-05-06 14:55:26'),
(3397, 335, 12, 6, '2015-09-27 09:52:37'),
(3398, 99, 9, 4, '2014-05-08 21:23:19'),
(3399, 681, 8, 6, '2015-06-25 21:12:14'),
(3400, 569, 3, 5, '2014-05-26 13:32:10'),
(3401, 107, 9, 2, '2014-08-21 20:33:38'),
(3402, 399, 12, 6, '2015-05-13 13:37:54'),
(3403, 404, 7, 9, '2015-06-17 15:50:21'),
(3404, 242, 10, 7, '2014-03-20 18:46:29'),
(3405, 177, 8, 6, '2014-04-14 15:33:20'),
(3406, 660, 10, 2, '2014-06-21 19:18:34'),
(3407, 635, 8, 9, '2015-04-21 15:40:29'),
(3408, 598, 9, 3, '2015-07-16 11:49:48'),
(3409, 284, 11, 7, '2015-03-11 13:45:17'),
(3410, 182, 8, 9, '2014-03-24 15:35:59'),
(3411, 507, 12, 4, '2014-10-06 13:33:53'),
(3412, 490, 9, 8, '2014-08-26 14:47:53'),
(3413, 345, 9, 2, '2014-08-16 20:38:18'),
(3414, 20, 10, 4, '2014-06-22 13:18:55'),
(3415, 366, 2, 4, '2015-07-10 11:49:17'),
(3416, 258, 12, 3, '2015-10-15 17:24:53'),
(3417, 173, 6, 10, '2015-01-13 12:11:56'),
(3418, 99, 8, 3, '2015-10-18 13:30:36'),
(3419, 113, 7, 1, '2015-11-11 14:46:26'),
(3420, 299, 6, 7, '2015-12-09 11:42:26'),
(3421, 166, 12, 1, '2014-06-16 12:31:25'),
(3422, 648, 4, 8, '2014-11-15 21:41:15'),
(3423, 683, 11, 5, '2014-02-07 13:51:31'),
(3424, 653, 10, 1, '2015-02-11 20:48:15'),
(3425, 552, 6, 8, '2014-12-22 12:57:38'),
(3426, 302, 9, 5, '2015-09-03 10:47:21'),
(3427, 339, 12, 7, '2014-05-22 18:27:27'),
(3428, 158, 1, 6, '2015-08-27 10:39:13'),
(3429, 85, 3, 8, '2015-08-27 13:14:17'),
(3430, 302, 12, 3, '2014-05-01 21:41:44'),
(3431, 510, 3, 4, '2015-02-10 14:55:44'),
(3432, 429, 1, 1, '2015-06-11 15:54:53'),
(3433, 257, 1, 5, '2015-04-15 11:19:52'),
(3434, 124, 1, 5, '2015-06-27 14:10:58'),
(3435, 659, 2, 5, '2014-10-20 09:22:29'),
(3436, 268, 9, 5, '2015-07-26 12:16:57'),
(3437, 649, 2, 6, '2015-08-23 09:19:27'),
(3438, 352, 12, 7, '2015-09-10 11:15:57'),
(3439, 125, 1, 6, '2015-12-24 14:20:12'),
(3440, 92, 8, 5, '2014-01-21 22:43:36'),
(3441, 604, 4, 1, '2014-08-17 14:39:16'),
(3442, 467, 9, 9, '2014-04-21 09:10:10'),
(3443, 199, 12, 10, '2014-09-13 11:29:42'),
(3444, 566, 9, 6, '2015-12-20 16:35:21'),
(3445, 217, 5, 1, '2014-09-03 20:30:28'),
(3446, 160, 6, 6, '2015-08-02 12:28:46'),
(3447, 151, 2, 8, '2015-03-19 15:19:48'),
(3448, 448, 12, 8, '2015-07-25 18:28:52'),
(3449, 695, 12, 3, '2015-10-06 15:45:31'),
(3450, 436, 9, 2, '2015-11-05 21:34:14'),
(3451, 417, 3, 5, '2014-12-11 18:58:28'),
(3452, 271, 11, 2, '2015-09-24 19:59:58'),
(3453, 566, 3, 3, '2014-11-14 16:58:50'),
(3454, 445, 7, 8, '2015-08-11 15:47:45'),
(3455, 695, 10, 4, '2015-01-19 12:22:54'),
(3456, 57, 2, 8, '2014-01-12 19:39:26'),
(3457, 191, 6, 9, '2014-02-03 18:44:14'),
(3458, 179, 8, 8, '2014-03-03 18:56:28'),
(3459, 91, 2, 3, '2015-07-15 19:34:38'),
(3460, 84, 8, 3, '2014-04-10 14:36:17'),
(3461, 268, 1, 10, '2014-05-07 15:48:36'),
(3462, 488, 11, 3, '2015-12-06 18:57:17'),
(3463, 324, 3, 2, '2015-10-05 14:34:43'),
(3464, 437, 3, 1, '2015-12-03 16:20:33'),
(3465, 481, 4, 10, '2015-12-25 15:53:53'),
(3466, 530, 10, 1, '2014-12-01 17:19:42'),
(3467, 302, 12, 3, '2014-08-27 17:28:56'),
(3468, 607, 1, 5, '2014-05-08 09:25:15'),
(3469, 23, 7, 9, '2014-03-19 20:22:40'),
(3470, 88, 4, 1, '2015-04-26 17:31:10'),
(3471, 389, 2, 1, '2015-06-02 09:43:12'),
(3472, 7, 2, 5, '2014-01-16 21:43:30'),
(3473, 415, 9, 8, '2014-07-20 19:11:25'),
(3474, 74, 3, 8, '2014-10-23 14:56:54'),
(3475, 229, 1, 6, '2014-07-21 10:40:50'),
(3476, 372, 5, 2, '2014-06-26 18:28:40'),
(3477, 343, 5, 2, '2014-07-18 19:49:18'),
(3478, 658, 6, 5, '2015-03-18 12:57:25'),
(3479, 676, 9, 2, '2014-01-03 11:29:55'),
(3480, 193, 10, 9, '2015-12-26 14:36:17'),
(3481, 274, 4, 3, '2014-06-20 20:24:28'),
(3482, 267, 3, 7, '2015-02-13 17:53:34'),
(3483, 352, 10, 10, '2015-09-21 10:17:23'),
(3484, 267, 1, 3, '2015-09-14 10:36:59'),
(3485, 297, 11, 10, '2015-09-23 10:29:59'),
(3486, 301, 9, 8, '2015-03-21 18:55:30'),
(3487, 168, 11, 6, '2015-10-15 18:54:51'),
(3488, 645, 7, 9, '2014-12-17 21:38:56'),
(3489, 546, 9, 8, '2015-11-25 22:11:37'),
(3490, 220, 9, 8, '2015-03-27 18:47:24'),
(3491, 175, 7, 10, '2015-07-21 21:26:58'),
(3492, 359, 10, 2, '2015-01-06 14:45:15'),
(3493, 450, 5, 5, '2014-05-19 16:23:49'),
(3494, 170, 8, 7, '2015-04-18 21:25:41'),
(3495, 173, 6, 6, '2014-03-17 11:22:32'),
(3496, 515, 7, 8, '2014-07-16 14:47:56'),
(3497, 496, 6, 6, '2015-12-18 10:15:55'),
(3498, 556, 6, 3, '2014-06-19 17:51:54'),
(3499, 358, 7, 2, '2015-09-01 13:50:57'),
(3500, 100, 7, 10, '2014-09-07 17:24:50'),
(3501, 669, 7, 9, '2015-01-02 11:39:21'),
(3502, 176, 9, 7, '2014-09-03 16:41:11'),
(3503, 288, 9, 10, '2015-05-01 14:34:58'),
(3504, 332, 3, 10, '2014-12-16 20:41:54'),
(3505, 565, 11, 8, '2014-08-15 11:33:28'),
(3506, 261, 1, 9, '2014-02-01 12:50:28'),
(3507, 488, 12, 4, '2015-01-10 14:16:10'),
(3508, 77, 10, 3, '2014-06-19 14:45:53'),
(3509, 222, 6, 7, '2015-05-08 20:12:55'),
(3510, 681, 12, 10, '2015-01-27 14:25:17'),
(3511, 1, 5, 10, '2015-01-10 12:26:30'),
(3512, 660, 8, 8, '2015-03-14 16:26:34'),
(3513, 669, 1, 4, '2015-01-08 10:18:11'),
(3514, 304, 2, 2, '2015-04-24 11:12:26'),
(3515, 182, 6, 6, '2015-03-09 10:28:20'),
(3516, 218, 5, 6, '2014-01-13 12:40:42'),
(3517, 455, 9, 10, '2015-04-24 19:41:16'),
(3518, 347, 3, 9, '2015-06-19 17:12:53'),
(3519, 62, 8, 4, '2015-11-01 14:31:42'),
(3520, 541, 12, 4, '2014-03-13 17:51:44'),
(3521, 332, 2, 1, '2014-05-27 10:26:21'),
(3522, 111, 1, 4, '2015-04-13 20:22:10'),
(3523, 234, 4, 5, '2015-04-17 16:23:46'),
(3524, 346, 3, 6, '2014-07-23 17:56:37'),
(3525, 63, 4, 9, '2014-11-10 12:35:45'),
(3526, 36, 1, 1, '2015-12-18 18:58:40'),
(3527, 383, 4, 3, '2015-08-19 21:56:55'),
(3528, 525, 8, 8, '2015-08-24 18:33:12'),
(3529, 324, 7, 8, '2015-02-17 18:37:30'),
(3530, 693, 9, 10, '2014-09-02 18:16:19'),
(3531, 634, 2, 9, '2014-10-09 13:34:17'),
(3532, 417, 10, 2, '2014-10-07 14:35:42'),
(3533, 23, 12, 9, '2014-06-16 17:35:41'),
(3534, 217, 9, 9, '2014-02-21 11:44:59'),
(3535, 94, 4, 1, '2014-01-11 11:21:51'),
(3536, 271, 9, 3, '2014-05-11 09:59:55'),
(3537, 142, 4, 2, '2014-11-20 12:10:39'),
(3538, 281, 4, 10, '2014-12-09 14:10:17'),
(3539, 653, 8, 7, '2014-03-27 15:52:29'),
(3540, 476, 4, 1, '2014-02-20 15:43:37'),
(3541, 551, 12, 6, '2014-03-10 13:49:31'),
(3542, 362, 1, 1, '2014-12-04 10:37:19'),
(3543, 478, 11, 6, '2015-08-22 16:58:36'),
(3544, 442, 5, 1, '2014-06-22 20:29:24'),
(3545, 360, 3, 3, '2014-06-08 19:49:27'),
(3546, 167, 3, 10, '2014-01-15 22:13:29'),
(3547, 506, 1, 10, '2014-11-27 21:20:19'),
(3548, 659, 7, 1, '2015-09-14 19:54:31'),
(3549, 584, 8, 10, '2015-05-16 17:46:31'),
(3550, 288, 5, 2, '2015-07-11 12:10:58'),
(3551, 625, 7, 1, '2015-12-04 12:50:37'),
(3552, 372, 5, 7, '2014-02-14 20:45:39'),
(3553, 146, 1, 2, '2015-10-09 09:47:18'),
(3554, 665, 3, 7, '2015-11-21 11:47:12'),
(3555, 453, 4, 4, '2014-04-12 12:42:54'),
(3556, 586, 2, 4, '2014-01-27 17:26:22'),
(3557, 649, 2, 10, '2014-10-25 10:14:49'),
(3558, 357, 3, 9, '2014-08-03 16:25:59'),
(3559, 99, 11, 6, '2014-01-14 19:43:29'),
(3560, 92, 2, 10, '2014-06-25 21:37:21'),
(3561, 371, 11, 6, '2014-08-02 09:37:39'),
(3562, 135, 12, 10, '2014-12-18 18:22:51'),
(3563, 587, 6, 5, '2015-01-24 19:10:33'),
(3564, 196, 12, 10, '2015-02-26 18:57:49'),
(3565, 319, 11, 9, '2015-07-22 18:48:21'),
(3566, 567, 7, 10, '2014-05-01 10:27:45'),
(3567, 35, 12, 7, '2015-11-21 12:58:42'),
(3568, 616, 9, 6, '2015-08-07 16:36:29'),
(3569, 630, 9, 7, '2015-07-08 15:11:19'),
(3570, 7, 7, 1, '2015-11-18 16:26:19'),
(3571, 455, 1, 8, '2014-09-21 17:52:31'),
(3572, 449, 10, 10, '2015-04-01 12:54:52'),
(3573, 406, 10, 7, '2015-02-10 18:31:31'),
(3574, 129, 5, 4, '2014-10-22 12:18:12'),
(3575, 451, 3, 10, '2015-09-01 10:15:10'),
(3576, 535, 5, 6, '2015-05-12 09:41:34'),
(3577, 391, 2, 2, '2015-02-21 15:33:11'),
(3578, 133, 1, 3, '2014-12-16 10:10:13'),
(3579, 128, 10, 3, '2014-11-06 20:29:18'),
(3580, 21, 3, 1, '2014-09-20 20:58:47'),
(3581, 223, 1, 4, '2015-06-06 18:42:57'),
(3582, 207, 3, 9, '2014-04-14 12:42:56'),
(3583, 5, 9, 7, '2015-08-14 20:39:22'),
(3584, 355, 10, 2, '2015-06-19 18:58:22'),
(3585, 365, 2, 3, '2015-02-07 21:41:57'),
(3586, 487, 4, 5, '2014-03-18 18:29:30'),
(3587, 407, 11, 10, '2014-06-09 19:35:59'),
(3588, 653, 12, 10, '2014-08-02 16:52:40'),
(3589, 97, 1, 2, '2015-08-09 14:49:11'),
(3590, 337, 6, 8, '2015-12-27 10:30:40'),
(3591, 610, 9, 1, '2015-11-05 17:34:59'),
(3592, 380, 9, 3, '2014-02-17 17:55:59'),
(3593, 548, 6, 5, '2014-10-03 13:19:58'),
(3594, 569, 7, 7, '2015-08-27 19:45:12'),
(3595, 388, 10, 2, '2015-03-17 22:19:38'),
(3596, 293, 6, 4, '2015-11-15 22:55:29'),
(3597, 383, 10, 9, '2014-06-14 11:12:44'),
(3598, 697, 2, 4, '2015-05-26 19:19:32'),
(3599, 270, 5, 10, '2014-02-25 12:48:34'),
(3600, 507, 8, 9, '2015-05-23 13:28:12'),
(3601, 318, 7, 8, '2015-09-27 14:12:36'),
(3602, 413, 6, 5, '2014-11-12 17:49:59'),
(3603, 574, 12, 9, '2014-11-06 11:35:38'),
(3604, 552, 12, 1, '2014-05-07 15:49:25'),
(3605, 678, 1, 8, '2015-08-08 16:19:22'),
(3606, 40, 12, 6, '2014-09-09 09:53:35'),
(3607, 555, 5, 7, '2014-09-25 21:46:52'),
(3608, 426, 12, 6, '2015-02-02 11:54:34'),
(3609, 87, 2, 4, '2015-04-11 10:53:58'),
(3610, 344, 9, 5, '2014-09-23 14:36:34'),
(3611, 101, 5, 1, '2015-04-25 16:34:24'),
(3612, 425, 4, 8, '2015-04-10 16:29:29'),
(3613, 153, 7, 2, '2015-09-23 09:25:49'),
(3614, 229, 1, 6, '2015-12-26 12:23:23'),
(3615, 114, 1, 6, '2014-07-04 21:46:43'),
(3616, 174, 3, 5, '2015-10-02 15:48:40'),
(3617, 546, 9, 1, '2014-06-27 12:31:30'),
(3618, 31, 3, 10, '2015-01-03 21:18:35'),
(3619, 433, 6, 2, '2015-05-14 15:49:38'),
(3620, 245, 5, 5, '2015-08-13 10:10:26'),
(3621, 66, 12, 3, '2015-04-03 13:51:39'),
(3622, 182, 2, 8, '2015-08-24 18:24:56'),
(3623, 150, 11, 2, '2014-09-22 15:18:46'),
(3624, 424, 10, 1, '2014-02-23 20:35:56'),
(3625, 267, 8, 5, '2014-09-18 13:23:25'),
(3626, 415, 5, 4, '2015-04-02 16:35:46'),
(3627, 266, 2, 8, '2015-08-26 12:27:10'),
(3628, 34, 3, 1, '2015-05-15 21:37:36'),
(3629, 259, 5, 7, '2015-09-21 09:42:43'),
(3630, 372, 3, 7, '2014-01-19 18:50:49'),
(3631, 429, 11, 6, '2014-06-14 17:20:47'),
(3632, 527, 9, 9, '2014-01-21 16:13:43'),
(3633, 360, 12, 8, '2014-09-23 21:10:16'),
(3634, 293, 10, 3, '2015-01-01 11:29:41'),
(3635, 238, 3, 1, '2015-01-10 21:56:53'),
(3636, 290, 4, 4, '2015-05-20 21:19:30'),
(3637, 356, 12, 3, '2015-07-10 16:41:20'),
(3638, 486, 10, 10, '2014-11-24 21:37:45'),
(3639, 164, 12, 7, '2015-11-04 20:33:34'),
(3640, 553, 3, 3, '2015-03-12 19:46:48'),
(3641, 366, 11, 2, '2015-05-27 12:51:25'),
(3642, 489, 10, 1, '2014-02-13 13:31:46'),
(3643, 176, 7, 5, '2014-02-20 16:54:44'),
(3644, 209, 7, 10, '2014-07-08 10:32:27'),
(3645, 153, 7, 3, '2014-05-04 19:28:10'),
(3646, 625, 11, 6, '2015-06-23 14:51:14'),
(3647, 159, 9, 4, '2015-02-15 19:36:15'),
(3648, 245, 8, 8, '2015-10-07 11:53:22'),
(3649, 207, 2, 2, '2015-06-10 14:19:58'),
(3650, 167, 5, 10, '2014-04-22 17:34:17'),
(3651, 622, 4, 8, '2015-06-27 19:37:16'),
(3652, 185, 12, 5, '2015-05-01 16:10:39'),
(3653, 698, 1, 2, '2014-02-16 18:11:25'),
(3654, 357, 11, 8, '2014-05-09 12:18:51'),
(3655, 468, 1, 7, '2014-12-06 14:32:31'),
(3656, 453, 3, 10, '2015-12-08 11:25:41'),
(3657, 472, 1, 3, '2014-01-17 19:14:43'),
(3658, 217, 2, 10, '2015-09-13 21:25:19'),
(3659, 567, 2, 2, '2014-12-15 18:59:12'),
(3660, 277, 4, 5, '2014-02-25 19:42:26'),
(3661, 589, 11, 1, '2015-11-18 13:43:54'),
(3662, 183, 7, 9, '2015-03-25 15:20:14'),
(3663, 119, 1, 7, '2015-12-10 18:41:24'),
(3664, 617, 4, 5, '2014-10-06 17:55:43'),
(3665, 274, 9, 6, '2015-06-06 10:15:24'),
(3666, 13, 2, 8, '2015-01-18 14:46:12'),
(3667, 133, 8, 7, '2014-03-07 20:13:22'),
(3668, 609, 12, 9, '2014-12-27 20:43:13'),
(3669, 152, 8, 5, '2014-10-06 21:27:46'),
(3670, 565, 11, 10, '2015-10-19 10:12:33'),
(3671, 636, 5, 2, '2014-07-09 09:23:57'),
(3672, 426, 9, 8, '2015-03-01 12:33:43'),
(3673, 494, 5, 2, '2014-09-18 18:51:11'),
(3674, 469, 4, 2, '2015-08-07 09:39:27'),
(3675, 430, 7, 2, '2014-01-01 22:53:50'),
(3676, 552, 11, 10, '2015-02-21 17:16:56'),
(3677, 264, 1, 3, '2014-02-20 12:28:41'),
(3678, 532, 9, 7, '2014-08-06 18:47:29'),
(3679, 686, 3, 8, '2015-04-26 12:59:36'),
(3680, 540, 10, 9, '2014-10-01 15:25:33'),
(3681, 70, 12, 1, '2015-02-19 18:43:13'),
(3682, 301, 8, 10, '2015-10-19 11:53:29'),
(3683, 294, 5, 9, '2015-09-05 15:41:46'),
(3684, 298, 6, 9, '2015-11-15 21:49:57'),
(3685, 58, 8, 3, '2014-11-14 16:25:24'),
(3686, 324, 5, 8, '2014-01-21 20:48:38'),
(3687, 56, 10, 4, '2014-03-21 21:31:30'),
(3688, 216, 10, 2, '2014-11-01 19:28:56'),
(3689, 23, 1, 5, '2015-06-13 14:52:36'),
(3690, 451, 2, 3, '2014-11-17 13:50:23'),
(3691, 310, 7, 8, '2015-07-05 18:39:19'),
(3692, 258, 9, 9, '2014-04-23 09:48:22'),
(3693, 167, 9, 6, '2014-12-12 13:15:58'),
(3694, 458, 8, 8, '2014-02-02 12:30:57'),
(3695, 551, 4, 8, '2014-12-08 13:40:15'),
(3696, 485, 9, 3, '2015-11-16 15:20:28'),
(3697, 307, 3, 8, '2015-09-19 20:37:52'),
(3698, 563, 7, 2, '2014-10-20 20:43:56'),
(3699, 520, 3, 10, '2015-05-17 15:22:39'),
(3700, 412, 5, 6, '2014-09-07 20:56:44'),
(3701, 189, 12, 6, '2014-01-21 21:48:59'),
(3702, 269, 3, 4, '2014-08-24 18:24:40'),
(3703, 420, 4, 9, '2015-10-08 10:28:23'),
(3704, 698, 1, 5, '2014-10-09 15:46:40'),
(3705, 326, 12, 9, '2014-11-11 18:43:37'),
(3706, 402, 4, 7, '2014-01-15 14:27:37'),
(3707, 10, 1, 4, '2014-05-07 09:50:15'),
(3708, 647, 9, 1, '2015-05-02 18:18:36'),
(3709, 298, 12, 3, '2014-12-02 19:52:58'),
(3710, 98, 2, 5, '2015-05-17 21:54:27'),
(3711, 457, 12, 10, '2015-02-07 11:12:20'),
(3712, 94, 11, 6, '2015-03-16 18:30:31'),
(3713, 682, 9, 3, '2015-01-26 17:29:45'),
(3714, 387, 7, 10, '2015-03-16 11:48:38'),
(3715, 334, 5, 6, '2015-11-02 18:43:22'),
(3716, 215, 7, 3, '2014-01-26 21:37:52'),
(3717, 230, 10, 6, '2014-01-24 18:21:58'),
(3718, 699, 8, 10, '2015-05-12 20:43:32'),
(3719, 237, 12, 4, '2014-07-09 14:38:46'),
(3720, 610, 2, 9, '2015-04-06 11:48:57'),
(3721, 297, 4, 1, '2014-07-27 16:55:19'),
(3722, 597, 10, 7, '2014-09-11 20:52:56'),
(3723, 648, 4, 4, '2014-09-01 09:12:38'),
(3724, 363, 5, 3, '2014-05-24 14:25:31'),
(3725, 13, 6, 4, '2014-08-09 19:59:42'),
(3726, 355, 7, 3, '2014-02-26 20:59:35'),
(3727, 203, 8, 5, '2015-08-03 11:27:16'),
(3728, 435, 4, 4, '2015-09-03 20:58:22'),
(3729, 543, 4, 3, '2015-01-17 22:21:32'),
(3730, 481, 12, 1, '2015-05-14 15:38:34'),
(3731, 173, 10, 4, '2014-06-26 11:33:14'),
(3732, 412, 2, 7, '2014-06-27 13:10:19'),
(3733, 80, 9, 4, '2014-04-10 11:29:17'),
(3734, 47, 6, 3, '2014-08-12 12:31:16'),
(3735, 65, 5, 2, '2014-11-12 14:56:12'),
(3736, 165, 5, 9, '2014-01-08 13:11:53'),
(3737, 342, 9, 8, '2014-04-14 09:29:16'),
(3738, 442, 1, 6, '2014-09-19 09:49:42'),
(3739, 328, 2, 2, '2015-01-15 14:41:20'),
(3740, 136, 5, 7, '2015-08-02 17:29:45'),
(3741, 263, 8, 7, '2014-03-13 13:32:52'),
(3742, 598, 12, 6, '2015-05-16 18:28:59'),
(3743, 14, 12, 4, '2014-03-27 18:28:37'),
(3744, 500, 5, 8, '2014-12-10 19:14:13'),
(3745, 556, 8, 9, '2015-12-24 13:44:23'),
(3746, 603, 7, 5, '2015-12-11 19:29:18'),
(3747, 461, 9, 10, '2015-06-06 19:19:53'),
(3748, 488, 10, 2, '2015-08-22 18:29:35'),
(3749, 473, 7, 9, '2014-06-21 12:12:30'),
(3750, 193, 3, 3, '2015-09-08 19:38:56'),
(3751, 329, 9, 5, '2015-07-13 20:52:17');
INSERT INTO `interaction` (`Inter_ID`, `User_ID`, `Exhibit_ID`, `rating`, `Inter_Time`) VALUES
(3752, 666, 7, 5, '2015-10-27 22:13:43'),
(3753, 516, 6, 2, '2014-09-21 13:50:22'),
(3754, 338, 10, 5, '2015-11-04 17:25:50'),
(3755, 444, 9, 8, '2015-09-24 19:36:48'),
(3756, 42, 9, 8, '2014-11-26 15:54:29'),
(3757, 661, 3, 5, '2015-11-07 11:53:30'),
(3758, 247, 4, 9, '2015-07-18 16:48:30'),
(3759, 565, 9, 10, '2014-07-24 16:52:11'),
(3760, 38, 9, 3, '2015-02-06 19:30:10'),
(3761, 250, 10, 7, '2014-07-18 16:29:43'),
(3762, 189, 9, 3, '2014-09-01 20:57:34'),
(3763, 163, 7, 10, '2015-08-12 20:50:42'),
(3764, 411, 12, 7, '2015-01-19 21:54:54'),
(3765, 608, 6, 1, '2015-03-12 15:32:23'),
(3766, 419, 3, 5, '2014-09-05 18:49:26'),
(3767, 297, 12, 3, '2014-03-14 16:14:58'),
(3768, 570, 12, 2, '2015-03-17 22:44:32'),
(3769, 118, 2, 6, '2015-04-15 10:41:37'),
(3770, 623, 8, 1, '2014-11-13 15:13:32'),
(3771, 689, 9, 3, '2014-03-04 19:24:40'),
(3772, 529, 2, 3, '2015-06-03 18:39:45'),
(3773, 42, 11, 2, '2015-11-17 16:16:52'),
(3774, 528, 9, 2, '2015-08-19 21:52:36'),
(3775, 627, 3, 1, '2014-11-02 14:14:27'),
(3776, 674, 11, 6, '2014-02-08 13:58:33'),
(3777, 34, 6, 5, '2015-10-04 13:17:39'),
(3778, 263, 3, 1, '2015-01-19 14:28:39'),
(3779, 159, 12, 8, '2014-11-13 15:21:50'),
(3780, 489, 12, 7, '2014-04-23 14:12:35'),
(3781, 488, 6, 2, '2015-05-05 19:25:20'),
(3782, 99, 4, 4, '2014-01-06 17:30:45'),
(3783, 451, 10, 7, '2015-11-19 12:24:29'),
(3784, 315, 9, 2, '2015-01-06 18:57:21'),
(3785, 266, 7, 2, '2014-07-02 18:52:33'),
(3786, 320, 1, 2, '2015-10-23 17:41:25'),
(3787, 187, 2, 1, '2014-05-22 20:40:35'),
(3788, 474, 9, 2, '2015-10-04 09:44:52'),
(3789, 73, 3, 7, '2015-02-19 19:50:42'),
(3790, 141, 11, 3, '2014-04-01 16:44:54'),
(3791, 210, 6, 10, '2015-02-08 16:30:20'),
(3792, 176, 1, 6, '2014-01-26 19:16:58'),
(3793, 657, 8, 6, '2015-07-05 17:56:15'),
(3794, 550, 3, 8, '2014-11-27 18:43:52'),
(3795, 363, 9, 9, '2014-01-27 10:51:59'),
(3796, 232, 3, 2, '2015-07-24 17:28:20'),
(3797, 103, 12, 7, '2015-06-23 11:28:54'),
(3798, 528, 12, 5, '2015-09-19 17:22:24'),
(3799, 153, 4, 5, '2014-09-09 16:56:47'),
(3800, 23, 3, 7, '2015-04-20 10:11:33'),
(3801, 638, 4, 10, '2014-06-18 10:26:20'),
(3802, 463, 8, 7, '2015-04-05 12:41:53'),
(3803, 32, 6, 4, '2015-09-19 19:47:40'),
(3804, 369, 9, 9, '2014-08-13 13:21:30'),
(3805, 171, 10, 5, '2014-05-20 13:40:46'),
(3806, 469, 3, 9, '2015-09-04 17:29:27'),
(3807, 557, 8, 5, '2014-03-14 13:15:59'),
(3808, 328, 1, 8, '2014-07-16 20:24:49'),
(3809, 317, 9, 8, '2014-12-24 10:56:27'),
(3810, 206, 8, 9, '2014-01-27 10:36:17'),
(3811, 293, 10, 6, '2015-05-01 17:57:49'),
(3812, 23, 4, 7, '2015-05-16 12:56:52'),
(3813, 15, 8, 2, '2014-02-17 18:36:29'),
(3814, 233, 5, 9, '2015-06-26 20:47:34'),
(3815, 14, 3, 1, '2014-04-20 14:10:58'),
(3816, 368, 4, 3, '2014-05-20 11:48:53'),
(3817, 70, 8, 6, '2015-07-02 12:51:42'),
(3818, 255, 7, 7, '2014-10-24 10:42:55'),
(3819, 459, 4, 2, '2014-11-03 11:59:20'),
(3820, 491, 12, 8, '2015-08-18 15:39:51'),
(3821, 157, 3, 10, '2014-12-25 14:17:25'),
(3822, 187, 8, 1, '2015-07-21 11:49:36'),
(3823, 318, 1, 5, '2015-11-05 17:42:28'),
(3824, 271, 11, 6, '2015-06-14 21:34:46'),
(3825, 302, 9, 6, '2015-04-03 16:50:12'),
(3826, 463, 5, 6, '2015-06-13 14:22:18'),
(3827, 656, 5, 1, '2015-02-03 19:22:54'),
(3828, 307, 6, 4, '2014-03-14 20:36:58'),
(3829, 570, 2, 1, '2015-06-22 13:57:54'),
(3830, 94, 3, 5, '2014-11-19 10:48:37'),
(3831, 317, 2, 6, '2015-09-18 13:52:11'),
(3832, 478, 8, 6, '2014-08-21 12:50:55'),
(3833, 451, 7, 5, '2014-11-08 18:44:49'),
(3834, 508, 5, 3, '2015-07-12 14:11:17'),
(3835, 338, 1, 7, '2015-01-25 13:36:15'),
(3836, 521, 2, 10, '2014-10-09 09:32:12'),
(3837, 440, 7, 10, '2015-08-24 17:34:20'),
(3838, 181, 12, 9, '2015-06-02 12:31:37'),
(3839, 340, 4, 8, '2014-02-01 17:18:35'),
(3840, 317, 4, 9, '2014-09-20 15:42:34'),
(3841, 578, 2, 6, '2014-06-24 18:31:23'),
(3842, 3, 4, 2, '2015-04-23 16:51:28'),
(3843, 434, 8, 4, '2014-02-24 22:53:53'),
(3844, 69, 8, 2, '2015-06-02 14:34:53'),
(3845, 205, 12, 7, '2015-01-27 22:21:20'),
(3846, 169, 4, 10, '2015-10-23 17:13:28'),
(3847, 272, 3, 7, '2015-05-01 09:25:11'),
(3848, 654, 9, 5, '2014-07-03 19:35:25'),
(3849, 112, 3, 6, '2015-10-01 20:57:35'),
(3850, 145, 5, 2, '2014-02-05 12:31:44'),
(3851, 39, 2, 6, '2014-09-01 21:27:50'),
(3852, 154, 12, 5, '2014-03-12 17:25:47'),
(3853, 518, 3, 9, '2014-08-27 17:34:17'),
(3854, 661, 6, 8, '2014-11-10 16:17:56'),
(3855, 281, 8, 8, '2015-09-11 11:11:49'),
(3856, 447, 7, 1, '2014-09-16 11:32:22'),
(3857, 695, 7, 6, '2015-08-07 15:21:15'),
(3858, 74, 4, 2, '2015-07-01 19:12:34'),
(3859, 519, 9, 5, '2015-08-24 17:23:40'),
(3860, 89, 7, 6, '2014-02-02 18:44:53'),
(3861, 276, 1, 3, '2015-06-18 21:58:38'),
(3862, 90, 6, 1, '2014-03-07 11:20:45'),
(3863, 181, 10, 8, '2014-08-20 20:29:33'),
(3864, 336, 8, 7, '2015-04-05 15:10:53'),
(3865, 108, 11, 2, '2015-03-09 11:35:11'),
(3866, 564, 8, 10, '2014-09-09 12:16:42'),
(3867, 290, 7, 1, '2015-05-27 18:55:29'),
(3868, 288, 4, 3, '2014-08-20 15:56:40'),
(3869, 619, 2, 4, '2014-08-02 10:12:49'),
(3870, 607, 1, 2, '2015-10-05 18:15:57'),
(3871, 600, 3, 4, '2015-12-04 22:36:17'),
(3872, 462, 2, 9, '2015-07-12 13:13:28'),
(3873, 520, 1, 1, '2015-08-25 17:59:17'),
(3874, 300, 6, 8, '2015-03-23 15:51:54'),
(3875, 75, 5, 7, '2014-01-18 15:17:30'),
(3876, 635, 10, 4, '2014-04-11 21:35:13'),
(3877, 295, 2, 9, '2014-06-08 12:51:37'),
(3878, 614, 7, 10, '2014-06-10 09:44:58'),
(3879, 15, 7, 1, '2014-10-05 16:33:20'),
(3880, 437, 2, 10, '2015-06-14 17:13:55'),
(3881, 220, 9, 4, '2014-11-13 18:18:23'),
(3882, 567, 10, 9, '2015-06-07 09:44:18'),
(3883, 56, 8, 1, '2015-01-07 17:10:52'),
(3884, 434, 6, 10, '2015-12-20 17:54:59'),
(3885, 616, 10, 4, '2015-04-27 19:10:24'),
(3886, 156, 7, 1, '2015-08-23 21:19:59'),
(3887, 235, 8, 5, '2014-01-07 11:49:55'),
(3888, 222, 5, 8, '2014-03-20 18:20:54'),
(3889, 619, 12, 2, '2015-04-09 19:40:38'),
(3890, 238, 11, 4, '2014-05-26 19:33:38'),
(3891, 635, 11, 8, '2015-05-02 09:20:14'),
(3892, 549, 3, 6, '2014-09-16 13:46:31'),
(3893, 159, 12, 5, '2015-10-01 16:10:41'),
(3894, 240, 11, 10, '2014-05-09 17:20:17'),
(3895, 52, 12, 10, '2015-10-23 10:20:15'),
(3896, 588, 4, 6, '2015-11-27 20:53:57'),
(3897, 600, 5, 7, '2015-09-05 21:10:26'),
(3898, 446, 8, 8, '2015-06-16 09:45:22'),
(3899, 428, 3, 7, '2015-06-25 11:18:45'),
(3900, 210, 8, 9, '2014-09-02 13:15:43'),
(3901, 573, 2, 2, '2014-05-14 21:25:11'),
(3902, 364, 10, 6, '2015-01-22 19:28:58'),
(3903, 645, 1, 10, '2014-06-26 20:44:53'),
(3904, 27, 5, 4, '2015-06-20 20:22:46'),
(3905, 299, 10, 1, '2014-05-26 19:42:38'),
(3906, 384, 11, 4, '2014-02-12 21:59:33'),
(3907, 695, 1, 8, '2014-05-16 19:21:39'),
(3908, 694, 2, 2, '2015-11-08 18:54:32'),
(3909, 64, 4, 2, '2015-10-15 19:13:43'),
(3910, 382, 3, 1, '2014-10-01 14:31:35'),
(3911, 204, 7, 2, '2014-04-04 20:37:55'),
(3912, 100, 9, 3, '2014-02-22 12:24:38'),
(3913, 395, 6, 3, '2014-12-02 16:41:45'),
(3914, 345, 10, 1, '2015-12-26 14:36:37'),
(3915, 605, 7, 8, '2015-08-16 18:42:47'),
(3916, 87, 5, 8, '2014-07-25 15:53:23'),
(3917, 307, 8, 5, '2014-07-12 14:47:22'),
(3918, 683, 2, 1, '2014-06-11 13:51:42'),
(3919, 336, 8, 10, '2015-02-15 11:29:34'),
(3920, 530, 9, 7, '2015-03-08 19:11:52'),
(3921, 318, 10, 6, '2014-11-12 18:42:39'),
(3922, 547, 2, 1, '2014-09-07 14:48:28'),
(3923, 108, 6, 4, '2014-10-26 17:15:10'),
(3924, 611, 9, 7, '2014-06-02 21:57:10'),
(3925, 132, 12, 3, '2015-02-01 13:13:28'),
(3926, 571, 7, 7, '2014-04-02 15:48:29'),
(3927, 160, 11, 8, '2014-01-21 12:50:30'),
(3928, 400, 3, 2, '2015-06-22 18:59:21'),
(3929, 281, 11, 9, '2014-10-23 09:37:33'),
(3930, 545, 10, 3, '2015-05-02 10:14:13'),
(3931, 693, 9, 9, '2014-12-19 18:11:23'),
(3932, 683, 10, 10, '2015-10-06 21:10:41'),
(3933, 213, 12, 2, '2014-07-14 09:57:16'),
(3934, 359, 7, 7, '2014-07-26 09:48:57'),
(3935, 603, 10, 5, '2014-04-03 20:31:43'),
(3936, 84, 12, 6, '2014-01-02 22:29:39'),
(3937, 563, 5, 1, '2014-05-15 10:58:11'),
(3938, 471, 6, 2, '2015-08-16 21:59:15'),
(3939, 575, 8, 4, '2014-08-11 10:46:56'),
(3940, 184, 1, 7, '2015-07-22 12:28:32'),
(3941, 673, 11, 8, '2015-04-16 20:27:23'),
(3942, 181, 8, 2, '2015-07-15 19:26:18'),
(3943, 559, 11, 10, '2014-07-08 18:51:26'),
(3944, 124, 1, 5, '2015-03-17 16:29:11'),
(3945, 347, 7, 7, '2014-06-25 15:27:15'),
(3946, 7, 6, 1, '2014-05-08 20:21:13'),
(3947, 667, 2, 4, '2014-02-01 17:37:17'),
(3948, 46, 6, 6, '2014-12-02 19:15:45'),
(3949, 26, 10, 6, '2015-06-03 19:17:50'),
(3950, 527, 10, 8, '2014-09-20 12:15:46'),
(3951, 692, 6, 7, '2014-01-07 12:30:22'),
(3952, 377, 11, 5, '2014-10-24 11:37:58'),
(3953, 268, 4, 2, '2014-07-14 19:19:14'),
(3954, 488, 2, 8, '2014-07-07 10:22:14'),
(3955, 551, 3, 10, '2015-03-07 16:26:31'),
(3956, 75, 3, 9, '2014-09-04 12:25:32'),
(3957, 183, 9, 2, '2014-06-13 19:32:19'),
(3958, 156, 10, 6, '2015-06-19 13:29:54'),
(3959, 664, 4, 8, '2014-03-21 19:44:19'),
(3960, 578, 5, 1, '2015-07-01 14:14:31'),
(3961, 630, 6, 5, '2015-10-05 10:26:50'),
(3962, 667, 5, 10, '2014-10-10 11:53:56'),
(3963, 356, 1, 4, '2014-11-23 19:52:23'),
(3964, 76, 5, 3, '2014-07-24 12:55:32'),
(3965, 204, 7, 10, '2014-10-27 22:47:26'),
(3966, 313, 12, 5, '2015-12-02 21:16:56'),
(3967, 629, 1, 10, '2015-09-13 09:58:37'),
(3968, 625, 2, 5, '2014-08-09 15:39:44'),
(3969, 368, 2, 5, '2015-06-15 16:35:32'),
(3970, 284, 12, 9, '2015-02-24 19:53:18'),
(3971, 262, 11, 6, '2014-12-14 12:43:51'),
(3972, 392, 11, 7, '2015-12-01 19:44:20'),
(3973, 146, 10, 2, '2015-11-27 13:42:48'),
(3974, 364, 6, 7, '2015-11-21 17:21:42'),
(3975, 700, 7, 3, '2015-02-25 12:22:31'),
(3976, 170, 6, 8, '2015-02-22 14:57:52'),
(3977, 74, 2, 7, '2014-08-25 16:32:49'),
(3978, 81, 1, 8, '2014-07-13 19:39:43'),
(3979, 172, 1, 3, '2015-03-07 11:23:49'),
(3980, 553, 12, 9, '2014-10-15 11:56:40'),
(3981, 570, 12, 9, '2014-11-01 16:39:51'),
(3982, 336, 12, 8, '2015-05-04 21:33:17'),
(3983, 474, 4, 10, '2014-01-11 22:55:24'),
(3984, 621, 4, 10, '2014-02-26 12:42:40'),
(3985, 178, 2, 6, '2015-09-26 19:45:44'),
(3986, 199, 10, 9, '2015-02-21 20:10:42'),
(3987, 503, 9, 9, '2014-11-04 14:24:51'),
(3988, 158, 1, 9, '2014-12-20 17:19:48'),
(3989, 515, 10, 6, '2014-10-23 16:53:46'),
(3990, 542, 12, 3, '2015-06-19 10:12:22'),
(3991, 15, 3, 2, '2015-04-08 16:42:13'),
(3992, 283, 2, 6, '2014-08-04 20:42:48'),
(3993, 100, 7, 9, '2015-12-14 10:55:17'),
(3994, 587, 1, 9, '2015-10-14 09:32:21'),
(3995, 54, 8, 5, '2015-11-17 18:45:23'),
(3996, 80, 10, 7, '2014-08-20 13:17:56'),
(3997, 138, 8, 7, '2015-07-09 21:28:55'),
(3998, 121, 1, 3, '2015-08-08 17:37:22'),
(3999, 461, 7, 5, '2015-09-01 15:30:26'),
(4000, 13, 6, 2, '2014-07-14 10:14:42'),
(4001, 571, 2, 5, '2014-02-11 10:43:43'),
(4002, 645, 4, 5, '2015-03-21 13:44:17'),
(4003, 24, 5, 4, '2014-03-11 12:12:18'),
(4004, 239, 12, 4, '2014-09-27 11:55:53'),
(4005, 379, 2, 8, '2014-09-03 12:59:28'),
(4006, 607, 1, 6, '2015-12-11 11:47:15'),
(4007, 615, 6, 4, '2015-01-13 15:46:33'),
(4008, 444, 12, 7, '2015-02-14 16:40:19'),
(4009, 15, 1, 1, '2015-07-18 14:16:17'),
(4010, 607, 8, 4, '2015-02-04 14:27:17'),
(4011, 287, 4, 6, '2014-07-06 14:52:14'),
(4012, 162, 5, 6, '2014-06-14 14:30:45'),
(4013, 22, 1, 9, '2015-08-24 17:30:16'),
(4014, 433, 5, 9, '2015-10-14 21:30:43'),
(4015, 640, 3, 8, '2015-10-01 16:28:38'),
(4016, 102, 2, 2, '2015-05-06 21:14:50'),
(4017, 426, 3, 9, '2015-08-03 18:21:17'),
(4018, 243, 3, 8, '2014-02-05 11:52:39'),
(4019, 256, 12, 5, '2015-12-05 20:59:14'),
(4020, 295, 5, 7, '2015-09-03 12:36:23'),
(4021, 468, 8, 10, '2014-11-01 21:34:39'),
(4022, 286, 5, 5, '2015-04-20 16:16:14'),
(4023, 567, 12, 7, '2015-11-25 18:39:30'),
(4024, 167, 10, 6, '2015-04-07 13:14:49'),
(4025, 273, 12, 8, '2014-09-02 11:20:45'),
(4026, 344, 3, 7, '2015-12-12 20:55:37'),
(4027, 394, 5, 6, '2015-08-03 13:12:13'),
(4028, 515, 9, 9, '2015-01-06 21:57:49'),
(4029, 502, 2, 1, '2015-01-24 22:14:35'),
(4030, 240, 2, 3, '2014-07-05 15:32:49'),
(4031, 329, 4, 4, '2014-12-02 11:26:18'),
(4032, 293, 9, 3, '2015-07-02 12:33:24'),
(4033, 622, 3, 2, '2014-06-02 17:14:10'),
(4034, 349, 2, 1, '2015-04-24 14:40:51'),
(4035, 258, 10, 8, '2014-07-09 12:34:20'),
(4036, 667, 3, 3, '2015-11-24 13:47:49'),
(4037, 455, 10, 6, '2014-05-19 10:56:56'),
(4038, 377, 9, 6, '2014-12-13 20:33:12'),
(4039, 136, 9, 7, '2015-12-25 13:19:17'),
(4040, 498, 12, 10, '2015-11-16 19:47:57'),
(4041, 270, 6, 10, '2014-11-13 20:30:55'),
(4042, 602, 6, 7, '2015-01-21 21:17:24'),
(4043, 330, 8, 4, '2014-02-04 17:19:41'),
(4044, 73, 10, 10, '2015-04-02 15:19:36'),
(4045, 568, 5, 6, '2015-04-21 14:32:21'),
(4046, 686, 7, 9, '2015-08-01 15:27:51'),
(4047, 380, 3, 10, '2014-09-07 12:57:28'),
(4048, 278, 7, 1, '2015-11-03 15:47:58'),
(4049, 234, 5, 3, '2014-09-17 11:31:47'),
(4050, 496, 4, 10, '2015-12-19 22:12:15'),
(4051, 543, 8, 5, '2014-09-18 12:56:33'),
(4052, 598, 1, 4, '2014-09-04 20:39:12'),
(4053, 648, 10, 3, '2014-03-08 16:10:57'),
(4054, 507, 9, 2, '2014-08-11 15:45:13'),
(4055, 230, 3, 1, '2014-12-13 21:29:16'),
(4056, 362, 6, 5, '2015-08-23 16:16:54'),
(4057, 227, 3, 4, '2015-01-03 15:53:39'),
(4058, 620, 2, 1, '2014-05-03 18:47:29'),
(4059, 228, 4, 6, '2015-02-26 19:43:40'),
(4060, 61, 9, 9, '2015-05-15 12:37:29'),
(4061, 509, 2, 1, '2014-07-16 20:40:24'),
(4062, 281, 2, 3, '2015-02-06 22:22:36'),
(4063, 335, 4, 7, '2014-11-22 19:49:53'),
(4064, 565, 12, 9, '2014-02-14 13:12:30'),
(4065, 111, 10, 5, '2014-09-11 17:26:51'),
(4066, 560, 7, 8, '2015-08-10 09:27:44'),
(4067, 543, 11, 3, '2015-01-06 12:27:19'),
(4068, 210, 1, 3, '2015-02-03 16:33:19'),
(4069, 575, 12, 4, '2015-04-23 18:27:49'),
(4070, 266, 10, 1, '2015-05-27 12:14:43'),
(4071, 483, 4, 4, '2015-12-23 21:36:47'),
(4072, 342, 8, 3, '2015-10-02 09:28:51'),
(4073, 223, 7, 5, '2014-04-22 16:45:22'),
(4074, 440, 3, 7, '2015-01-12 10:37:39'),
(4075, 65, 12, 5, '2014-11-15 15:53:11'),
(4076, 684, 11, 5, '2014-04-05 12:36:59'),
(4077, 397, 9, 6, '2014-02-10 13:40:19'),
(4078, 696, 3, 9, '2014-08-14 13:33:26'),
(4079, 592, 3, 4, '2015-05-11 17:23:56'),
(4080, 515, 10, 1, '2015-02-18 22:36:18'),
(4081, 673, 11, 7, '2015-08-17 11:24:39'),
(4082, 158, 5, 10, '2015-12-14 14:48:55'),
(4083, 520, 6, 8, '2014-01-13 20:53:17'),
(4084, 332, 5, 3, '2015-04-11 09:53:43'),
(4085, 389, 8, 3, '2014-08-05 12:20:30'),
(4086, 114, 7, 2, '2014-06-17 09:50:44'),
(4087, 697, 7, 10, '2014-12-06 18:51:53'),
(4088, 395, 9, 6, '2015-10-07 09:25:12'),
(4089, 128, 2, 9, '2014-07-18 11:25:10'),
(4090, 130, 11, 3, '2014-09-12 17:51:53'),
(4091, 693, 6, 2, '2014-05-05 11:56:14'),
(4092, 291, 11, 7, '2014-01-02 11:14:45'),
(4093, 231, 4, 3, '2015-03-15 19:10:38'),
(4094, 249, 7, 6, '2015-07-26 16:35:57'),
(4095, 573, 10, 5, '2014-10-03 21:21:15'),
(4096, 689, 12, 9, '2015-11-14 13:34:30'),
(4097, 401, 4, 6, '2015-04-25 13:21:19'),
(4098, 142, 6, 4, '2015-12-27 13:30:11'),
(4099, 256, 7, 1, '2015-01-22 22:15:28'),
(4100, 487, 9, 5, '2014-02-17 10:34:24'),
(4101, 142, 8, 8, '2014-08-12 13:25:27'),
(4102, 427, 7, 4, '2014-05-04 19:41:23'),
(4103, 159, 11, 10, '2015-09-02 17:32:12'),
(4104, 134, 6, 6, '2015-02-06 19:50:51'),
(4105, 358, 2, 4, '2014-09-04 17:15:22'),
(4106, 86, 4, 3, '2015-01-14 19:43:56'),
(4107, 184, 8, 8, '2014-08-11 14:46:46'),
(4108, 297, 3, 6, '2015-06-24 21:40:11'),
(4109, 220, 5, 5, '2015-01-07 20:49:43'),
(4110, 135, 9, 3, '2014-04-02 11:36:35'),
(4111, 650, 4, 7, '2015-07-03 16:42:52'),
(4112, 594, 7, 6, '2015-08-08 16:49:39'),
(4113, 391, 1, 2, '2014-12-11 13:16:29'),
(4114, 65, 11, 3, '2014-01-23 16:11:19'),
(4115, 630, 1, 7, '2014-10-23 13:31:46'),
(4116, 672, 3, 9, '2014-10-03 15:56:24'),
(4117, 444, 11, 8, '2015-09-05 12:21:44'),
(4118, 346, 5, 10, '2014-06-07 19:30:30'),
(4119, 192, 5, 1, '2014-10-16 19:37:27'),
(4120, 103, 6, 2, '2014-08-07 11:56:17'),
(4121, 526, 11, 4, '2014-08-08 19:10:21'),
(4122, 350, 5, 10, '2015-07-25 16:17:48'),
(4123, 56, 6, 10, '2014-08-22 18:21:49'),
(4124, 380, 3, 8, '2015-01-09 12:48:34'),
(4125, 87, 2, 9, '2015-05-03 09:44:59'),
(4126, 291, 7, 9, '2014-07-19 10:55:51'),
(4127, 328, 7, 1, '2015-12-26 15:15:14'),
(4128, 208, 3, 7, '2014-03-18 11:10:12'),
(4129, 212, 11, 1, '2015-11-22 14:43:36'),
(4130, 663, 7, 2, '2015-11-14 17:49:49'),
(4131, 52, 10, 2, '2014-03-04 21:59:10'),
(4132, 355, 12, 3, '2015-03-17 13:51:16'),
(4133, 561, 11, 6, '2014-07-09 12:25:39'),
(4134, 664, 6, 6, '2015-02-03 15:36:14'),
(4135, 526, 10, 3, '2015-01-06 10:58:23'),
(4136, 99, 1, 7, '2015-03-10 10:48:25'),
(4137, 284, 1, 8, '2014-11-18 20:24:50'),
(4138, 637, 5, 5, '2014-02-21 12:45:53'),
(4139, 456, 9, 4, '2014-11-08 18:21:39'),
(4140, 419, 7, 1, '2015-01-05 21:35:45'),
(4141, 251, 4, 9, '2014-02-18 14:31:18'),
(4142, 46, 5, 10, '2014-05-18 10:11:47'),
(4143, 679, 7, 2, '2015-06-07 14:16:50'),
(4144, 351, 11, 10, '2015-08-07 12:40:23'),
(4145, 104, 7, 7, '2014-06-07 19:51:33'),
(4146, 225, 9, 3, '2015-03-13 13:58:18'),
(4147, 169, 9, 4, '2014-02-12 13:18:47'),
(4148, 470, 9, 9, '2014-10-17 15:17:57'),
(4149, 640, 11, 9, '2015-06-12 12:57:48'),
(4150, 328, 5, 9, '2015-04-08 18:57:29'),
(4151, 651, 9, 4, '2014-10-10 13:30:42'),
(4152, 674, 3, 3, '2015-06-18 15:24:17'),
(4153, 620, 12, 10, '2014-03-04 13:46:51'),
(4154, 536, 1, 8, '2015-12-07 11:51:15'),
(4155, 54, 12, 5, '2014-09-09 10:17:17'),
(4156, 80, 8, 9, '2015-01-14 12:13:22'),
(4157, 46, 3, 7, '2014-07-27 09:30:13'),
(4158, 568, 12, 10, '2014-06-27 21:23:58'),
(4159, 456, 3, 2, '2014-09-07 20:11:31'),
(4160, 423, 3, 2, '2014-04-18 16:14:48'),
(4161, 400, 5, 8, '2014-09-24 11:44:28'),
(4162, 423, 7, 2, '2014-06-08 17:56:20'),
(4163, 675, 8, 4, '2015-11-06 14:51:28'),
(4164, 596, 10, 4, '2014-12-17 10:19:11'),
(4165, 212, 12, 6, '2015-11-19 18:29:32'),
(4166, 368, 9, 5, '2014-02-08 20:47:11'),
(4167, 426, 8, 3, '2015-03-26 21:15:50'),
(4168, 329, 1, 4, '2015-01-21 19:11:55'),
(4169, 315, 10, 4, '2014-01-22 21:28:20'),
(4170, 519, 8, 3, '2015-12-20 22:16:10'),
(4171, 361, 5, 7, '2015-02-16 17:56:52'),
(4172, 167, 7, 1, '2014-10-17 21:59:22'),
(4173, 699, 11, 6, '2015-10-05 15:49:34'),
(4174, 218, 2, 2, '2015-07-24 18:37:30'),
(4175, 567, 9, 10, '2014-03-24 13:19:55'),
(4176, 162, 4, 3, '2014-06-25 13:39:10'),
(4177, 532, 1, 1, '2015-06-03 17:46:18'),
(4178, 110, 8, 6, '2015-04-18 13:24:54'),
(4179, 157, 11, 6, '2014-10-20 12:24:37'),
(4180, 230, 11, 8, '2015-09-13 17:29:26'),
(4181, 262, 7, 4, '2014-08-17 19:58:57'),
(4182, 600, 1, 1, '2015-04-18 11:12:27'),
(4183, 470, 3, 7, '2014-09-03 13:24:44'),
(4184, 328, 7, 1, '2015-02-26 12:58:37'),
(4185, 347, 7, 3, '2015-06-18 21:48:47'),
(4186, 251, 6, 10, '2015-11-10 21:23:24'),
(4187, 510, 5, 8, '2015-02-23 21:32:15'),
(4188, 160, 11, 7, '2015-09-25 11:20:45'),
(4189, 164, 9, 10, '2015-02-21 18:22:14'),
(4190, 455, 12, 9, '2014-12-02 10:34:13'),
(4191, 297, 6, 4, '2015-02-19 18:54:26'),
(4192, 310, 3, 4, '2014-05-22 11:14:54'),
(4193, 394, 12, 8, '2014-11-27 22:58:22'),
(4194, 162, 2, 8, '2015-01-26 20:28:51'),
(4195, 658, 2, 6, '2014-12-26 18:26:50'),
(4196, 581, 11, 8, '2015-06-02 12:34:26'),
(4197, 162, 12, 9, '2015-02-11 17:54:10'),
(4198, 536, 6, 9, '2015-03-14 18:47:11'),
(4199, 189, 10, 1, '2014-12-12 18:14:10'),
(4200, 287, 2, 3, '2014-09-19 14:25:58'),
(4201, 93, 11, 9, '2015-12-22 18:34:28'),
(4202, 549, 11, 1, '2015-10-02 21:51:44'),
(4203, 97, 2, 10, '2014-11-06 13:46:13'),
(4204, 344, 6, 6, '2014-01-07 14:11:28'),
(4205, 459, 9, 2, '2014-10-07 14:21:55'),
(4206, 406, 10, 3, '2015-06-02 19:48:56'),
(4207, 366, 1, 7, '2015-04-26 19:55:43'),
(4208, 642, 4, 4, '2015-07-24 17:22:49'),
(4209, 155, 3, 8, '2014-03-07 10:36:24'),
(4210, 624, 11, 1, '2015-09-06 15:50:40'),
(4211, 179, 10, 4, '2014-03-15 16:45:39'),
(4212, 429, 2, 1, '2014-07-03 16:48:51'),
(4213, 222, 4, 3, '2014-09-10 14:21:12'),
(4214, 397, 11, 2, '2014-03-25 17:30:27'),
(4215, 433, 10, 1, '2014-11-02 22:54:18'),
(4216, 444, 3, 6, '2015-02-05 13:42:19'),
(4217, 565, 2, 9, '2014-07-23 09:10:49'),
(4218, 381, 12, 1, '2014-05-25 17:59:47'),
(4219, 513, 11, 2, '2015-08-17 10:43:37'),
(4220, 451, 7, 1, '2015-12-18 18:18:25'),
(4221, 408, 12, 8, '2014-11-21 18:12:29'),
(4222, 421, 8, 6, '2015-02-01 11:57:40'),
(4223, 671, 3, 3, '2014-02-18 20:44:55'),
(4224, 489, 4, 3, '2015-06-22 10:13:48'),
(4225, 544, 10, 10, '2014-01-11 14:34:28'),
(4226, 592, 7, 3, '2015-02-25 17:13:28'),
(4227, 508, 3, 5, '2014-08-07 09:36:27'),
(4228, 530, 10, 6, '2014-05-12 21:45:10'),
(4229, 112, 11, 7, '2015-07-14 21:55:40'),
(4230, 699, 3, 4, '2014-04-22 11:53:19'),
(4231, 525, 12, 9, '2015-06-05 16:38:38'),
(4232, 611, 8, 4, '2014-02-06 14:23:35'),
(4233, 25, 6, 2, '2014-04-02 11:59:49'),
(4234, 204, 10, 2, '2014-04-08 17:14:14'),
(4235, 35, 12, 10, '2014-07-04 09:15:52'),
(4236, 634, 5, 3, '2014-02-27 13:41:47'),
(4237, 676, 3, 8, '2015-08-03 10:21:23'),
(4238, 371, 8, 4, '2015-03-19 14:15:36'),
(4239, 56, 6, 5, '2015-08-07 13:55:14'),
(4240, 480, 5, 3, '2015-02-01 11:20:55'),
(4241, 230, 1, 7, '2015-06-19 20:57:23'),
(4242, 671, 11, 3, '2014-08-24 09:41:33'),
(4243, 227, 10, 10, '2014-11-12 18:51:10'),
(4244, 222, 10, 1, '2015-08-21 20:27:47'),
(4245, 528, 9, 8, '2014-03-03 12:35:52'),
(4246, 231, 4, 3, '2015-11-07 15:52:47'),
(4247, 532, 4, 6, '2015-02-16 20:50:16'),
(4248, 668, 5, 10, '2014-05-19 13:59:26'),
(4249, 180, 7, 10, '2015-02-14 10:30:59'),
(4250, 85, 4, 5, '2015-05-06 20:51:14'),
(4251, 414, 8, 7, '2014-03-15 18:19:32'),
(4252, 325, 9, 7, '2014-03-23 10:35:30'),
(4253, 151, 9, 6, '2014-09-05 16:31:18'),
(4254, 14, 12, 8, '2015-10-24 11:26:10'),
(4255, 306, 4, 3, '2015-09-20 16:42:12'),
(4256, 220, 4, 7, '2014-04-20 19:10:49'),
(4257, 120, 5, 4, '2014-10-12 09:28:42'),
(4258, 561, 10, 10, '2014-12-10 12:53:17'),
(4259, 402, 11, 6, '2014-09-06 17:39:30'),
(4260, 236, 11, 4, '2014-05-17 12:43:37'),
(4261, 294, 8, 10, '2015-10-15 21:26:53'),
(4262, 158, 9, 3, '2014-08-07 16:20:45'),
(4263, 59, 6, 7, '2014-09-10 15:37:22'),
(4264, 283, 12, 9, '2014-04-18 13:25:12'),
(4265, 219, 9, 4, '2015-04-14 12:41:58'),
(4266, 190, 4, 6, '2015-03-21 19:19:25'),
(4267, 224, 2, 4, '2014-11-04 16:22:55'),
(4268, 537, 11, 6, '2015-08-20 20:44:54'),
(4269, 518, 4, 6, '2015-02-01 15:15:42'),
(4270, 628, 11, 7, '2015-12-13 21:21:11'),
(4271, 329, 11, 8, '2015-12-08 15:59:55'),
(4272, 420, 5, 3, '2014-11-04 15:51:16'),
(4273, 496, 7, 6, '2014-11-07 10:39:22'),
(4274, 603, 7, 4, '2015-05-16 16:22:41'),
(4275, 256, 11, 5, '2014-03-12 22:42:35'),
(4276, 633, 3, 9, '2015-07-06 13:36:12'),
(4277, 455, 11, 5, '2015-09-11 20:12:29'),
(4278, 595, 12, 8, '2015-05-22 13:52:45'),
(4279, 18, 11, 4, '2015-04-25 20:23:12'),
(4280, 654, 11, 5, '2014-11-20 19:57:30'),
(4281, 6, 1, 3, '2014-12-09 16:55:58'),
(4282, 211, 5, 6, '2014-11-18 12:18:59'),
(4283, 585, 12, 2, '2015-12-08 22:24:57'),
(4284, 278, 5, 5, '2015-02-18 13:44:12'),
(4285, 657, 4, 7, '2015-12-21 15:12:43'),
(4286, 193, 4, 6, '2015-09-23 10:48:44'),
(4287, 450, 11, 10, '2014-04-13 21:53:21'),
(4288, 466, 4, 2, '2014-05-15 14:27:51'),
(4289, 453, 11, 6, '2015-03-08 10:34:41'),
(4290, 37, 3, 6, '2015-01-17 16:42:26'),
(4291, 679, 6, 3, '2015-09-05 21:49:50'),
(4292, 602, 8, 5, '2015-01-21 20:24:56'),
(4293, 28, 12, 7, '2015-04-27 14:53:27'),
(4294, 124, 4, 9, '2015-05-13 15:49:23'),
(4295, 51, 11, 5, '2015-04-10 18:39:54'),
(4296, 160, 4, 8, '2015-04-21 12:37:49'),
(4297, 663, 3, 6, '2015-05-22 21:12:18'),
(4298, 73, 5, 2, '2014-03-04 14:52:14'),
(4299, 306, 3, 2, '2014-01-18 18:55:13'),
(4300, 538, 6, 5, '2014-08-12 09:39:54'),
(4301, 189, 9, 10, '2015-03-09 13:49:13'),
(4302, 158, 9, 1, '2015-10-13 16:38:22'),
(4303, 240, 9, 1, '2014-06-04 21:23:51'),
(4304, 694, 3, 8, '2014-03-21 19:50:26'),
(4305, 469, 1, 7, '2014-09-26 17:11:43'),
(4306, 360, 7, 4, '2015-11-22 21:12:44'),
(4307, 210, 6, 6, '2014-03-14 20:44:42'),
(4308, 522, 12, 2, '2015-06-06 16:46:21'),
(4309, 467, 6, 10, '2014-11-01 11:13:38'),
(4310, 181, 7, 7, '2015-01-09 20:14:26'),
(4311, 245, 4, 10, '2014-09-05 09:34:56'),
(4312, 654, 7, 1, '2015-09-18 17:22:47'),
(4313, 469, 11, 5, '2015-05-27 15:12:55'),
(4314, 399, 7, 7, '2014-05-09 09:11:25'),
(4315, 663, 5, 6, '2014-05-01 14:39:53'),
(4316, 131, 11, 6, '2015-08-11 10:48:50'),
(4317, 237, 12, 6, '2014-08-10 15:20:27'),
(4318, 558, 8, 2, '2014-08-18 13:28:29'),
(4319, 55, 5, 3, '2015-10-03 11:50:49'),
(4320, 324, 1, 1, '2014-12-18 16:25:20'),
(4321, 107, 2, 3, '2015-08-17 19:49:28'),
(4322, 72, 7, 9, '2014-09-24 14:29:39'),
(4323, 75, 9, 1, '2015-02-13 17:12:40'),
(4324, 128, 7, 10, '2014-10-01 17:53:23'),
(4325, 497, 2, 8, '2015-03-18 18:27:29'),
(4326, 610, 12, 10, '2015-06-12 17:30:32'),
(4327, 109, 4, 2, '2015-07-13 17:13:14'),
(4328, 10, 10, 3, '2015-01-15 21:53:41'),
(4329, 170, 11, 4, '2014-11-22 17:46:52'),
(4330, 427, 2, 8, '2015-03-16 14:43:47'),
(4331, 29, 6, 5, '2014-10-02 21:38:20'),
(4332, 19, 8, 7, '2015-02-02 13:46:34'),
(4333, 328, 2, 5, '2014-07-25 11:21:25'),
(4334, 276, 4, 3, '2015-10-23 16:19:29'),
(4335, 539, 4, 9, '2014-10-22 15:48:26'),
(4336, 222, 8, 10, '2014-05-17 12:54:55'),
(4337, 69, 3, 2, '2015-09-07 11:41:12'),
(4338, 106, 4, 9, '2014-11-12 13:10:50'),
(4339, 437, 10, 7, '2015-02-13 14:13:28'),
(4340, 106, 2, 9, '2015-07-25 13:59:49'),
(4341, 238, 5, 4, '2015-01-22 18:15:59'),
(4342, 116, 5, 3, '2014-11-18 22:25:56'),
(4343, 267, 2, 10, '2014-08-16 13:50:42'),
(4344, 438, 7, 5, '2014-06-12 19:15:14'),
(4345, 656, 3, 6, '2014-01-02 19:51:48'),
(4346, 269, 11, 7, '2014-09-09 21:28:11'),
(4347, 175, 9, 3, '2015-06-25 20:19:29'),
(4348, 647, 10, 1, '2015-11-03 17:16:36'),
(4349, 196, 6, 3, '2014-01-12 10:59:33'),
(4350, 586, 8, 8, '2015-05-10 14:16:34'),
(4351, 664, 6, 7, '2015-04-12 17:24:34'),
(4352, 430, 2, 4, '2015-06-10 15:50:59'),
(4353, 38, 12, 3, '2014-08-05 18:14:42'),
(4354, 647, 2, 1, '2015-06-18 18:42:46'),
(4355, 563, 11, 3, '2014-05-19 18:24:29'),
(4356, 238, 9, 2, '2015-08-06 15:48:16'),
(4357, 681, 2, 7, '2015-05-21 18:13:36'),
(4358, 83, 1, 10, '2014-03-15 11:12:47'),
(4359, 641, 5, 10, '2014-10-07 18:21:52'),
(4360, 288, 9, 8, '2014-11-11 18:47:44'),
(4361, 370, 11, 1, '2015-05-23 15:56:39'),
(4362, 174, 6, 10, '2014-11-02 15:19:12'),
(4363, 215, 4, 4, '2014-05-10 18:15:31'),
(4364, 159, 1, 2, '2014-10-16 21:50:32'),
(4365, 367, 5, 3, '2015-11-03 20:38:34'),
(4366, 167, 1, 3, '2014-06-16 17:43:21'),
(4367, 361, 3, 7, '2014-11-15 20:32:27'),
(4368, 611, 2, 6, '2014-09-15 20:56:20'),
(4369, 20, 1, 5, '2015-07-20 14:32:23'),
(4370, 246, 1, 3, '2014-09-20 13:52:57'),
(4371, 290, 11, 3, '2015-02-22 18:43:10'),
(4372, 332, 1, 4, '2015-03-19 20:21:32'),
(4373, 362, 8, 7, '2015-03-21 10:31:25'),
(4374, 168, 10, 7, '2015-12-24 21:31:56'),
(4375, 230, 11, 2, '2014-01-03 10:10:17'),
(4376, 300, 10, 10, '2015-06-15 21:31:14'),
(4377, 487, 8, 10, '2014-03-23 16:22:28'),
(4378, 173, 1, 10, '2015-11-06 11:31:31'),
(4379, 173, 7, 5, '2015-09-23 13:44:29'),
(4380, 66, 11, 3, '2014-01-03 18:19:11'),
(4381, 1, 5, 9, '2014-11-12 20:59:55'),
(4382, 297, 11, 3, '2014-02-24 16:11:32'),
(4383, 659, 9, 3, '2015-05-07 17:34:21'),
(4384, 372, 3, 4, '2014-09-25 11:55:16'),
(4385, 442, 7, 8, '2015-08-27 14:43:11'),
(4386, 332, 7, 5, '2015-05-07 12:57:39'),
(4387, 278, 1, 5, '2014-07-05 17:39:17'),
(4388, 593, 1, 6, '2015-07-12 20:52:29'),
(4389, 310, 6, 10, '2014-01-01 16:43:59'),
(4390, 216, 11, 7, '2014-11-13 10:38:21'),
(4391, 131, 2, 1, '2015-07-02 11:18:15'),
(4392, 323, 5, 10, '2014-06-21 21:22:40'),
(4393, 49, 6, 8, '2015-08-07 15:59:32'),
(4394, 145, 6, 6, '2015-12-21 18:45:53'),
(4395, 699, 11, 3, '2015-04-17 16:46:19'),
(4396, 399, 6, 2, '2015-04-04 16:10:14'),
(4397, 460, 1, 1, '2014-05-27 10:31:49'),
(4398, 374, 4, 7, '2014-08-19 17:14:20'),
(4399, 29, 8, 3, '2014-05-06 15:48:20'),
(4400, 210, 3, 4, '2015-11-15 18:57:32'),
(4401, 610, 3, 7, '2014-02-11 14:42:47'),
(4402, 282, 6, 4, '2014-03-16 10:12:45'),
(4403, 9, 1, 5, '2014-10-08 12:14:27'),
(4404, 525, 8, 10, '2014-05-07 21:57:35'),
(4405, 631, 8, 3, '2014-09-11 10:32:49'),
(4406, 175, 2, 9, '2014-10-27 11:14:38'),
(4407, 372, 5, 3, '2015-05-23 17:41:27'),
(4408, 414, 9, 10, '2015-06-26 17:54:45'),
(4409, 406, 2, 6, '2015-08-26 13:26:32'),
(4410, 128, 11, 3, '2015-08-01 12:14:17'),
(4411, 194, 4, 9, '2015-01-09 10:38:32'),
(4412, 357, 9, 2, '2014-07-15 09:24:42'),
(4413, 142, 2, 4, '2015-07-04 19:44:12'),
(4414, 546, 7, 6, '2014-01-18 12:50:24'),
(4415, 206, 3, 3, '2015-05-27 11:25:13'),
(4416, 282, 8, 4, '2014-08-05 12:32:39'),
(4417, 108, 1, 2, '2015-08-06 20:28:54'),
(4418, 288, 6, 2, '2015-08-20 20:39:10'),
(4419, 361, 9, 2, '2015-02-12 13:23:45'),
(4420, 288, 4, 7, '2015-06-11 20:51:30'),
(4421, 410, 7, 9, '2014-11-27 19:46:56'),
(4422, 496, 1, 8, '2015-08-27 18:58:15'),
(4423, 127, 3, 10, '2014-03-14 19:32:31'),
(4424, 48, 11, 3, '2015-11-09 18:24:24'),
(4425, 306, 12, 3, '2014-12-27 10:13:44'),
(4426, 639, 1, 3, '2014-10-22 13:56:47'),
(4427, 586, 10, 7, '2015-10-27 13:27:19'),
(4428, 29, 7, 8, '2015-07-16 20:47:46'),
(4429, 77, 12, 1, '2014-11-21 18:40:22'),
(4430, 358, 1, 5, '2014-02-11 10:55:28'),
(4431, 356, 5, 6, '2015-01-05 13:42:53'),
(4432, 231, 9, 7, '2014-12-26 21:17:29'),
(4433, 592, 5, 10, '2014-11-09 15:21:32'),
(4434, 315, 4, 7, '2014-08-19 13:37:24'),
(4435, 393, 1, 5, '2015-01-22 21:10:30'),
(4436, 435, 12, 7, '2014-07-16 15:23:49'),
(4437, 451, 8, 4, '2015-08-11 12:45:43'),
(4438, 162, 12, 3, '2015-02-07 19:44:35'),
(4439, 118, 5, 1, '2014-07-02 12:42:32'),
(4440, 562, 10, 10, '2014-09-21 14:45:21'),
(4441, 78, 12, 8, '2015-03-19 14:34:19'),
(4442, 104, 12, 2, '2014-07-20 13:18:35'),
(4443, 573, 10, 7, '2015-06-20 16:33:48'),
(4444, 619, 2, 9, '2015-05-20 18:47:11'),
(4445, 204, 4, 4, '2015-08-11 17:25:15'),
(4446, 438, 2, 1, '2015-03-25 10:50:31'),
(4447, 14, 8, 9, '2015-09-03 19:58:39'),
(4448, 447, 5, 8, '2015-03-27 10:14:42'),
(4449, 418, 1, 4, '2014-11-11 22:25:45'),
(4450, 35, 3, 9, '2014-03-24 10:28:17'),
(4451, 371, 1, 9, '2014-07-11 18:31:52'),
(4452, 243, 2, 4, '2014-07-27 15:22:27'),
(4453, 685, 4, 10, '2015-07-03 19:56:35'),
(4454, 336, 1, 8, '2014-09-11 11:19:47'),
(4455, 700, 7, 3, '2014-08-05 17:10:48'),
(4456, 24, 9, 10, '2015-09-16 21:23:25'),
(4457, 241, 1, 5, '2014-04-10 10:41:46'),
(4458, 258, 3, 5, '2015-12-18 14:48:59'),
(4459, 150, 9, 10, '2014-10-10 19:32:57'),
(4460, 336, 4, 3, '2014-04-27 16:58:49'),
(4461, 275, 2, 9, '2015-08-05 20:13:26'),
(4462, 510, 12, 4, '2015-02-01 14:41:58'),
(4463, 439, 11, 9, '2014-02-04 19:59:23'),
(4464, 562, 2, 4, '2014-06-25 12:41:11'),
(4465, 373, 8, 2, '2015-06-21 20:20:48'),
(4466, 681, 10, 7, '2014-10-06 13:39:28'),
(4467, 218, 6, 6, '2014-05-16 13:19:19'),
(4468, 688, 8, 8, '2014-11-21 10:42:20'),
(4469, 648, 9, 6, '2014-03-18 19:27:44'),
(4470, 431, 6, 4, '2014-09-04 18:55:27'),
(4471, 92, 6, 10, '2014-12-14 16:56:10'),
(4472, 404, 6, 8, '2014-07-12 13:34:37'),
(4473, 54, 4, 2, '2015-09-04 15:48:31'),
(4474, 450, 5, 1, '2015-09-03 18:11:32'),
(4475, 243, 7, 7, '2014-07-03 15:55:13'),
(4476, 480, 7, 8, '2014-02-08 10:51:25'),
(4477, 442, 4, 1, '2014-02-26 13:21:37'),
(4478, 52, 10, 6, '2014-05-06 18:35:18'),
(4479, 108, 4, 5, '2015-05-15 10:42:38'),
(4480, 328, 3, 3, '2014-02-20 14:52:19'),
(4481, 482, 11, 8, '2014-10-02 17:23:33'),
(4482, 146, 4, 10, '2014-05-12 21:58:44'),
(4483, 36, 12, 2, '2015-10-07 19:39:55'),
(4484, 247, 10, 4, '2014-08-14 10:52:18'),
(4485, 93, 10, 7, '2014-01-21 18:29:58'),
(4486, 356, 10, 9, '2015-02-07 13:26:49'),
(4487, 700, 11, 10, '2014-05-25 21:26:26'),
(4488, 490, 1, 1, '2015-08-08 13:31:21'),
(4489, 214, 4, 10, '2015-01-24 12:53:26'),
(4490, 468, 5, 2, '2014-03-24 10:23:55'),
(4491, 515, 1, 3, '2015-02-14 10:29:54'),
(4492, 636, 12, 5, '2014-03-21 11:16:40'),
(4493, 317, 8, 3, '2014-12-14 21:18:44'),
(4494, 579, 1, 10, '2014-10-01 10:41:24'),
(4495, 324, 1, 4, '2015-12-17 17:35:40'),
(4496, 42, 5, 5, '2015-04-27 09:35:37'),
(4497, 328, 2, 1, '2015-06-05 17:15:58'),
(4498, 485, 9, 10, '2014-01-03 14:35:53'),
(4499, 57, 4, 7, '2014-12-01 13:52:59'),
(4500, 20, 9, 1, '2015-06-14 18:48:48'),
(4501, 2, 7, 6, '2015-09-19 14:19:21'),
(4502, 454, 6, 4, '2014-01-24 20:17:21'),
(4503, 46, 10, 3, '2015-07-03 18:12:53'),
(4504, 250, 2, 7, '2014-08-24 20:20:11'),
(4505, 253, 1, 1, '2015-10-05 16:14:18'),
(4506, 18, 4, 4, '2015-02-11 21:11:10'),
(4507, 675, 7, 3, '2015-10-21 11:57:47'),
(4508, 232, 3, 8, '2015-08-17 18:45:53'),
(4509, 170, 5, 1, '2014-09-18 09:59:11'),
(4510, 77, 9, 1, '2014-10-21 13:50:45'),
(4511, 42, 7, 6, '2014-11-19 19:44:34'),
(4512, 613, 12, 6, '2014-02-25 10:18:34'),
(4513, 135, 2, 7, '2014-12-17 15:59:36'),
(4514, 179, 2, 9, '2015-07-09 14:45:31'),
(4515, 353, 3, 6, '2015-10-02 11:56:57'),
(4516, 47, 9, 6, '2014-10-13 10:19:25'),
(4517, 692, 8, 9, '2014-02-08 16:51:36'),
(4518, 331, 11, 5, '2015-07-03 19:33:36'),
(4519, 189, 3, 6, '2014-03-19 19:57:22'),
(4520, 576, 5, 5, '2015-04-01 13:50:12'),
(4521, 645, 7, 4, '2015-03-24 22:43:44'),
(4522, 7, 6, 4, '2014-06-18 11:57:26'),
(4523, 95, 9, 5, '2015-12-09 14:56:30'),
(4524, 573, 11, 6, '2014-08-23 12:21:56'),
(4525, 548, 10, 6, '2015-11-03 10:17:41'),
(4526, 665, 12, 6, '2015-04-13 16:11:56'),
(4527, 12, 9, 9, '2015-12-02 14:21:39'),
(4528, 152, 6, 4, '2014-11-19 17:59:48'),
(4529, 60, 4, 2, '2014-12-13 16:53:40'),
(4530, 697, 8, 8, '2015-02-23 17:15:32'),
(4531, 125, 12, 10, '2015-11-10 15:43:59'),
(4532, 133, 3, 9, '2015-12-17 22:20:38'),
(4533, 203, 9, 2, '2014-08-02 14:37:41'),
(4534, 134, 6, 2, '2015-04-23 14:26:34'),
(4535, 80, 7, 2, '2014-08-07 17:11:25'),
(4536, 194, 9, 9, '2014-09-11 09:51:28'),
(4537, 17, 11, 1, '2015-01-18 10:33:30'),
(4538, 688, 8, 4, '2014-09-02 18:15:31'),
(4539, 314, 4, 9, '2015-05-12 15:16:25'),
(4540, 552, 8, 5, '2014-05-18 20:54:37'),
(4541, 141, 4, 9, '2014-01-25 16:54:57'),
(4542, 64, 12, 7, '2015-05-13 18:42:57'),
(4543, 89, 4, 9, '2014-05-06 19:39:14'),
(4544, 629, 6, 1, '2015-10-07 15:54:12'),
(4545, 65, 4, 10, '2015-03-26 21:25:36'),
(4546, 223, 7, 1, '2015-08-19 12:32:59'),
(4547, 577, 12, 2, '2014-09-16 09:34:42'),
(4548, 183, 7, 3, '2015-08-21 13:36:50'),
(4549, 546, 3, 8, '2015-04-08 20:23:57'),
(4550, 149, 9, 1, '2014-12-16 20:47:38'),
(4551, 285, 7, 3, '2015-01-14 12:32:54'),
(4552, 200, 11, 6, '2015-06-21 16:27:45'),
(4553, 83, 5, 2, '2014-01-27 21:38:58'),
(4554, 614, 2, 10, '2014-02-07 15:37:36'),
(4555, 41, 1, 7, '2014-02-04 10:27:29'),
(4556, 672, 3, 1, '2015-10-15 11:52:12'),
(4557, 388, 3, 4, '2014-09-25 10:36:10'),
(4558, 603, 1, 9, '2014-10-22 11:52:11'),
(4559, 11, 9, 8, '2014-09-11 14:34:47'),
(4560, 656, 10, 3, '2014-09-21 10:46:35'),
(4561, 130, 11, 7, '2015-07-20 17:21:50'),
(4562, 182, 12, 3, '2015-01-22 17:37:24'),
(4563, 486, 5, 2, '2014-06-09 17:35:10'),
(4564, 261, 2, 5, '2015-04-24 21:25:30'),
(4565, 161, 8, 2, '2014-04-06 15:43:40'),
(4566, 556, 4, 5, '2015-12-24 11:59:59'),
(4567, 330, 6, 7, '2014-12-26 19:20:25'),
(4568, 13, 7, 3, '2014-05-19 20:44:28'),
(4569, 509, 2, 9, '2014-04-21 18:31:38'),
(4570, 381, 2, 1, '2014-10-15 13:27:34'),
(4571, 451, 8, 5, '2015-05-27 10:38:39'),
(4572, 115, 3, 2, '2014-02-11 18:31:15'),
(4573, 47, 4, 1, '2014-02-13 18:18:11'),
(4574, 466, 3, 9, '2015-08-25 14:57:42'),
(4575, 420, 4, 9, '2015-03-27 10:41:34'),
(4576, 78, 12, 6, '2014-03-26 19:17:17'),
(4577, 104, 8, 10, '2014-05-15 15:11:28'),
(4578, 327, 10, 9, '2014-01-20 11:42:30'),
(4579, 289, 10, 7, '2014-02-24 22:56:41'),
(4580, 171, 3, 10, '2014-04-02 11:40:54'),
(4581, 97, 6, 4, '2014-09-15 09:12:21'),
(4582, 19, 4, 6, '2015-05-23 16:24:34'),
(4583, 614, 10, 9, '2015-03-03 12:42:30'),
(4584, 488, 6, 3, '2014-01-13 14:12:15'),
(4585, 347, 6, 5, '2015-08-06 21:22:58'),
(4586, 197, 10, 1, '2014-10-09 19:56:27'),
(4587, 90, 10, 10, '2015-10-15 19:50:45'),
(4588, 580, 2, 10, '2014-03-16 10:24:42'),
(4589, 536, 4, 10, '2014-06-25 17:42:43'),
(4590, 246, 7, 6, '2014-02-16 21:59:42'),
(4591, 173, 10, 3, '2015-12-27 16:13:50'),
(4592, 334, 7, 10, '2014-05-09 12:19:29'),
(4593, 431, 9, 9, '2015-05-26 10:17:19'),
(4594, 429, 8, 7, '2015-09-25 15:34:29'),
(4595, 401, 7, 10, '2014-05-01 16:28:59'),
(4596, 39, 1, 10, '2014-04-25 12:39:41'),
(4597, 32, 7, 2, '2015-07-03 21:30:59'),
(4598, 64, 5, 10, '2015-03-21 19:27:51'),
(4599, 388, 11, 4, '2014-02-02 16:23:55'),
(4600, 679, 12, 7, '2014-12-17 16:42:31'),
(4601, 50, 10, 1, '2015-04-18 14:58:14'),
(4602, 71, 9, 5, '2015-06-15 13:43:59'),
(4603, 190, 10, 10, '2015-06-11 15:20:21'),
(4604, 557, 7, 2, '2015-10-26 21:21:30'),
(4605, 115, 2, 1, '2014-01-16 18:45:40'),
(4606, 38, 6, 9, '2015-09-24 09:38:35'),
(4607, 561, 11, 2, '2014-12-21 21:21:53'),
(4608, 226, 10, 7, '2015-03-15 14:35:37'),
(4609, 393, 10, 1, '2014-06-17 13:22:50'),
(4610, 153, 8, 1, '2015-05-12 10:43:35'),
(4611, 60, 6, 3, '2015-08-24 12:22:29'),
(4612, 232, 10, 9, '2014-12-24 16:18:31'),
(4613, 683, 11, 1, '2014-12-10 17:35:11'),
(4614, 429, 1, 8, '2014-10-22 13:17:12'),
(4615, 229, 5, 1, '2014-02-20 22:24:12'),
(4616, 268, 11, 5, '2014-02-22 16:59:34'),
(4617, 500, 2, 1, '2015-07-22 20:48:50'),
(4618, 588, 10, 2, '2014-11-10 17:29:35'),
(4619, 516, 10, 4, '2015-01-25 20:34:19'),
(4620, 678, 9, 3, '2014-05-26 12:36:42'),
(4621, 665, 12, 2, '2015-07-21 21:56:18'),
(4622, 109, 4, 10, '2014-03-15 16:54:38'),
(4623, 145, 12, 9, '2015-12-23 13:15:10'),
(4624, 46, 7, 1, '2014-03-21 10:30:55'),
(4625, 391, 7, 3, '2014-04-24 21:13:41'),
(4626, 40, 4, 4, '2014-06-23 10:51:10'),
(4627, 301, 2, 6, '2015-12-02 16:55:26'),
(4628, 31, 9, 7, '2014-06-16 10:43:12'),
(4629, 230, 2, 10, '2014-02-18 20:16:23'),
(4630, 204, 1, 2, '2014-03-10 21:21:45'),
(4631, 385, 6, 9, '2014-03-02 10:31:51'),
(4632, 176, 8, 7, '2015-03-19 18:23:16'),
(4633, 502, 11, 4, '2014-12-27 17:19:56'),
(4634, 391, 2, 6, '2015-09-19 20:41:57'),
(4635, 116, 3, 9, '2015-04-26 13:11:41'),
(4636, 19, 5, 8, '2014-11-22 22:32:45'),
(4637, 670, 1, 1, '2015-12-19 22:17:19'),
(4638, 221, 5, 3, '2015-02-07 13:37:28'),
(4639, 279, 1, 10, '2015-12-24 14:25:33'),
(4640, 446, 8, 2, '2014-08-25 09:20:33'),
(4641, 618, 6, 4, '2015-07-02 17:29:58'),
(4642, 215, 8, 1, '2015-09-01 11:19:44'),
(4643, 619, 1, 10, '2014-09-07 13:17:57'),
(4644, 521, 12, 9, '2014-09-15 09:11:42'),
(4645, 196, 10, 5, '2014-05-09 11:27:12'),
(4646, 474, 2, 1, '2015-07-10 21:20:31'),
(4647, 402, 5, 5, '2015-10-08 21:59:26'),
(4648, 502, 8, 2, '2015-11-25 17:40:54'),
(4649, 364, 1, 1, '2015-04-07 18:55:56'),
(4650, 110, 5, 1, '2014-12-25 20:12:33'),
(4651, 691, 3, 2, '2014-07-11 09:31:33'),
(4652, 188, 11, 5, '2015-01-21 20:17:56'),
(4653, 11, 11, 4, '2015-03-15 13:14:22'),
(4654, 328, 6, 6, '2015-04-20 13:28:20'),
(4655, 389, 2, 2, '2015-06-04 18:37:32'),
(4656, 535, 12, 10, '2014-08-01 16:30:43'),
(4657, 159, 10, 6, '2014-04-08 11:21:56'),
(4658, 249, 1, 1, '2014-09-23 10:49:55'),
(4659, 79, 11, 5, '2014-07-17 17:50:56'),
(4660, 526, 1, 5, '2014-07-25 19:40:43'),
(4661, 429, 7, 7, '2014-10-16 17:45:36'),
(4662, 343, 12, 10, '2015-10-23 16:25:24'),
(4663, 167, 2, 5, '2015-10-08 20:30:24'),
(4664, 99, 8, 3, '2014-04-05 14:17:40'),
(4665, 686, 9, 1, '2014-06-09 15:25:55'),
(4666, 334, 4, 9, '2015-06-16 09:10:10'),
(4667, 224, 1, 4, '2014-03-08 15:59:31'),
(4668, 484, 9, 9, '2015-03-04 15:21:46'),
(4669, 183, 2, 7, '2015-05-08 21:13:41'),
(4670, 351, 12, 6, '2015-02-16 12:35:34'),
(4671, 350, 5, 5, '2014-04-09 13:58:51'),
(4672, 90, 6, 8, '2015-06-23 21:18:55'),
(4673, 577, 4, 1, '2015-12-08 13:14:12'),
(4674, 679, 2, 4, '2015-12-15 10:50:34'),
(4675, 69, 4, 10, '2015-07-27 11:36:52'),
(4676, 102, 8, 10, '2015-07-13 18:11:44'),
(4677, 577, 4, 7, '2014-12-13 15:58:11'),
(4678, 263, 12, 3, '2015-12-07 13:21:41'),
(4679, 557, 7, 9, '2015-05-20 15:30:14'),
(4680, 360, 10, 2, '2015-10-10 14:45:58'),
(4681, 283, 7, 10, '2014-05-10 10:52:31'),
(4682, 69, 11, 4, '2014-10-20 14:57:27'),
(4683, 690, 5, 8, '2015-12-06 16:46:23'),
(4684, 88, 5, 10, '2014-02-16 14:49:49'),
(4685, 241, 11, 3, '2014-10-06 14:56:39'),
(4686, 136, 10, 8, '2015-11-10 17:43:26'),
(4687, 120, 2, 7, '2015-09-25 21:48:46'),
(4688, 650, 8, 4, '2014-11-18 21:31:10'),
(4689, 434, 12, 3, '2015-02-07 17:32:19'),
(4690, 94, 10, 6, '2014-06-09 14:21:48'),
(4691, 66, 1, 10, '2014-06-11 11:23:23'),
(4692, 687, 6, 7, '2015-06-14 19:41:19'),
(4693, 689, 3, 9, '2014-06-03 12:19:17'),
(4694, 279, 10, 9, '2015-06-25 15:34:48'),
(4695, 32, 4, 9, '2015-11-03 11:57:39'),
(4696, 441, 2, 3, '2014-09-02 18:49:43'),
(4697, 391, 8, 10, '2015-03-07 12:18:49'),
(4698, 358, 3, 5, '2014-09-16 14:47:12'),
(4699, 135, 10, 2, '2015-07-13 13:17:26'),
(4700, 660, 6, 2, '2015-11-01 20:11:57'),
(4701, 451, 1, 10, '2014-03-18 18:58:59'),
(4702, 366, 3, 2, '2014-09-24 16:37:16'),
(4703, 681, 5, 8, '2014-07-19 19:12:12'),
(4704, 361, 1, 6, '2014-07-10 17:25:49'),
(4705, 545, 8, 10, '2015-09-07 16:15:37'),
(4706, 51, 3, 5, '2015-11-26 13:50:53'),
(4707, 502, 2, 10, '2014-03-07 16:13:57'),
(4708, 668, 11, 9, '2015-01-11 10:39:29'),
(4709, 630, 1, 5, '2014-10-15 10:59:13'),
(4710, 163, 10, 3, '2014-01-07 10:46:21'),
(4711, 286, 10, 3, '2015-09-18 15:14:38'),
(4712, 63, 10, 9, '2014-02-24 19:49:28'),
(4713, 143, 8, 1, '2015-10-25 21:42:11'),
(4714, 676, 12, 2, '2014-01-06 12:56:18'),
(4715, 317, 10, 1, '2014-12-01 17:23:54'),
(4716, 570, 11, 3, '2015-10-23 12:49:26'),
(4717, 296, 1, 9, '2014-08-22 14:28:25'),
(4718, 577, 8, 8, '2015-07-14 10:46:26'),
(4719, 473, 6, 4, '2015-05-05 13:51:56'),
(4720, 559, 10, 10, '2014-04-03 18:46:42'),
(4721, 508, 7, 4, '2015-02-22 21:28:54'),
(4722, 557, 8, 4, '2015-04-04 17:54:52'),
(4723, 395, 12, 2, '2015-01-19 21:28:19'),
(4724, 514, 12, 8, '2014-09-22 09:25:24'),
(4725, 167, 9, 8, '2015-06-27 12:35:17'),
(4726, 360, 3, 2, '2015-05-03 09:55:11'),
(4727, 606, 4, 1, '2015-03-11 16:10:30'),
(4728, 14, 8, 5, '2014-10-12 13:40:11'),
(4729, 568, 8, 10, '2014-10-02 20:18:58'),
(4730, 668, 4, 6, '2015-04-09 21:53:35'),
(4731, 112, 9, 5, '2014-12-02 21:19:32'),
(4732, 495, 6, 8, '2014-03-23 22:36:27'),
(4733, 6, 9, 8, '2014-02-10 12:43:19'),
(4734, 285, 6, 3, '2014-06-07 13:33:51'),
(4735, 322, 7, 9, '2015-02-12 17:38:50'),
(4736, 481, 8, 6, '2014-05-01 21:11:22'),
(4737, 534, 6, 1, '2015-05-21 19:40:24'),
(4738, 341, 6, 2, '2015-06-24 14:18:56'),
(4739, 251, 8, 10, '2015-01-13 10:32:38'),
(4740, 350, 1, 8, '2014-05-24 16:56:59'),
(4741, 651, 12, 1, '2015-09-14 20:12:22'),
(4742, 323, 10, 10, '2014-10-01 16:48:30'),
(4743, 525, 12, 2, '2014-02-20 10:24:13'),
(4744, 415, 11, 1, '2015-12-08 14:26:12'),
(4745, 497, 4, 1, '2014-12-03 17:54:54'),
(4746, 95, 5, 8, '2014-07-03 18:27:30'),
(4747, 313, 12, 8, '2014-10-06 10:31:49'),
(4748, 164, 12, 8, '2015-11-12 11:24:50'),
(4749, 232, 8, 6, '2014-09-22 12:38:38'),
(4750, 10, 1, 7, '2015-04-15 15:14:17'),
(4751, 33, 7, 5, '2015-07-23 13:25:30'),
(4752, 482, 11, 10, '2014-07-18 13:51:49'),
(4753, 521, 5, 4, '2015-12-25 15:56:13'),
(4754, 60, 10, 4, '2015-12-15 15:35:37'),
(4755, 4, 9, 3, '2015-07-15 10:48:38'),
(4756, 511, 11, 7, '2015-10-04 21:36:49'),
(4757, 619, 2, 10, '2015-06-10 18:23:12'),
(4758, 79, 3, 6, '2015-02-14 10:37:30'),
(4759, 379, 6, 7, '2015-09-13 18:30:42'),
(4760, 214, 9, 3, '2015-01-22 21:14:25'),
(4761, 281, 5, 1, '2014-04-04 21:13:15'),
(4762, 421, 2, 3, '2014-08-23 16:22:57'),
(4763, 591, 11, 10, '2015-10-25 22:54:26'),
(4764, 394, 2, 6, '2015-02-27 20:28:43'),
(4765, 159, 10, 9, '2015-06-23 13:34:30'),
(4766, 410, 4, 4, '2014-11-22 17:29:27'),
(4767, 303, 7, 6, '2015-12-10 12:34:15'),
(4768, 448, 6, 5, '2015-11-08 20:29:53'),
(4769, 212, 2, 10, '2015-05-21 21:32:56'),
(4770, 247, 4, 4, '2014-12-12 12:40:48'),
(4771, 551, 1, 4, '2015-01-08 21:39:50'),
(4772, 404, 1, 4, '2014-05-25 17:23:21'),
(4773, 75, 9, 7, '2015-03-01 16:54:34'),
(4774, 110, 11, 2, '2015-04-22 17:10:55'),
(4775, 438, 2, 4, '2015-07-09 19:31:17'),
(4776, 484, 1, 4, '2015-07-23 20:45:47'),
(4777, 438, 8, 7, '2014-07-15 11:32:11'),
(4778, 150, 10, 3, '2015-03-12 14:43:57'),
(4779, 37, 2, 9, '2015-08-14 19:50:26'),
(4780, 260, 9, 5, '2015-06-08 17:33:39'),
(4781, 48, 10, 10, '2014-01-02 10:54:15'),
(4782, 404, 3, 4, '2014-01-22 20:34:51'),
(4783, 329, 9, 5, '2014-10-09 21:31:16'),
(4784, 674, 5, 7, '2014-01-11 21:49:35'),
(4785, 221, 12, 1, '2015-03-10 17:27:13'),
(4786, 449, 12, 6, '2014-01-08 22:46:58'),
(4787, 516, 3, 2, '2015-02-12 22:58:46'),
(4788, 115, 10, 1, '2015-06-18 10:29:43'),
(4789, 373, 9, 7, '2015-02-26 10:19:25'),
(4790, 216, 9, 3, '2014-09-05 13:52:37'),
(4791, 444, 6, 5, '2015-10-14 19:28:11'),
(4792, 669, 5, 3, '2015-04-13 14:34:49'),
(4793, 522, 8, 3, '2015-01-05 20:40:40'),
(4794, 439, 10, 1, '2014-04-24 16:45:40'),
(4795, 597, 7, 10, '2015-08-08 18:48:51'),
(4796, 108, 5, 3, '2015-10-12 20:48:21'),
(4797, 319, 6, 9, '2015-08-27 12:41:18'),
(4798, 289, 7, 8, '2015-07-04 13:46:12'),
(4799, 273, 3, 2, '2014-05-09 18:54:45'),
(4800, 687, 1, 4, '2015-09-07 09:43:54'),
(4801, 599, 12, 2, '2015-12-05 19:40:51'),
(4802, 475, 4, 8, '2014-01-17 19:10:23'),
(4803, 554, 9, 7, '2014-11-15 11:30:22'),
(4804, 650, 12, 8, '2015-06-04 21:19:56'),
(4805, 367, 9, 7, '2015-11-05 21:16:22'),
(4806, 257, 8, 1, '2014-05-03 16:34:38'),
(4807, 460, 8, 7, '2015-04-23 18:46:52'),
(4808, 533, 4, 8, '2014-03-16 13:45:42'),
(4809, 281, 2, 3, '2014-03-01 21:46:37'),
(4810, 85, 10, 7, '2015-11-01 22:39:16'),
(4811, 289, 9, 4, '2015-01-13 10:52:19'),
(4812, 625, 10, 3, '2014-02-15 14:33:15'),
(4813, 581, 3, 7, '2014-09-12 17:35:45'),
(4814, 358, 6, 3, '2015-04-10 17:27:18'),
(4815, 7, 7, 8, '2015-03-27 22:42:16'),
(4816, 521, 6, 10, '2015-05-04 11:45:19'),
(4817, 25, 6, 3, '2014-04-02 20:30:56'),
(4818, 655, 11, 9, '2015-04-22 19:19:53'),
(4819, 313, 6, 6, '2015-08-17 17:16:50'),
(4820, 37, 1, 3, '2014-09-06 20:56:48'),
(4821, 32, 12, 10, '2015-03-14 13:51:41'),
(4822, 422, 3, 2, '2015-09-08 15:42:58'),
(4823, 269, 7, 9, '2014-09-22 15:11:22'),
(4824, 174, 12, 3, '2014-06-17 11:39:26'),
(4825, 396, 7, 6, '2015-12-02 19:40:25'),
(4826, 260, 7, 2, '2014-01-07 11:57:12'),
(4827, 53, 1, 9, '2014-04-05 14:12:18'),
(4828, 393, 5, 9, '2015-01-19 13:54:52'),
(4829, 490, 10, 2, '2014-06-12 18:44:22'),
(4830, 572, 9, 9, '2015-10-20 14:36:55'),
(4831, 96, 5, 3, '2015-02-13 20:57:44'),
(4832, 9, 1, 7, '2014-08-23 11:50:29'),
(4833, 676, 12, 9, '2015-03-27 16:50:50'),
(4834, 579, 3, 6, '2015-10-08 13:49:27'),
(4835, 365, 12, 8, '2014-11-26 14:35:47'),
(4836, 449, 1, 7, '2014-12-02 20:31:26'),
(4837, 591, 12, 10, '2015-05-24 19:12:57'),
(4838, 207, 3, 4, '2015-02-09 13:37:11'),
(4839, 625, 2, 4, '2015-10-26 18:27:35'),
(4840, 268, 8, 10, '2014-04-07 16:45:25'),
(4841, 430, 3, 2, '2014-03-05 12:52:13'),
(4842, 124, 5, 10, '2014-07-06 10:28:15'),
(4843, 202, 8, 3, '2014-12-10 22:29:12'),
(4844, 443, 11, 6, '2014-01-21 19:23:10'),
(4845, 50, 4, 1, '2014-11-24 15:57:53'),
(4846, 317, 4, 6, '2015-08-09 21:15:27'),
(4847, 472, 2, 10, '2015-09-25 16:10:57'),
(4848, 125, 4, 7, '2015-11-21 22:21:28'),
(4849, 463, 5, 8, '2015-10-08 18:18:16'),
(4850, 257, 10, 2, '2015-08-03 18:31:30'),
(4851, 339, 10, 1, '2014-06-25 21:38:48'),
(4852, 509, 10, 3, '2015-06-26 11:17:26'),
(4853, 385, 3, 6, '2015-11-03 22:56:31'),
(4854, 505, 3, 1, '2014-12-20 15:23:28'),
(4855, 294, 6, 6, '2015-10-26 19:32:47'),
(4856, 622, 7, 2, '2015-08-16 13:47:52'),
(4857, 109, 11, 8, '2014-10-26 17:31:49'),
(4858, 50, 2, 1, '2014-02-10 13:44:39'),
(4859, 375, 5, 10, '2015-12-02 11:34:52'),
(4860, 477, 2, 9, '2014-12-10 15:31:35'),
(4861, 164, 4, 6, '2014-10-23 13:57:13'),
(4862, 376, 3, 9, '2014-08-19 14:19:27'),
(4863, 200, 7, 3, '2015-02-14 10:38:13'),
(4864, 688, 12, 9, '2014-07-20 09:15:45'),
(4865, 25, 10, 8, '2014-02-16 20:10:58'),
(4866, 330, 12, 4, '2015-03-05 19:43:14'),
(4867, 59, 6, 6, '2015-05-22 20:38:36'),
(4868, 148, 1, 3, '2015-06-13 12:44:54'),
(4869, 534, 5, 10, '2015-09-06 09:46:28'),
(4870, 117, 6, 10, '2014-07-14 19:44:16'),
(4871, 83, 4, 1, '2015-04-26 18:39:18'),
(4872, 655, 2, 3, '2015-07-11 11:12:12'),
(4873, 329, 7, 6, '2014-04-18 21:24:39'),
(4874, 507, 12, 9, '2015-09-22 21:36:43'),
(4875, 211, 11, 2, '2015-02-19 10:46:46'),
(4876, 39, 3, 2, '2015-01-13 21:13:28'),
(4877, 97, 12, 2, '2014-01-23 18:35:29'),
(4878, 113, 12, 7, '2014-09-06 17:17:42'),
(4879, 596, 3, 7, '2015-12-04 22:36:29'),
(4880, 127, 9, 5, '2015-08-25 15:33:48'),
(4881, 253, 7, 3, '2015-10-19 17:10:34'),
(4882, 385, 2, 5, '2014-10-02 09:35:51'),
(4883, 198, 12, 10, '2014-09-18 16:35:43'),
(4884, 96, 11, 10, '2014-07-08 15:44:40'),
(4885, 568, 11, 1, '2015-12-04 12:53:33'),
(4886, 442, 10, 6, '2015-09-11 17:24:47'),
(4887, 471, 7, 7, '2015-06-11 11:32:29'),
(4888, 665, 8, 2, '2014-05-21 20:27:57'),
(4889, 47, 12, 10, '2015-03-02 11:13:42'),
(4890, 331, 9, 4, '2014-01-08 10:48:19'),
(4891, 620, 4, 2, '2015-01-03 15:48:37'),
(4892, 453, 10, 3, '2015-02-11 16:58:22'),
(4893, 472, 8, 1, '2014-11-18 13:18:31'),
(4894, 187, 1, 3, '2015-05-07 12:24:26'),
(4895, 685, 7, 8, '2014-09-10 16:56:20'),
(4896, 554, 11, 10, '2014-06-16 10:35:35'),
(4897, 136, 2, 6, '2015-09-27 17:35:39'),
(4898, 663, 11, 7, '2015-03-05 15:34:28'),
(4899, 369, 12, 10, '2014-08-15 15:49:45'),
(4900, 339, 8, 8, '2014-01-15 11:38:37'),
(4901, 293, 5, 6, '2015-07-14 20:11:50'),
(4902, 310, 10, 7, '2014-01-04 22:29:33'),
(4903, 191, 1, 3, '2015-03-23 12:50:10'),
(4904, 514, 9, 1, '2015-06-15 18:14:43'),
(4905, 230, 3, 7, '2015-05-08 21:12:26'),
(4906, 70, 10, 3, '2014-06-18 17:45:16'),
(4907, 561, 6, 4, '2014-04-13 15:34:22'),
(4908, 412, 2, 6, '2015-07-01 16:16:29'),
(4909, 168, 4, 1, '2015-10-05 19:22:38'),
(4910, 356, 2, 3, '2015-07-23 12:34:26'),
(4911, 395, 11, 7, '2015-09-03 13:34:40'),
(4912, 398, 12, 4, '2014-02-19 16:38:42'),
(4913, 298, 2, 10, '2015-08-18 16:14:30'),
(4914, 446, 10, 6, '2015-01-16 22:59:12'),
(4915, 215, 7, 8, '2015-03-12 19:34:14'),
(4916, 357, 1, 2, '2015-02-24 17:37:49'),
(4917, 576, 11, 1, '2015-01-25 12:19:37'),
(4918, 345, 1, 6, '2015-08-02 19:45:40'),
(4919, 636, 2, 9, '2015-12-18 20:28:19'),
(4920, 559, 5, 4, '2015-01-02 17:27:26'),
(4921, 381, 3, 4, '2014-02-26 16:45:54'),
(4922, 694, 11, 10, '2015-06-03 20:24:59'),
(4923, 464, 1, 8, '2014-08-15 18:40:12'),
(4924, 516, 7, 2, '2014-05-15 14:11:51'),
(4925, 386, 1, 2, '2015-01-21 11:12:12'),
(4926, 413, 3, 4, '2014-01-14 10:26:22'),
(4927, 699, 5, 3, '2015-04-27 16:28:49'),
(4928, 576, 7, 4, '2014-06-20 11:56:19'),
(4929, 384, 12, 8, '2014-03-21 12:43:25'),
(4930, 496, 5, 2, '2015-06-19 13:13:21'),
(4931, 294, 1, 4, '2015-02-24 16:36:49'),
(4932, 610, 6, 3, '2015-05-24 09:20:55'),
(4933, 375, 3, 5, '2014-08-17 15:26:21'),
(4934, 243, 4, 1, '2014-06-11 12:55:27'),
(4935, 574, 10, 8, '2014-10-09 10:31:26'),
(4936, 611, 4, 9, '2014-08-18 10:54:55'),
(4937, 341, 9, 7, '2015-11-20 22:20:45'),
(4938, 437, 7, 2, '2015-04-26 11:13:42'),
(4939, 287, 1, 4, '2015-08-01 09:23:14'),
(4940, 478, 6, 9, '2015-07-12 09:41:58'),
(4941, 635, 8, 8, '2014-10-18 18:16:13'),
(4942, 305, 9, 7, '2015-06-24 12:42:54'),
(4943, 233, 5, 7, '2014-11-07 19:49:20'),
(4944, 524, 10, 8, '2014-08-27 15:22:34'),
(4945, 194, 1, 3, '2015-03-17 13:18:26'),
(4946, 263, 6, 10, '2015-10-14 18:30:59'),
(4947, 217, 11, 1, '2015-01-26 12:37:13'),
(4948, 580, 7, 10, '2014-12-14 17:53:29'),
(4949, 262, 4, 6, '2015-06-24 09:44:29'),
(4950, 465, 6, 4, '2015-05-11 15:22:30'),
(4951, 260, 2, 4, '2014-01-12 18:29:35'),
(4952, 607, 9, 4, '2014-04-24 15:18:51'),
(4953, 78, 2, 5, '2015-12-18 21:44:21'),
(4954, 158, 5, 6, '2015-02-10 22:51:15'),
(4955, 626, 12, 9, '2015-11-27 11:34:47'),
(4956, 350, 1, 10, '2015-03-26 12:39:33'),
(4957, 348, 8, 5, '2015-08-13 19:57:58'),
(4958, 593, 5, 4, '2014-04-21 13:29:32'),
(4959, 654, 7, 3, '2014-03-03 13:39:52'),
(4960, 74, 7, 5, '2014-01-14 12:25:57'),
(4961, 677, 4, 1, '2014-08-25 20:12:52'),
(4962, 380, 5, 1, '2015-06-15 12:40:49'),
(4963, 183, 2, 6, '2014-09-11 21:36:29'),
(4964, 642, 10, 1, '2015-02-27 11:25:32'),
(4965, 609, 4, 4, '2015-02-15 12:48:18'),
(4966, 524, 10, 6, '2015-11-06 14:23:31'),
(4967, 482, 3, 2, '2014-01-26 15:28:14'),
(4968, 76, 1, 9, '2014-02-24 13:20:23'),
(4969, 415, 2, 10, '2014-06-08 12:57:42'),
(4970, 321, 4, 6, '2015-03-25 21:47:51'),
(4971, 622, 5, 7, '2015-11-16 22:25:18'),
(4972, 218, 1, 4, '2014-09-11 13:15:55'),
(4973, 623, 3, 7, '2014-10-02 09:46:14'),
(4974, 362, 3, 7, '2015-06-24 16:51:29'),
(4975, 681, 3, 6, '2015-10-20 15:21:23'),
(4976, 315, 1, 3, '2015-07-13 21:29:32'),
(4977, 245, 11, 10, '2015-04-16 18:49:50'),
(4978, 178, 3, 1, '2015-09-13 16:59:22'),
(4979, 661, 5, 8, '2014-03-06 15:35:29'),
(4980, 313, 10, 4, '2014-05-21 09:34:51'),
(4981, 453, 2, 9, '2015-07-21 09:50:32'),
(4982, 639, 10, 4, '2014-03-03 22:18:24'),
(4983, 493, 8, 6, '2014-12-20 16:40:13'),
(4984, 287, 8, 2, '2015-07-10 11:53:57'),
(4985, 197, 2, 6, '2014-01-03 11:32:58'),
(4986, 637, 1, 1, '2014-12-16 19:53:26'),
(4987, 386, 2, 3, '2015-03-13 21:14:48'),
(4988, 48, 10, 10, '2014-09-14 13:57:13'),
(4989, 156, 4, 10, '2014-09-17 13:48:33'),
(4990, 396, 7, 3, '2014-10-18 09:14:25'),
(4991, 662, 11, 7, '2015-09-27 17:58:22');
INSERT INTO `interaction` (`Inter_ID`, `User_ID`, `Exhibit_ID`, `rating`, `Inter_Time`) VALUES
(4992, 499, 11, 8, '2015-01-24 13:44:20'),
(4993, 32, 7, 5, '2015-02-15 12:45:20'),
(4994, 83, 7, 9, '2014-04-09 18:11:14'),
(4995, 35, 5, 7, '2015-11-02 10:58:48'),
(4996, 402, 5, 8, '2014-12-23 11:21:57'),
(4997, 515, 3, 5, '2014-07-07 21:27:34'),
(4998, 576, 1, 9, '2015-01-21 18:54:22'),
(4999, 228, 11, 3, '2014-09-27 17:52:38'),
(5000, 550, 7, 2, '2014-02-21 13:20:57'),
(5001, 1, 8, 5, '2015-04-21 19:17:06');

--
-- Triggers `interaction`
--
DROP TRIGGER IF EXISTS `active`;
DELIMITER //
CREATE TRIGGER `active` BEFORE INSERT ON `interaction`
 FOR EACH ROW UPDATE user SET user.last_active = NEW.Inter_Time WHERE NEW.User_ID = user.User_ID
//
DELIMITER ;

-- --------------------------------------------------------

--
-- Table structure for table `user`
--

CREATE TABLE IF NOT EXISTS `user` (
  `User_ID` int(11) NOT NULL AUTO_INCREMENT,
  `User_FName` varchar(40) NOT NULL,
  `User_LName` varchar(40) NOT NULL,
  `User_DOB` date NOT NULL,
  `User_EMail` varchar(320) NOT NULL,
  `User_Pass` binary(20) NOT NULL,
  `Device_ID` bigint(20) NOT NULL,
  `member_since` date NOT NULL,
  `last_active` datetime DEFAULT NULL,
  PRIMARY KEY (`User_ID`)
) ENGINE=InnoDB  DEFAULT CHARSET=latin1 AUTO_INCREMENT=752 ;

--
-- Dumping data for table `user`
--

INSERT INTO `user` (`User_ID`, `User_FName`, `User_LName`, `User_DOB`, `User_EMail`, `User_Pass`, `Device_ID`, `member_since`, `last_active`) VALUES
(1, 'Aliza', 'Adams', '1951-08-26', 'XZVHZK@LRBWBZ.com', '1067750\0\0\0\0\0\0\0\0\0\0\0\0\0', 9151376, '1944-03-10', '2015-04-21 20:17:06'),
(2, 'Anthony', 'Kelly', '1998-01-22', 'YTSJLZ@DZTTUH.com', '1953115\0\0\0\0\0\0\0\0\0\0\0\0\0', 6382515, '1997-05-13', '2015-09-19 15:19:21'),
(3, 'Zali', 'Bennett', '1950-04-20', 'SJZZDR@RQSWQM.com', '6570814\0\0\0\0\0\0\0\0\0\0\0\0\0', 1329514, '1962-08-23', '2015-04-23 17:51:28'),
(4, 'Jacob', 'Scott', '1944-08-25', 'XBEDYB@RAQUYF.com', '9817193\0\0\0\0\0\0\0\0\0\0\0\0\0', 3172683, '1986-03-17', '2015-07-15 11:48:38'),
(5, 'Noely', 'Johnson', '1940-02-21', 'CEPSQP@VMJARW.com', '5400995\0\0\0\0\0\0\0\0\0\0\0\0\0', 6846659, '1975-07-11', '2015-08-14 21:39:22'),
(6, 'Max', 'Jones', '1949-02-26', 'UPHWNO@YIGNHO.com', '5373896\0\0\0\0\0\0\0\0\0\0\0\0\0', 4783372, '1967-07-12', '2014-02-10 12:43:19'),
(7, 'Amara', 'Allen', '1965-08-20', 'RCQTBX@QXRRPV.com', '8568013\0\0\0\0\0\0\0\0\0\0\0\0\0', 2171953, '1981-03-22', '2015-03-27 22:42:16'),
(8, 'Jayden', 'Davis', '1966-01-14', 'XOQQOB@PGJBIQ.com', '9755563\0\0\0\0\0\0\0\0\0\0\0\0\0', 7970501, '1963-01-19', '2015-07-20 16:52:42'),
(9, 'Charlene', 'Harrison', '1940-07-13', 'PYUMGN@ARXNDZ.com', '6083678\0\0\0\0\0\0\0\0\0\0\0\0\0', 5036331, '1977-04-17', '2014-08-23 12:50:29'),
(10, 'Aiden', 'Phillips', '1985-06-11', 'LXLLVU@ZMKTGI.com', '9238289\0\0\0\0\0\0\0\0\0\0\0\0\0', 7587847, '1943-05-20', '2015-04-15 16:14:17'),
(11, 'Bernice', 'Fisher', '1978-08-15', 'FYBZRP@GLRFEC.com', '4032417\0\0\0\0\0\0\0\0\0\0\0\0\0', 6441227, '1988-03-14', '2015-03-15 13:14:22'),
(12, 'Aiden', 'Davies', '1989-05-11', 'UBKSYK@VDHMVR.com', '1027780\0\0\0\0\0\0\0\0\0\0\0\0\0', 5135013, '1956-03-15', '2015-12-02 14:21:39'),
(13, 'Yesenia', 'Robinson', '1943-03-12', 'WIBTAU@INJXAV.com', '8389453\0\0\0\0\0\0\0\0\0\0\0\0\0', 2289934, '1941-05-19', '2014-05-19 21:44:28'),
(14, 'Louis', 'Turner', '1978-04-18', 'EZDOKI@LPBIER.com', '3364501\0\0\0\0\0\0\0\0\0\0\0\0\0', 5388405, '1967-03-22', '2014-10-12 14:40:11'),
(15, 'Zoya', 'Marshall', '1962-08-19', 'WFNGVP@VPUZJL.com', '6991744\0\0\0\0\0\0\0\0\0\0\0\0\0', 4732380, '1959-02-24', '2015-07-18 15:16:17'),
(16, 'Jonah', 'Anderson', '1964-03-24', 'YMYIOZ@TPHMIO.com', '9811212\0\0\0\0\0\0\0\0\0\0\0\0\0', 2559107, '1984-02-14', '2014-05-12 19:27:17'),
(17, 'Kera', 'Parker', '1976-03-26', 'KZCJEE@CSDTXH.com', '4978196\0\0\0\0\0\0\0\0\0\0\0\0\0', 7355158, '1953-05-12', '2015-01-18 10:33:30'),
(18, 'Jayden', 'Collins', '1979-06-15', 'CHYNUT@KKVIIK.com', '7199492\0\0\0\0\0\0\0\0\0\0\0\0\0', 1173806, '1946-01-16', '2015-02-11 21:11:10'),
(19, 'Clarabelle', 'Gray', '1988-05-19', 'WXHZQO@IVEPXO.com', '3757689\0\0\0\0\0\0\0\0\0\0\0\0\0', 8582679, '1948-08-26', '2014-11-22 22:32:45'),
(20, 'Anthony', 'Griffiths', '1985-04-27', 'QHNEPL@XXGPIG.com', '2062648\0\0\0\0\0\0\0\0\0\0\0\0\0', 4646437, '1965-01-14', '2015-06-14 19:48:48'),
(21, 'Kerian', 'Jackson', '1976-02-23', 'ALLBIA@GWGDST.com', '3382084\0\0\0\0\0\0\0\0\0\0\0\0\0', 6951341, '1951-03-13', '2014-09-20 21:58:47'),
(22, 'Spencer', 'Campbell', '1982-05-13', 'RAXJCV@RYTJUS.com', '8165509\0\0\0\0\0\0\0\0\0\0\0\0\0', 2306137, '1965-06-10', '2015-08-24 18:30:16'),
(23, 'Peyton', 'Hunt', '1958-07-27', 'GFWGFA@HAQYQE.com', '4389467\0\0\0\0\0\0\0\0\0\0\0\0\0', 5700702, '1952-05-11', '2015-05-16 13:56:52'),
(24, 'Nathan', 'Hussain', '1958-01-16', 'EJKLTV@WULGBZ.com', '7842441\0\0\0\0\0\0\0\0\0\0\0\0\0', 4168277, '1950-05-22', '2015-09-16 22:23:25'),
(25, 'Azalea', 'Jones', '1946-03-12', 'ISDBFF@SSJAIU.com', '6473478\0\0\0\0\0\0\0\0\0\0\0\0\0', 5654381, '1980-05-27', '2014-02-16 20:10:58'),
(26, 'Austin', 'Thompson', '1975-04-12', 'XNRVDM@GDSXAB.com', '5306982\0\0\0\0\0\0\0\0\0\0\0\0\0', 6572673, '1992-07-12', '2015-06-03 20:17:50'),
(27, 'Tina', 'Palmer', '1951-07-15', 'VKZHHD@XWXUVB.com', '2198703\0\0\0\0\0\0\0\0\0\0\0\0\0', 6190675, '1981-01-13', '2015-06-20 21:22:46'),
(28, 'Max', 'Cox', '1956-08-26', 'ZMKJLQ@FMPEDZ.com', '3753535\0\0\0\0\0\0\0\0\0\0\0\0\0', 4739357, '1988-07-21', '2015-04-27 15:53:27'),
(29, 'Mila', 'Martin', '1962-05-11', 'MNSQUC@JHVSPQ.com', '5742177\0\0\0\0\0\0\0\0\0\0\0\0\0', 5991880, '1996-04-14', '2015-07-16 21:47:46'),
(30, 'Luke', 'Green', '1954-07-11', 'QIUYSG@JDIGCS.com', '7482616\0\0\0\0\0\0\0\0\0\0\0\0\0', 3858178, '1983-08-23', '2015-07-03 13:33:16'),
(31, 'elicia', 'Mitchell', '1975-03-25', 'SXIKYW@LIIXQM.com', '5768588\0\0\0\0\0\0\0\0\0\0\0\0\0', 4406136, '1969-03-19', '2014-06-16 11:43:12'),
(32, 'Shawn', 'Harris', '1974-07-20', 'ZVWBXM@OWLYYS.com', '4923897\0\0\0\0\0\0\0\0\0\0\0\0\0', 7525605, '1982-05-14', '2015-02-15 12:45:20'),
(33, 'Zelida', 'Richards', '1948-07-23', 'JOTLAW@EFLVRF.com', '6321790\0\0\0\0\0\0\0\0\0\0\0\0\0', 5775310, '1956-02-24', '2015-07-23 14:25:30'),
(34, 'Shawn', 'Allen', '1977-04-11', 'YZMWIR@VCVKMQ.com', '3837801\0\0\0\0\0\0\0\0\0\0\0\0\0', 2578389, '2003-06-20', '2015-10-04 14:17:39'),
(35, 'Livia', 'Khan', '1942-05-11', 'RLSPKH@EGQOID.com', '8007849\0\0\0\0\0\0\0\0\0\0\0\0\0', 1971630, '1945-03-19', '2015-11-02 10:58:48'),
(36, 'Louis', 'Foster', '1998-01-20', 'LTIHQW@NQMKGD.com', '2120950\0\0\0\0\0\0\0\0\0\0\0\0\0', 7754232, '1983-01-23', '2015-10-07 20:39:55'),
(37, 'Roanne', 'Cooper', '1963-06-20', 'MNTIJK@NYAMFD.com', '1629154\0\0\0\0\0\0\0\0\0\0\0\0\0', 5598259, '1977-04-22', '2014-09-06 21:56:48'),
(38, 'Kevin', 'Butler', '2001-02-21', 'YLUNAH@QKKRBA.com', '6011914\0\0\0\0\0\0\0\0\0\0\0\0\0', 4877714, '1943-07-17', '2015-09-24 10:38:35'),
(39, 'Daisy', 'Rogers', '1982-06-14', 'UEIKPM@LCYZLS.com', '4891423\0\0\0\0\0\0\0\0\0\0\0\0\0', 7106166, '1998-04-22', '2015-01-13 21:13:28'),
(40, 'Christopher', 'Jones', '1984-06-11', 'VLEHBD@AASNSZ.com', '1460182\0\0\0\0\0\0\0\0\0\0\0\0\0', 3885119, '1943-07-16', '2014-06-23 11:51:10'),
(41, 'Brittany', 'Harrison', '1948-08-14', 'TQHXEE@UBFGKY.com', '7602871\0\0\0\0\0\0\0\0\0\0\0\0\0', 7461575, '1982-02-27', '2014-02-04 10:27:29'),
(42, 'Kevin', 'Richards', '1967-04-21', 'GCHEIP@XTBESE.com', '1476554\0\0\0\0\0\0\0\0\0\0\0\0\0', 1184756, '1981-08-16', '2014-11-19 19:44:34'),
(43, 'Kalia', 'Baker', '1941-01-23', 'YOJZWE@ACJJFV.com', '2284068\0\0\0\0\0\0\0\0\0\0\0\0\0', 1768818, '1977-05-10', '2014-02-19 17:17:14'),
(44, 'JacksonWillia', 'Smith', '1974-07-16', 'RFICBG@LMIAHC.com', '1802969\0\0\0\0\0\0\0\0\0\0\0\0\0', 7470787, '1985-05-17', '2014-05-05 21:24:41'),
(45, 'Sydney', 'Turner', '1981-05-27', 'FQRPGS@ZPXGDQ.com', '9209987\0\0\0\0\0\0\0\0\0\0\0\0\0', 3295420, '1962-04-19', '2015-11-11 14:22:26'),
(46, 'ason', 'Holmes', '1965-01-23', 'VHPXOL@LQPZLS.com', '1404407\0\0\0\0\0\0\0\0\0\0\0\0\0', 9748437, '2001-06-17', '2014-03-21 10:30:55'),
(47, 'Estrella', 'King', '1957-08-20', 'ZJBZQE@TYXJAJ.com', '7918737\0\0\0\0\0\0\0\0\0\0\0\0\0', 8181283, '1978-06-14', '2015-03-02 11:13:42'),
(48, 'Jaes', 'Davies', '1980-07-11', 'HEYOJI@ADRBLI.com', '8293213\0\0\0\0\0\0\0\0\0\0\0\0\0', 6413806, '1944-07-13', '2014-09-14 14:57:13'),
(49, 'reda', 'Rogers', '1943-08-17', 'FBAARY@PABSRL.com', '1342574\0\0\0\0\0\0\0\0\0\0\0\0\0', 2136098, '1954-05-18', '2015-08-07 16:59:32'),
(50, 'David', 'Matthews', '1990-02-22', 'ZHRFPC@KDJFTH.com', '6437443\0\0\0\0\0\0\0\0\0\0\0\0\0', 3524525, '1977-02-11', '2014-02-10 13:44:39'),
(51, 'Pauline', 'Jenkins', '1993-05-17', 'IQEXUO@LBEYBP.com', '4021468\0\0\0\0\0\0\0\0\0\0\0\0\0', 9211628, '1993-08-20', '2015-11-26 13:50:53'),
(52, 'Dylan', 'Morris', '1978-03-15', 'YMCJYA@QUQEDO.com', '7902371\0\0\0\0\0\0\0\0\0\0\0\0\0', 8227209, '1981-06-10', '2014-05-06 19:35:18'),
(53, 'Lesley', 'Gray', '1957-04-12', 'XKKPSM@DDQCXZ.com', '5089919\0\0\0\0\0\0\0\0\0\0\0\0\0', 8429869, '1957-07-19', '2014-04-05 15:12:18'),
(54, 'Aiden', 'Knight', '1989-01-17', 'KKNRSB@ISQUTS.com', '4372028\0\0\0\0\0\0\0\0\0\0\0\0\0', 5907990, '1940-06-24', '2015-09-04 16:48:31'),
(55, 'Joelle', 'Fisher', '1976-06-24', 'XDZMSD@BNRSQU.com', '1069405\0\0\0\0\0\0\0\0\0\0\0\0\0', 6693837, '1957-04-19', '2015-10-03 12:50:49'),
(56, 'Anthony', 'Hussain', '1998-08-15', 'PWNQUK@AJHRHE.com', '7337803\0\0\0\0\0\0\0\0\0\0\0\0\0', 8363070, '1955-05-11', '2015-08-07 14:55:14'),
(57, 'Katia', 'Khan', '1966-07-18', 'AAYRVF@LLVGBS.com', '3929758\0\0\0\0\0\0\0\0\0\0\0\0\0', 2003053, '1968-06-15', '2014-12-01 13:52:59'),
(58, 'ason', 'Butler', '1946-06-21', 'CKJSBJ@DKQOKF.com', '3191633\0\0\0\0\0\0\0\0\0\0\0\0\0', 4808329, '2001-03-27', '2014-11-14 16:25:24'),
(59, 'Jennie', 'Lloyd', '1952-07-16', 'LMXXNY@LNBICS.com', '9628108\0\0\0\0\0\0\0\0\0\0\0\0\0', 9360168, '1991-07-15', '2015-05-22 21:38:36'),
(60, 'Daniel', 'Watson', '1982-04-19', 'DKUUEA@DIIWXU.com', '2147858\0\0\0\0\0\0\0\0\0\0\0\0\0', 5923927, '1978-01-21', '2015-12-15 15:35:37'),
(61, 'Alexis', 'Simpson', '1973-02-19', 'RWSAJD@BYLNHY.com', '3631507\0\0\0\0\0\0\0\0\0\0\0\0\0', 4363411, '1986-02-12', '2015-05-15 13:37:29'),
(62, 'David', 'Parker', '1985-04-21', 'QKANAS@TRGTKO.com', '7657491\0\0\0\0\0\0\0\0\0\0\0\0\0', 5305121, '1995-01-15', '2015-11-01 14:31:42'),
(63, 'Kendall', 'Lee', '1981-08-12', 'QLVCPY@JLHWPM.com', '2143744\0\0\0\0\0\0\0\0\0\0\0\0\0', 4039230, '1983-08-11', '2014-02-24 19:49:28'),
(64, 'Joseph', 'Palmer', '1970-07-17', 'WTUVSI@CDAWNU.com', '7833050\0\0\0\0\0\0\0\0\0\0\0\0\0', 4145788, '1984-01-13', '2015-03-21 19:27:51'),
(65, 'Aislinn', 'Harrison', '1942-07-10', 'GBIADT@WQFXFH.com', '5091332\0\0\0\0\0\0\0\0\0\0\0\0\0', 9254194, '1996-04-10', '2015-03-26 21:25:36'),
(66, 'Nathan', 'Wilson', '1985-01-21', 'SCPHMR@ZZFDUR.com', '7793200\0\0\0\0\0\0\0\0\0\0\0\0\0', 5737238, '1981-07-25', '2014-06-11 12:23:23'),
(67, 'Miracle', 'Richards', '1960-06-20', 'JVDBGU@FASLYR.com', '1502065\0\0\0\0\0\0\0\0\0\0\0\0\0', 9702130, '1976-03-13', '2014-05-05 21:47:50'),
(68, 'Jonah', 'Phillips', '2003-05-24', 'JTJNRX@KYXUVE.com', '6120289\0\0\0\0\0\0\0\0\0\0\0\0\0', 9611128, '1952-03-13', '2015-09-16 18:38:38'),
(69, 'Cadence', 'Knight', '1956-04-27', 'ZFKGMX@EAQGYU.com', '6215610\0\0\0\0\0\0\0\0\0\0\0\0\0', 6776442, '1975-06-15', '2014-10-20 15:57:27'),
(70, 'Dylan', 'Morris', '1966-05-18', 'QKLZIO@PYUFKS.com', '2150073\0\0\0\0\0\0\0\0\0\0\0\0\0', 7008579, '1989-06-11', '2014-06-18 18:45:16'),
(71, 'Traci', 'Clarke', '1993-04-10', 'KPGZAX@BGYUIV.com', '9298613\0\0\0\0\0\0\0\0\0\0\0\0\0', 7365892, '1940-05-18', '2015-06-15 14:43:59'),
(72, 'Christopher', 'Anderson', '1993-03-26', 'IMDTFV@DQWJZZ.com', '9689735\0\0\0\0\0\0\0\0\0\0\0\0\0', 9838771, '1979-03-20', '2014-09-24 15:29:39'),
(73, 'Tala', 'Morris', '1997-04-11', 'KHJKID@JEBYVW.com', '2134555\0\0\0\0\0\0\0\0\0\0\0\0\0', 3095614, '1998-07-19', '2014-03-04 14:52:14'),
(74, 'David', 'Clark', '1996-03-19', 'UWNOKH@PFZCWG.com', '4447389\0\0\0\0\0\0\0\0\0\0\0\0\0', 8934496, '1947-01-15', '2014-01-14 12:25:57'),
(75, 'Artemis', 'Griffiths', '2004-04-19', 'IQFNMI@ECGSWR.com', '6890246\0\0\0\0\0\0\0\0\0\0\0\0\0', 4400341, '1995-01-22', '2015-03-01 16:54:34'),
(76, 'Adam', 'Richardson', '1944-05-24', 'HOFCBX@GVXITI.com', '2965644\0\0\0\0\0\0\0\0\0\0\0\0\0', 6565368, '1952-02-19', '2014-02-24 13:20:23'),
(77, 'Tiegan', 'Anderson', '1970-08-12', 'WJPAXU@OCLYNT.com', '1931440\0\0\0\0\0\0\0\0\0\0\0\0\0', 7208175, '1945-03-11', '2014-10-21 14:50:45'),
(78, 'Jordan', 'Chapman', '1974-08-15', 'DGLZOW@VBPFVZ.com', '4085355\0\0\0\0\0\0\0\0\0\0\0\0\0', 5186311, '1967-04-22', '2015-12-18 21:44:21'),
(79, 'Geena', 'Hall', '1945-06-16', 'BQMTAY@UCSXKR.com', '7168953\0\0\0\0\0\0\0\0\0\0\0\0\0', 1153001, '1948-08-20', '2015-02-14 10:37:30'),
(80, 'Matthew', 'Scott', '1961-04-11', 'WTOIXU@GIYOBD.com', '6486223\0\0\0\0\0\0\0\0\0\0\0\0\0', 6525424, '1982-02-23', '2014-08-07 18:11:25'),
(81, 'Andrea', 'Clark', '1947-01-11', 'AJPUDT@FZAFQR.com', '2682080\0\0\0\0\0\0\0\0\0\0\0\0\0', 5689565, '1943-06-16', '2014-07-13 20:39:43'),
(82, 'Christopher', 'Morris', '1946-03-12', 'CSKYNA@XCMZVH.com', '1193810\0\0\0\0\0\0\0\0\0\0\0\0\0', 1589233, '1996-02-22', '2014-04-08 10:45:29'),
(83, 'Elektra', 'Taylor', '1999-07-14', 'SXJJYA@QYPVTW.com', '5033415\0\0\0\0\0\0\0\0\0\0\0\0\0', 6859871, '2000-08-18', '2014-04-09 19:11:14'),
(84, 'Ryan', 'Hussain', '1981-01-20', 'UGEKQO@TKTZQX.com', '9173007\0\0\0\0\0\0\0\0\0\0\0\0\0', 2819108, '1969-05-20', '2014-01-02 22:29:39'),
(85, 'Thelma', 'Fisher', '1944-02-27', 'YFBDBE@BWDMKV.com', '5150067\0\0\0\0\0\0\0\0\0\0\0\0\0', 2575612, '1984-01-20', '2015-11-01 22:39:16'),
(86, 'Michael', 'Chapman', '1973-08-27', 'EQMFQN@PVUWIV.com', '4227363\0\0\0\0\0\0\0\0\0\0\0\0\0', 5850873, '1988-03-16', '2015-01-14 19:43:56'),
(87, 'Annemarie', 'Thomas', '1966-07-25', 'VXMBOW@UOMSRW.com', '6371912\0\0\0\0\0\0\0\0\0\0\0\0\0', 3589690, '1993-08-15', '2015-05-03 10:44:59'),
(88, 'Jayden', 'Palmer', '1946-02-26', 'KGETEN@KWHEJA.com', '2723884\0\0\0\0\0\0\0\0\0\0\0\0\0', 4416638, '1963-07-21', '2014-02-16 14:49:49'),
(89, 'Meredith', 'Knight', '1962-01-25', 'GSUKRZ@EFXPTG.com', '4419535\0\0\0\0\0\0\0\0\0\0\0\0\0', 5589659, '2002-07-24', '2014-05-06 20:39:14'),
(90, 'Jonah', 'King', '1972-08-22', 'LISILY@ZJFSDP.com', '9446413\0\0\0\0\0\0\0\0\0\0\0\0\0', 8766551, '1967-07-27', '2015-06-23 22:18:55'),
(91, 'Audrey', 'Khan', '1991-03-13', 'ANMFPS@LGUNAD.com', '2012210\0\0\0\0\0\0\0\0\0\0\0\0\0', 7807451, '1987-01-11', '2015-07-15 20:34:38'),
(92, 'Aiden', 'Williams', '1996-08-10', 'NHXVSX@FMPVRJ.com', '6806566\0\0\0\0\0\0\0\0\0\0\0\0\0', 7179335, '1947-07-12', '2014-12-14 16:56:10'),
(93, 'Helen', 'Wood', '1997-03-20', 'MNJOWB@IYXDOD.com', '4167228\0\0\0\0\0\0\0\0\0\0\0\0\0', 8511214, '1996-02-23', '2014-01-21 18:29:58'),
(94, 'Joshua', 'Hughes', '1978-06-20', 'KOIYWY@LNKONO.com', '4781854\0\0\0\0\0\0\0\0\0\0\0\0\0', 9524198, '1997-05-12', '2014-06-09 15:21:48'),
(95, 'Courtney', 'Mitchell', '2003-01-27', 'LAMMOA@ROWCQP.com', '6906461\0\0\0\0\0\0\0\0\0\0\0\0\0', 3497539, '1997-06-27', '2014-07-03 19:27:30'),
(96, 'ason', 'Barker', '1940-07-20', 'VDWBKF@WVOXJC.com', '8985756\0\0\0\0\0\0\0\0\0\0\0\0\0', 7040809, '1992-01-15', '2014-07-08 16:44:40'),
(97, 'Bethan', 'Simpson', '1955-01-13', 'MPTHTN@WJARQJ.com', '7590563\0\0\0\0\0\0\0\0\0\0\0\0\0', 7771012, '1956-03-21', '2014-01-23 18:35:29'),
(98, 'uhaad', 'Ellis', '1948-02-11', 'AEYJII@QRYAWN.com', '1033928\0\0\0\0\0\0\0\0\0\0\0\0\0', 2994974, '1999-04-25', '2015-05-17 22:54:27'),
(99, 'Loren', 'Lloyd', '1981-08-22', 'AWZJYB@VMIKBH.com', '8715840\0\0\0\0\0\0\0\0\0\0\0\0\0', 2945172, '1997-02-25', '2014-04-05 15:17:40'),
(100, 'Jacob', 'Jenkins', '1957-05-26', 'PRHNFH@UTKAAZ.com', '6253581\0\0\0\0\0\0\0\0\0\0\0\0\0', 9280877, '1954-02-22', '2015-12-14 10:55:17'),
(101, 'Delina', 'Green', '1941-06-23', 'LLKVJG@MRPKAK.com', '5376778\0\0\0\0\0\0\0\0\0\0\0\0\0', 1744720, '1973-08-16', '2015-04-25 17:34:24'),
(102, 'Jack', 'Webb', '1976-03-23', 'NOYBUY@JFWIDR.com', '9226585\0\0\0\0\0\0\0\0\0\0\0\0\0', 7439641, '1950-06-24', '2015-07-13 19:11:44'),
(103, 'Tami', 'Johnson', '1972-06-10', 'TYUHTO@SMDRVW.com', '1255732\0\0\0\0\0\0\0\0\0\0\0\0\0', 6669008, '1966-07-24', '2014-08-07 12:56:17'),
(104, 'Austin', 'Shaw', '1965-05-10', 'DMAQZK@OUYZFB.com', '3969178\0\0\0\0\0\0\0\0\0\0\0\0\0', 5499518, '1995-01-13', '2014-05-15 16:11:28'),
(105, 'Mariam', 'Morgan', '1947-03-25', 'ABRMGI@OJKKOA.com', '4504408\0\0\0\0\0\0\0\0\0\0\0\0\0', 9637412, '1992-05-20', '2014-10-24 18:55:28'),
(106, 'Brandon', 'Gray', '1976-01-12', 'WCMOAU@XJKPCW.com', '1162496\0\0\0\0\0\0\0\0\0\0\0\0\0', 6291345, '1955-04-19', '2015-07-25 14:59:49'),
(107, 'Rosalie', 'Hall', '1979-02-25', 'ZCSKEX@ZXZNMA.com', '5257072\0\0\0\0\0\0\0\0\0\0\0\0\0', 1665560, '1988-04-25', '2015-08-17 20:49:28'),
(108, 'Austin', 'Singh', '1975-07-11', 'HGOFNE@EUKKJH.com', '1073536\0\0\0\0\0\0\0\0\0\0\0\0\0', 4063395, '1980-03-12', '2015-10-12 21:48:21'),
(109, 'Eleanor', 'Owen', '1958-04-27', 'HGQRPM@QPANWH.com', '9611542\0\0\0\0\0\0\0\0\0\0\0\0\0', 9140144, '1967-04-16', '2014-10-26 17:31:49'),
(110, 'uhaad', 'Williams', '1985-04-21', 'LRFKWM@HZBOYI.com', '9872718\0\0\0\0\0\0\0\0\0\0\0\0\0', 3441375, '1947-04-27', '2015-04-22 18:10:55'),
(111, 'Tonia', 'Smith', '1972-07-21', 'KLVNYF@UHRUPV.com', '4613770\0\0\0\0\0\0\0\0\0\0\0\0\0', 4232813, '1980-04-24', '2014-09-11 18:26:51'),
(112, 'Aiden', 'Simpson', '1983-08-11', 'ZPMSHS@WWFETO.com', '9003425\0\0\0\0\0\0\0\0\0\0\0\0\0', 3439496, '1971-08-25', '2014-12-02 21:19:32'),
(113, 'Teri', 'Wood', '1942-08-14', 'QSOXCI@IXPJHR.com', '7987179\0\0\0\0\0\0\0\0\0\0\0\0\0', 3492615, '1953-07-14', '2014-09-06 18:17:42'),
(114, 'Brandon', 'Butler', '1985-01-24', 'QBSUYA@KLPHLY.com', '2362418\0\0\0\0\0\0\0\0\0\0\0\0\0', 2208380, '1991-06-14', '2014-06-17 10:50:44'),
(115, 'Georgina', 'Khan', '1980-06-27', 'QVLOIW@ABWBEB.com', '6928124\0\0\0\0\0\0\0\0\0\0\0\0\0', 9439025, '1951-01-17', '2015-06-18 11:29:43'),
(116, 'Andrew', 'Baker', '1947-02-18', 'GAWJII@FQSZBH.com', '3716091\0\0\0\0\0\0\0\0\0\0\0\0\0', 6348469, '1947-06-27', '2015-04-26 14:11:41'),
(117, 'Renae', 'Russell', '1989-06-25', 'AXZTNN@DGENGJ.com', '9753183\0\0\0\0\0\0\0\0\0\0\0\0\0', 9907737, '1977-06-27', '2014-07-14 20:44:16'),
(118, 'Noah', 'Hill', '2004-03-12', 'FFDUAR@XQSMCM.com', '3859579\0\0\0\0\0\0\0\0\0\0\0\0\0', 3708483, '1982-05-25', '2014-07-02 13:42:32'),
(119, 'Anisa', 'Murphy', '1973-01-20', 'BRCOOJ@BDXQJZ.com', '8651483\0\0\0\0\0\0\0\0\0\0\0\0\0', 3886181, '1945-03-26', '2015-12-10 18:41:24'),
(120, 'Christopher', 'Campbell', '1983-07-23', 'IAWTYJ@YLBGDY.com', '2310511\0\0\0\0\0\0\0\0\0\0\0\0\0', 2057555, '1974-05-11', '2015-09-25 22:48:46'),
(121, 'Damaris', 'Lewis', '2000-06-20', 'ONBXWZ@BPQQXO.com', '7198488\0\0\0\0\0\0\0\0\0\0\0\0\0', 8217592, '1953-04-13', '2015-08-08 18:37:22'),
(122, 'Jonah', 'Cooper', '1956-07-22', 'VFTMRS@RUSPDB.com', '7324376\0\0\0\0\0\0\0\0\0\0\0\0\0', 6705196, '1983-01-25', '2015-06-09 20:58:16'),
(123, 'Clotilde', 'Palmer', '1997-06-18', 'RTVLRQ@ECEGKH.com', '1988384\0\0\0\0\0\0\0\0\0\0\0\0\0', 2648236, '1974-06-10', '2015-05-02 16:34:22'),
(124, 'Nathan', 'Davies', '1988-06-19', 'AMMPUF@RJQOUS.com', '3856571\0\0\0\0\0\0\0\0\0\0\0\0\0', 4258606, '2002-04-13', '2014-07-06 11:28:15'),
(125, 'Christiana', 'Hill', '2004-01-20', 'UEMGPK@DBUZLS.com', '5738399\0\0\0\0\0\0\0\0\0\0\0\0\0', 5987478, '1967-06-16', '2015-11-21 22:21:28'),
(126, 'David', 'Price', '1952-08-15', 'GKCKIP@MKGUYN.com', '9266074\0\0\0\0\0\0\0\0\0\0\0\0\0', 2790866, '1957-02-13', '2014-10-07 16:56:57'),
(127, 'Bertha', 'Murphy', '1965-05-19', 'QFMXYV@NGVUMR.com', '5439714\0\0\0\0\0\0\0\0\0\0\0\0\0', 4670406, '1976-02-16', '2015-08-25 16:33:48'),
(128, 'Logan', 'King', '1945-01-11', 'ZWTTUZ@FJBUXQ.com', '3267326\0\0\0\0\0\0\0\0\0\0\0\0\0', 7240044, '1999-01-27', '2015-08-01 13:14:17'),
(129, 'Esmay', 'Ellis', '1949-05-27', 'OFPTAL@WTJKKB.com', '1908122\0\0\0\0\0\0\0\0\0\0\0\0\0', 4215685, '1978-01-24', '2014-10-22 13:18:12'),
(130, 'Christopher', 'Robinson', '1990-05-23', 'QUPLJG@KBYUSK.com', '2268848\0\0\0\0\0\0\0\0\0\0\0\0\0', 6975084, '1982-01-15', '2015-07-20 18:21:50'),
(131, 'Rayne', 'Lee', '1971-06-12', 'DDLMER@GMRJYA.com', '8156569\0\0\0\0\0\0\0\0\0\0\0\0\0', 8160277, '1959-07-24', '2015-07-02 12:18:15'),
(132, 'Aaron', 'Allen', '1993-08-17', 'ESKOHS@IODBMA.com', '6763770\0\0\0\0\0\0\0\0\0\0\0\0\0', 7219994, '1992-03-25', '2015-02-01 13:13:28'),
(133, 'Patsy', 'Marshall', '2003-01-27', 'TAIGPC@MYIUOJ.com', '3285074\0\0\0\0\0\0\0\0\0\0\0\0\0', 6993077, '1967-03-15', '2015-12-17 22:20:38'),
(134, 'Jaes', 'Jackson', '1941-05-13', 'TQAPVR@NRPPDP.com', '7433449\0\0\0\0\0\0\0\0\0\0\0\0\0', 9469846, '1956-03-23', '2015-04-23 15:26:34'),
(135, 'Lynnette', 'Brown', '1957-01-21', 'FSNLDF@MNJNVC.com', '6493276\0\0\0\0\0\0\0\0\0\0\0\0\0', 9580571, '1996-06-13', '2015-07-13 14:17:26'),
(136, 'Matthew', 'Wilkinson', '1964-06-10', 'VHMLLR@UJIQXO.com', '8509068\0\0\0\0\0\0\0\0\0\0\0\0\0', 3349727, '1984-05-12', '2015-09-27 18:35:39'),
(137, 'Bernadette', 'Wright', '1998-02-21', 'MSQLTU@QMZZCX.com', '2105390\0\0\0\0\0\0\0\0\0\0\0\0\0', 5145464, '1946-05-14', '2014-04-16 10:49:15'),
(138, 'Louis', 'Phillips', '1976-05-19', 'KCLVPZ@BSYENA.com', '1688629\0\0\0\0\0\0\0\0\0\0\0\0\0', 2292489, '1981-04-15', '2015-07-09 22:28:55'),
(139, 'Elyza', 'Chapman', '2003-04-10', 'JBRYLA@EUDTTV.com', '1352930\0\0\0\0\0\0\0\0\0\0\0\0\0', 5894776, '1940-03-24', '2015-10-24 14:37:45'),
(140, 'David', 'Brown', '1968-01-19', 'UWLURG@QUUNOD.com', '6089077\0\0\0\0\0\0\0\0\0\0\0\0\0', 1454341, '1996-01-25', '2015-10-04 20:23:30'),
(141, 'Tala', 'Marshall', '1978-05-25', 'PULHQT@IHDNJV.com', '1465717\0\0\0\0\0\0\0\0\0\0\0\0\0', 8392896, '1978-05-24', '2014-01-25 16:54:57'),
(142, 'Joshua', 'Shaw', '1995-04-14', 'WBEFJU@MPQZNQ.com', '5626722\0\0\0\0\0\0\0\0\0\0\0\0\0', 4381534, '1950-06-16', '2015-07-04 20:44:12'),
(143, 'Rena', 'Barker', '2001-06-14', 'WENMKY@ZCDXEL.com', '8357636\0\0\0\0\0\0\0\0\0\0\0\0\0', 6333039, '1993-07-15', '2015-10-25 21:42:11'),
(144, 'Austin', 'Bailey', '1949-02-26', 'RNZNFR@SUDYRI.com', '1419540\0\0\0\0\0\0\0\0\0\0\0\0\0', 3565431, '1946-02-23', '2015-10-13 19:16:58'),
(145, 'Cameron', 'Powell', '1959-07-13', 'GZUMBP@VVWJHK.com', '9748367\0\0\0\0\0\0\0\0\0\0\0\0\0', 4372446, '1985-01-13', '2015-12-23 13:15:10'),
(146, 'Logan', 'Edwards', '1984-01-12', 'MKWIXF@MMPWUT.com', '9140898\0\0\0\0\0\0\0\0\0\0\0\0\0', 7588302, '1972-07-27', '2014-05-12 22:58:44'),
(147, 'Cori', 'Harvey', '1995-04-18', 'FOCTND@COWJOJ.com', '8145912\0\0\0\0\0\0\0\0\0\0\0\0\0', 1933601, '1994-07-12', '2015-06-04 22:21:40'),
(148, 'ason', 'Allen', '1985-01-22', 'BQSXSJ@ARCPRP.com', '7720616\0\0\0\0\0\0\0\0\0\0\0\0\0', 3989052, '1958-02-17', '2015-06-13 13:44:54'),
(149, 'Alaina', 'Turner', '1951-01-17', 'KBSPRK@VIZOMM.com', '9000835\0\0\0\0\0\0\0\0\0\0\0\0\0', 6735044, '1984-03-27', '2014-12-16 20:47:38'),
(150, 'Noah', 'Dixon', '1987-01-23', 'KGVWVU@HQLQWK.com', '3972867\0\0\0\0\0\0\0\0\0\0\0\0\0', 2432179, '1943-05-27', '2015-03-12 14:43:57'),
(151, 'Masie', 'Matthews', '2002-02-20', 'CTTJKB@FRXRXE.com', '8865623\0\0\0\0\0\0\0\0\0\0\0\0\0', 2418063, '2002-07-25', '2014-09-05 17:31:18'),
(152, 'Andrew', 'Edwards', '1978-07-20', 'QJMBAS@LXECYM.com', '7528146\0\0\0\0\0\0\0\0\0\0\0\0\0', 3450880, '1962-06-11', '2014-11-19 17:59:48'),
(153, 'Emmalee', 'Moore', '1964-07-27', 'ACCDDC@LCISMS.com', '5067834\0\0\0\0\0\0\0\0\0\0\0\0\0', 1822980, '1993-02-21', '2015-05-12 11:43:35'),
(154, 'Austin', 'Harrison', '1954-07-23', 'RUMIHN@GIEQTC.com', '8346997\0\0\0\0\0\0\0\0\0\0\0\0\0', 7175175, '1990-02-12', '2014-03-12 17:25:47'),
(155, 'Dara', 'Bennett', '1950-08-19', 'XVNAAE@FGSOAA.com', '7448855\0\0\0\0\0\0\0\0\0\0\0\0\0', 8306396, '1956-04-25', '2014-03-07 10:36:24'),
(156, 'Kyle', 'Cooper', '1962-04-21', 'DXJOTB@WIEKDY.com', '9156816\0\0\0\0\0\0\0\0\0\0\0\0\0', 5025675, '1940-02-20', '2014-09-17 14:48:33'),
(157, 'Lora', 'Dixon', '1969-06-19', 'XMVTOO@QSOGIR.com', '2432313\0\0\0\0\0\0\0\0\0\0\0\0\0', 4174798, '2002-03-22', '2014-10-20 13:24:37'),
(158, 'Tyler', 'Morris', '1965-06-19', 'WLPICE@GGFMXM.com', '2868487\0\0\0\0\0\0\0\0\0\0\0\0\0', 7041700, '1947-05-17', '2015-02-10 22:51:15'),
(159, 'Ronda', 'Gray', '1981-01-26', 'UHARQQ@CVLIEC.com', '9453136\0\0\0\0\0\0\0\0\0\0\0\0\0', 9179336, '1957-08-19', '2015-06-23 14:34:30'),
(160, 'Joshua', 'Thompson', '1970-04-21', 'NKOYDX@BDQASH.com', '1810113\0\0\0\0\0\0\0\0\0\0\0\0\0', 6429126, '1951-06-16', '2015-04-21 13:37:49'),
(161, 'Sydney', 'Edwards', '1973-02-21', 'YXNABS@EZLGQA.com', '5723690\0\0\0\0\0\0\0\0\0\0\0\0\0', 3426164, '1999-01-24', '2014-04-06 16:43:40'),
(162, 'ason', 'Thomas', '1960-01-17', 'QHNXEI@IKASVI.com', '6890792\0\0\0\0\0\0\0\0\0\0\0\0\0', 7750209, '1992-04-16', '2015-02-07 19:44:35'),
(163, 'Cassidy', 'Begum', '1989-05-25', 'TMMOAL@RTVMKX.com', '8437498\0\0\0\0\0\0\0\0\0\0\0\0\0', 2480509, '1950-07-12', '2014-01-07 10:46:21'),
(164, 'Shawn', 'Smith', '1963-03-25', 'JMLEJF@GNLINZ.com', '8408444\0\0\0\0\0\0\0\0\0\0\0\0\0', 3751757, '1955-05-10', '2014-10-23 14:57:13'),
(165, 'Tawana', 'Hughes', '1983-03-27', 'WDTFPL@HQWCCL.com', '8980776\0\0\0\0\0\0\0\0\0\0\0\0\0', 8841992, '1996-08-17', '2014-01-08 13:11:53'),
(166, 'Aaron', 'Barker', '1941-05-11', 'AIOCJZ@HCHYTP.com', '3793658\0\0\0\0\0\0\0\0\0\0\0\0\0', 2436862, '1989-03-10', '2014-06-16 13:31:25'),
(167, 'Adeline', 'King', '1994-03-15', 'ZBKJLS@CNRAWG.com', '7342180\0\0\0\0\0\0\0\0\0\0\0\0\0', 1153617, '1983-01-11', '2015-06-27 13:35:17'),
(168, 'Jonah', 'King', '1978-04-15', 'SNJQVC@WJJLIV.com', '5649686\0\0\0\0\0\0\0\0\0\0\0\0\0', 1330196, '1966-03-17', '2015-10-05 20:22:38'),
(169, 'Shelby', 'Taylor', '1954-07-18', 'FZGMGS@CJCXVO.com', '8990651\0\0\0\0\0\0\0\0\0\0\0\0\0', 4258633, '1987-08-16', '2014-02-12 13:18:47'),
(170, 'Logan', 'Lee', '1982-02-12', 'IFCEGS@VEEDKL.com', '2867784\0\0\0\0\0\0\0\0\0\0\0\0\0', 5128960, '1953-06-20', '2014-09-18 10:59:11'),
(171, 'Emelda', 'Lewis', '1969-08-23', 'WLKACL@BDWLJV.com', '2131575\0\0\0\0\0\0\0\0\0\0\0\0\0', 4134995, '1980-07-24', '2014-04-02 12:40:54'),
(172, 'Max', 'Smith', '1945-05-14', 'RBIEVE@XWMGTY.com', '8130974\0\0\0\0\0\0\0\0\0\0\0\0\0', 7044422, '1964-01-21', '2015-03-07 11:23:49'),
(173, 'Harper', 'Barnes', '1969-03-10', 'JDLZTO@ZZDLQS.com', '2278047\0\0\0\0\0\0\0\0\0\0\0\0\0', 4072517, '1944-05-21', '2015-12-27 16:13:50'),
(174, 'Harry', 'Bennett', '1982-06-18', 'BLKMEW@JHUPBV.com', '9586371\0\0\0\0\0\0\0\0\0\0\0\0\0', 7152254, '1989-06-11', '2014-06-17 12:39:26'),
(175, 'Valentina', 'Lewis', '1973-06-16', 'IWIYHI@MQVRWY.com', '9503280\0\0\0\0\0\0\0\0\0\0\0\0\0', 8817254, '1966-02-21', '2014-10-27 11:14:38'),
(176, 'uhaad', 'Morgan', '1984-01-24', 'ULJIHE@JHDUMF.com', '7244924\0\0\0\0\0\0\0\0\0\0\0\0\0', 5638608, '1969-04-20', '2015-03-19 18:23:16'),
(177, 'Rosella', 'Collins', '2003-05-22', 'PEKCLK@TMATNN.com', '2767589\0\0\0\0\0\0\0\0\0\0\0\0\0', 4215727, '1949-07-25', '2014-04-14 16:33:20'),
(178, 'David', 'Marshall', '1977-04-20', 'CJPIYG@WBBNST.com', '6885990\0\0\0\0\0\0\0\0\0\0\0\0\0', 7891445, '1983-01-27', '2015-09-13 17:59:22'),
(179, 'Reanna', 'Jones', '1946-05-18', 'APHCAZ@PNJWHH.com', '3309360\0\0\0\0\0\0\0\0\0\0\0\0\0', 2026445, '1995-02-21', '2015-07-09 15:45:31'),
(180, 'John', 'Powell', '1962-07-11', 'YZGNOP@SMIUXY.com', '1197754\0\0\0\0\0\0\0\0\0\0\0\0\0', 7652091, '1998-05-21', '2015-02-14 10:30:59'),
(181, 'Patience', 'Jones', '1996-04-25', 'GZMRAA@VVYLWL.com', '5966206\0\0\0\0\0\0\0\0\0\0\0\0\0', 3141340, '1977-07-21', '2015-01-09 20:14:26'),
(182, 'Michael', 'Adams', '2001-05-20', 'OQCVQQ@OWUHOO.com', '3001162\0\0\0\0\0\0\0\0\0\0\0\0\0', 9483328, '1940-01-13', '2015-01-22 17:37:24'),
(183, 'Adelina', 'Jenkins', '1952-07-15', 'EDIUPN@UAHMGP.com', '5069048\0\0\0\0\0\0\0\0\0\0\0\0\0', 6151404, '1945-07-14', '2014-09-11 22:36:29'),
(184, 'Dylan', 'Bell', '1969-02-25', 'IFIWJP@YBIKDP.com', '1815619\0\0\0\0\0\0\0\0\0\0\0\0\0', 8541429, '1957-03-17', '2014-08-11 15:46:46'),
(185, 'Deana', 'Harris', '1951-05-23', 'XPRCSS@DWTQRQ.com', '8801278\0\0\0\0\0\0\0\0\0\0\0\0\0', 7479359, '1945-05-27', '2015-05-01 17:10:39'),
(186, 'Alexander', 'Chapman', '1974-02-18', 'SSEKWN@LDLTKU.com', '8252393\0\0\0\0\0\0\0\0\0\0\0\0\0', 8877915, '1952-05-22', '2014-06-07 20:53:41'),
(187, 'Eva', 'Price', '1998-08-19', 'JHZAJR@XMIUTY.com', '1422314\0\0\0\0\0\0\0\0\0\0\0\0\0', 4746887, '1953-04-17', '2015-05-07 13:24:26'),
(188, 'Max', 'Foster', '1978-05-15', 'ASLKLK@YUNTPN.com', '3040158\0\0\0\0\0\0\0\0\0\0\0\0\0', 3752008, '1999-03-24', '2015-01-21 20:17:56'),
(189, 'Thea', 'Turner', '1995-07-25', 'KTVYYM@JGDKCV.com', '4645459\0\0\0\0\0\0\0\0\0\0\0\0\0', 1823914, '1997-01-27', '2014-03-19 19:57:22'),
(190, 'Anthony', 'Clarke', '1950-01-25', 'WHPZWO@KJRFWE.com', '6073628\0\0\0\0\0\0\0\0\0\0\0\0\0', 4262625, '1942-02-13', '2015-06-11 16:20:21'),
(191, 'Maia', 'Palmer', '1949-04-14', 'JXKQTX@YOPNJA.com', '1737288\0\0\0\0\0\0\0\0\0\0\0\0\0', 1557952, '1967-07-12', '2015-03-23 12:50:10'),
(192, 'Shawn', 'Bailey', '1952-06-22', 'TSPOYO@GBOPRR.com', '8952951\0\0\0\0\0\0\0\0\0\0\0\0\0', 2133343, '1955-06-22', '2014-10-16 20:37:27'),
(193, 'Brook', 'Russell', '1985-07-15', 'JPTBBR@ITAAKU.com', '6515025\0\0\0\0\0\0\0\0\0\0\0\0\0', 7191251, '1957-04-24', '2015-09-23 11:48:44'),
(194, 'Logan', 'Wilkinson', '1997-08-25', 'GWKKAE@RSMHGT.com', '8296093\0\0\0\0\0\0\0\0\0\0\0\0\0', 1926925, '1942-03-14', '2015-03-17 13:18:26'),
(195, 'Zora', 'Fisher', '1959-04-10', 'OTCZZM@BSODUT.com', '7937523\0\0\0\0\0\0\0\0\0\0\0\0\0', 9555036, '1957-03-23', '2015-10-03 11:28:36'),
(196, 'Jaes', 'Palmer', '1957-04-25', 'RYHBOE@KOVJFS.com', '8450774\0\0\0\0\0\0\0\0\0\0\0\0\0', 9276295, '1985-01-11', '2014-05-09 12:27:12'),
(197, 'Joni', 'Griffiths', '1990-05-14', 'GCSGWC@KIVXGE.com', '7397545\0\0\0\0\0\0\0\0\0\0\0\0\0', 3206091, '1982-03-25', '2014-01-03 11:32:58'),
(198, 'Noah', 'Barker', '1968-06-11', 'JABKXK@JBOPLN.com', '4667588\0\0\0\0\0\0\0\0\0\0\0\0\0', 8235195, '1991-07-27', '2014-09-18 17:35:43'),
(199, 'Zena', 'Bennett', '1991-04-23', 'FPJGSC@OCSJFW.com', '9747628\0\0\0\0\0\0\0\0\0\0\0\0\0', 7570878, '1984-06-15', '2015-02-21 20:10:42'),
(200, 'John', 'Thomas', '1941-05-16', 'JQPVHF@EZXZAN.com', '6989669\0\0\0\0\0\0\0\0\0\0\0\0\0', 6908139, '1956-03-24', '2015-02-14 10:38:13'),
(201, 'Keara', 'Webb', '1998-02-25', 'DGBMBN@AHJNTY.com', '7699180\0\0\0\0\0\0\0\0\0\0\0\0\0', 8951815, '1985-05-25', '2014-05-16 11:35:48'),
(202, 'Aiden', 'Anderson', '1942-07-11', 'NXTELG@RLAGZU.com', '5940877\0\0\0\0\0\0\0\0\0\0\0\0\0', 7919463, '1984-02-12', '2014-12-10 22:29:12'),
(203, 'Rachael', 'Holmes', '1949-03-10', 'WARYGK@HKUZZN.com', '3492117\0\0\0\0\0\0\0\0\0\0\0\0\0', 5746666, '1987-01-25', '2014-08-02 15:37:41'),
(204, 'Ethan', 'Lloyd', '1981-04-12', 'AQZWYE@IZLRBY.com', '5974125\0\0\0\0\0\0\0\0\0\0\0\0\0', 4763670, '1946-02-16', '2014-03-10 21:21:45'),
(205, 'Shreya', 'Wilkinson', '2001-01-23', 'ZFQCMW@QTLDQK.com', '8992908\0\0\0\0\0\0\0\0\0\0\0\0\0', 4924123, '2002-08-24', '2015-01-27 22:21:20'),
(206, 'Alexander', 'Cooper', '2000-04-18', 'KPAWNI@BRNDGS.com', '9997327\0\0\0\0\0\0\0\0\0\0\0\0\0', 8192812, '1986-07-25', '2015-05-27 12:25:13'),
(207, 'Virginia', 'Russell', '1993-06-15', 'RPXVFK@NGZNUB.com', '8773359\0\0\0\0\0\0\0\0\0\0\0\0\0', 8244290, '1987-08-20', '2015-02-09 13:37:11'),
(208, 'Lia', 'Chapman', '1959-06-27', 'XBEMVJ@QIPOTT.com', '9754968\0\0\0\0\0\0\0\0\0\0\0\0\0', 6777396, '1982-04-11', '2014-03-18 11:10:12'),
(209, 'Moya', 'White', '1992-01-19', 'CVYGCK@SKDKFA.com', '7087193\0\0\0\0\0\0\0\0\0\0\0\0\0', 6700025, '1970-01-20', '2014-07-08 11:32:27'),
(210, 'Ethan', 'Owen', '1995-04-17', 'PWMMCX@PMFBFG.com', '7728453\0\0\0\0\0\0\0\0\0\0\0\0\0', 4284102, '1944-03-18', '2015-11-15 18:57:32'),
(211, 'Macie', 'Mills', '2004-03-24', 'MPVAAO@ZEXIUZ.com', '3323549\0\0\0\0\0\0\0\0\0\0\0\0\0', 9304715, '1999-02-17', '2015-02-19 10:46:46'),
(212, 'Jonah', 'Carter', '1989-05-15', 'FDAHOS@UPVBOB.com', '6299375\0\0\0\0\0\0\0\0\0\0\0\0\0', 5207760, '1973-03-11', '2015-05-21 22:32:56'),
(213, 'Lulu', 'Young', '1997-01-12', 'FSMWEW@TLIVEQ.com', '6436359\0\0\0\0\0\0\0\0\0\0\0\0\0', 9830709, '1990-02-19', '2014-07-14 10:57:16'),
(214, 'Joseph', 'Patel', '1963-08-12', 'QOJZHN@SCXONZ.com', '1490888\0\0\0\0\0\0\0\0\0\0\0\0\0', 5316496, '1983-05-19', '2015-01-22 21:14:25'),
(215, 'Colleen', 'King', '1982-04-27', 'AFKJQA@TLDDWK.com', '2712863\0\0\0\0\0\0\0\0\0\0\0\0\0', 9047399, '1975-06-11', '2015-03-12 19:34:14'),
(216, 'Ryan', 'Carter', '1981-05-20', 'MUCFRD@FXHZYF.com', '9009500\0\0\0\0\0\0\0\0\0\0\0\0\0', 8862038, '1959-06-27', '2014-09-05 14:52:37'),
(217, 'Jane', 'Adams', '1941-02-16', 'HRWEGN@GMEZWZ.com', '4333862\0\0\0\0\0\0\0\0\0\0\0\0\0', 5533955, '1988-08-25', '2015-01-26 12:37:13'),
(218, 'Jordan', 'Dixon', '1967-03-11', 'MDJCFL@YLMSQF.com', '2475346\0\0\0\0\0\0\0\0\0\0\0\0\0', 7126981, '1995-03-22', '2014-09-11 14:15:55'),
(219, 'Sahara', 'White', '1969-07-14', 'QODQHT@UZHVEU.com', '7565015\0\0\0\0\0\0\0\0\0\0\0\0\0', 4021916, '1977-04-12', '2015-04-14 13:41:58'),
(220, 'Niall', 'Richardson', '1953-03-17', 'WIRYHJ@AXQPXR.com', '1625769\0\0\0\0\0\0\0\0\0\0\0\0\0', 5774673, '1944-03-16', '2014-04-20 20:10:49'),
(221, 'Shelby', 'James', '1947-08-19', 'VMNLMP@PXHRUX.com', '1004392\0\0\0\0\0\0\0\0\0\0\0\0\0', 6149046, '1997-08-10', '2015-03-10 17:27:13'),
(222, 'Spencer', 'King', '1963-01-14', 'WRQGMO@SLMGPV.com', '2932475\0\0\0\0\0\0\0\0\0\0\0\0\0', 7854721, '1959-08-23', '2014-05-17 13:54:55'),
(223, 'Belinda', 'Taylor', '1959-07-19', 'EGVGQN@IFPUPH.com', '9442567\0\0\0\0\0\0\0\0\0\0\0\0\0', 6910155, '1964-07-15', '2015-08-19 13:32:59'),
(224, 'Nathan', 'Carter', '1941-08-23', 'QLXMNF@WVJPPT.com', '5949502\0\0\0\0\0\0\0\0\0\0\0\0\0', 8184109, '1962-08-24', '2014-03-08 15:59:31'),
(225, 'Deann', 'Mitchell', '1961-08-20', 'AKKXKH@HGQLWR.com', '6745117\0\0\0\0\0\0\0\0\0\0\0\0\0', 4926402, '1954-03-23', '2015-03-13 13:58:18'),
(226, 'Kyle', 'Murphy', '1972-02-20', 'YEYUVF@NRINLB.com', '4690815\0\0\0\0\0\0\0\0\0\0\0\0\0', 3022784, '2000-07-15', '2015-03-15 14:35:37'),
(227, 'Ashlie', 'Watson', '1967-02-23', 'ZTUPXD@DNLPEV.com', '8893135\0\0\0\0\0\0\0\0\0\0\0\0\0', 3484920, '1968-01-24', '2014-11-12 18:51:10'),
(228, 'Ethan', 'Hunt', '1971-02-13', 'ZWZTAW@FBRGRA.com', '5546406\0\0\0\0\0\0\0\0\0\0\0\0\0', 8517174, '1972-05-21', '2014-09-27 18:52:38'),
(229, 'Susie', 'Hall', '2000-05-26', 'MBGTGS@SVGZWA.com', '5555577\0\0\0\0\0\0\0\0\0\0\0\0\0', 8601978, '1992-03-27', '2014-02-20 22:24:12'),
(230, 'Nathan', 'Wilson', '1957-02-13', 'ZWTMJU@MHFBCM.com', '5494965\0\0\0\0\0\0\0\0\0\0\0\0\0', 5395485, '1964-05-22', '2015-05-08 22:12:26'),
(231, 'Sherry', 'Roberts', '1992-05-26', 'LFRFHZ@UDNCTN.com', '1920434\0\0\0\0\0\0\0\0\0\0\0\0\0', 7612296, '1962-05-15', '2014-12-26 21:17:29'),
(232, 'Jayden', 'Cook', '1969-04-20', 'DXZZUA@MFXEFN.com', '1907401\0\0\0\0\0\0\0\0\0\0\0\0\0', 2451542, '1950-04-26', '2014-09-22 13:38:38'),
(233, 'Dottie', 'Chapman', '1951-04-11', 'XPXGLA@HYNTWF.com', '7213772\0\0\0\0\0\0\0\0\0\0\0\0\0', 6652242, '1972-01-13', '2014-11-07 19:49:20'),
(234, 'ason', 'Johnson', '1969-01-25', 'KAAVLW@SSPBWY.com', '3981272\0\0\0\0\0\0\0\0\0\0\0\0\0', 8397843, '1997-03-11', '2014-09-17 12:31:47'),
(235, 'Chenille', 'Taylor', '1970-07-11', 'WXCWZO@IBMDQP.com', '9491729\0\0\0\0\0\0\0\0\0\0\0\0\0', 7014589, '1959-07-24', '2014-01-07 11:49:55'),
(236, 'Matthew', 'Hall', '1968-07-20', 'SMJYGJ@LEJUIM.com', '2388402\0\0\0\0\0\0\0\0\0\0\0\0\0', 9925402, '1941-07-24', '2014-05-17 13:43:37'),
(237, 'Laurie', 'Scott', '1977-02-13', 'HYLFXH@JCKVIK.com', '2881671\0\0\0\0\0\0\0\0\0\0\0\0\0', 2512797, '1962-05-24', '2014-08-10 16:20:27'),
(238, 'Matthew', 'Wilkinson', '1967-02-10', 'XXJJTX@YHPUQQ.com', '6888001\0\0\0\0\0\0\0\0\0\0\0\0\0', 6088511, '1970-06-16', '2015-08-06 16:48:16'),
(239, 'Jaylene', 'Roberts', '1944-05-24', 'CMGGYS@UIOTEM.com', '2512621\0\0\0\0\0\0\0\0\0\0\0\0\0', 7904827, '1980-03-21', '2014-09-27 12:55:53'),
(240, 'Andrew', 'Matthews', '1992-02-18', 'SDBABU@LLLGMB.com', '4990730\0\0\0\0\0\0\0\0\0\0\0\0\0', 9488428, '1997-06-12', '2014-06-04 22:23:51'),
(241, 'Harper', 'Singh', '1969-06-23', 'LKJQJC@IRFPAJ.com', '5488573\0\0\0\0\0\0\0\0\0\0\0\0\0', 2241679, '1958-08-25', '2014-10-06 15:56:39'),
(242, 'Aaron', 'Harvey', '1989-05-19', 'MGVDOG@UZAFDE.com', '5862890\0\0\0\0\0\0\0\0\0\0\0\0\0', 4025179, '2000-05-20', '2014-03-20 18:46:29'),
(243, 'Danette', 'Khan', '1987-06-11', 'ONQTTM@KVIDNF.com', '2269737\0\0\0\0\0\0\0\0\0\0\0\0\0', 9951429, '1977-07-20', '2014-06-11 13:55:27'),
(244, 'uhaad', 'Cooper', '1963-05-10', 'OVUFTY@GVRGMQ.com', '7587738\0\0\0\0\0\0\0\0\0\0\0\0\0', 7605017, '1949-03-24', '2014-12-24 19:10:10'),
(245, 'Destinee', 'Roberts', '1950-03-24', 'XYTSTA@WKEUQM.com', '3266398\0\0\0\0\0\0\0\0\0\0\0\0\0', 1750331, '1952-01-16', '2015-04-16 19:49:50'),
(246, 'Jacob', 'Russell', '1953-08-10', 'RQKWSN@UZHSPL.com', '9625132\0\0\0\0\0\0\0\0\0\0\0\0\0', 1879555, '1966-07-19', '2014-02-16 21:59:42'),
(247, 'Tamika', 'Singh', '2002-04-19', 'JYPFWX@MQJKMB.com', '5474437\0\0\0\0\0\0\0\0\0\0\0\0\0', 8942207, '1946-06-18', '2014-12-12 12:40:48'),
(248, 'Aaron', 'Foster', '1999-04-17', 'KRNJXZ@QVXAIX.com', '9146444\0\0\0\0\0\0\0\0\0\0\0\0\0', 7627467, '1953-05-12', '2014-09-11 11:47:54'),
(249, 'Raya', 'Johnson', '1968-06-20', 'EVDFBC@PPBUUO.com', '7747325\0\0\0\0\0\0\0\0\0\0\0\0\0', 9047124, '1962-06-17', '2014-09-23 11:49:55'),
(250, 'Joseph', 'Phillips', '1951-02-10', 'KMLBPY@ALQRYP.com', '2044352\0\0\0\0\0\0\0\0\0\0\0\0\0', 9209779, '1988-07-10', '2014-08-24 21:20:11'),
(251, 'Josie', 'Simpson', '1954-07-13', 'IVEVJQ@URELGE.com', '5140514\0\0\0\0\0\0\0\0\0\0\0\0\0', 3380845, '1961-02-21', '2015-01-13 10:32:38'),
(252, 'Andrew', 'Campbell', '2001-07-25', 'ZSHOSC@JLJQVD.com', '8971433\0\0\0\0\0\0\0\0\0\0\0\0\0', 4628367, '1969-06-23', '2015-06-08 19:50:23'),
(253, 'Keri', 'Anderson', '1979-04-23', 'EXODSM@CWPTDZ.com', '5699402\0\0\0\0\0\0\0\0\0\0\0\0\0', 2907311, '2000-03-22', '2015-10-19 18:10:34'),
(254, 'Joshua', 'Simpson', '1969-07-10', 'BTYARF@LLOLLZ.com', '5177601\0\0\0\0\0\0\0\0\0\0\0\0\0', 7243910, '1977-05-19', '2014-03-14 22:50:32'),
(255, 'Goldie', 'Harris', '1957-06-17', 'ZALLKW@WPRATS.com', '2589060\0\0\0\0\0\0\0\0\0\0\0\0\0', 1479666, '1998-02-10', '2014-10-24 11:42:55'),
(256, 'uhaad', 'Williams', '1951-02-13', 'HDQKPB@ASUDHB.com', '6450971\0\0\0\0\0\0\0\0\0\0\0\0\0', 5166160, '1982-07-20', '2014-03-12 22:42:35'),
(257, 'Laura', 'Allen', '1942-05-14', 'GIYYFU@VRPLCX.com', '9307096\0\0\0\0\0\0\0\0\0\0\0\0\0', 6385022, '1949-01-14', '2015-08-03 19:31:30'),
(258, 'Joshua', 'Smith', '1966-01-22', 'USYPXS@BJXZQD.com', '5117799\0\0\0\0\0\0\0\0\0\0\0\0\0', 8020407, '1981-08-25', '2015-12-18 14:48:59'),
(259, 'Ulrica', 'Clarke', '1994-02-24', 'ETPQQT@DXWLTZ.com', '4842698\0\0\0\0\0\0\0\0\0\0\0\0\0', 2752593, '1942-02-16', '2015-09-21 10:42:43'),
(260, 'Joseph', 'Clark', '1946-01-10', 'CACXMS@DEKKAT.com', '2205228\0\0\0\0\0\0\0\0\0\0\0\0\0', 7562137, '1942-04-15', '2014-01-12 18:29:35'),
(261, 'Elly', 'Marshall', '1987-04-12', 'BJVGYW@NAORTV.com', '1199767\0\0\0\0\0\0\0\0\0\0\0\0\0', 5643158, '1953-08-26', '2015-04-24 22:25:30'),
(262, 'Noah', 'Mills', '1985-03-24', 'BXTTXC@YMCZLI.com', '6828940\0\0\0\0\0\0\0\0\0\0\0\0\0', 7932003, '1982-05-12', '2015-06-24 10:44:29'),
(263, 'Adelia', 'Stevens', '1981-06-22', 'TEIVIH@VBHCHX.com', '3189495\0\0\0\0\0\0\0\0\0\0\0\0\0', 5864878, '1983-03-14', '2015-10-14 19:30:59'),
(264, 'Shawn', 'Evans', '1960-07-25', 'OZOADA@ZYSDOK.com', '7407428\0\0\0\0\0\0\0\0\0\0\0\0\0', 8046806, '1969-06-26', '2014-02-20 12:28:41'),
(265, 'Bettina', 'Hughes', '1943-03-27', 'NTOFAM@NFCYLD.com', '1769306\0\0\0\0\0\0\0\0\0\0\0\0\0', 8324009, '1975-04-26', '2014-12-01 10:36:22'),
(266, 'Nathan', 'Knight', '1954-08-23', 'STUTUW@GCCZUC.com', '7654506\0\0\0\0\0\0\0\0\0\0\0\0\0', 8178948, '1991-05-11', '2015-05-27 13:14:43'),
(267, 'Penny', 'Lee', '1960-06-22', 'PUEVQP@ZXYFPZ.com', '5855148\0\0\0\0\0\0\0\0\0\0\0\0\0', 9972748, '1984-03-11', '2014-08-16 14:50:42'),
(268, 'Anthony', 'Roberts', '1975-03-11', 'SOFUYO@FQIBFT.com', '8952366\0\0\0\0\0\0\0\0\0\0\0\0\0', 3749778, '1949-07-12', '2014-04-07 17:45:25'),
(269, 'Sarah', 'Hill', '1978-01-23', 'KFVXDI@VBRVWW.com', '5794705\0\0\0\0\0\0\0\0\0\0\0\0\0', 5194636, '1959-02-20', '2014-09-22 16:11:22'),
(270, 'John', 'Lee', '1982-07-21', 'COASDE@WBYZKY.com', '6547034\0\0\0\0\0\0\0\0\0\0\0\0\0', 1632438, '1942-05-12', '2014-11-13 20:30:55'),
(271, 'Zakia', 'Patel', '1958-03-15', 'PEZWFI@PIQUWD.com', '6723818\0\0\0\0\0\0\0\0\0\0\0\0\0', 2794768, '1972-04-24', '2015-06-14 22:34:46'),
(272, 'Max', 'Khan', '1974-02-10', 'MGTKKG@OVHCYQ.com', '4468563\0\0\0\0\0\0\0\0\0\0\0\0\0', 6756857, '1962-08-26', '2015-05-01 10:25:11'),
(273, 'Claudia', 'Barker', '1988-02-25', 'OQYVKT@KOPJGK.com', '8301903\0\0\0\0\0\0\0\0\0\0\0\0\0', 2933553, '1993-04-11', '2014-05-09 19:54:45'),
(274, 'Brandon', 'Adams', '1975-06-15', 'TPUYXS@DJEURM.com', '2192406\0\0\0\0\0\0\0\0\0\0\0\0\0', 2061685, '1989-05-22', '2015-06-06 11:15:24'),
(275, 'Trudy', 'Johnson', '1954-02-13', 'GJTQTC@MLCXVM.com', '6435219\0\0\0\0\0\0\0\0\0\0\0\0\0', 5226364, '1977-03-23', '2015-08-05 21:13:26'),
(276, 'Kyle', 'Harris', '1959-08-19', 'OEWEDH@QKTXGU.com', '8361403\0\0\0\0\0\0\0\0\0\0\0\0\0', 6237718, '1984-07-16', '2015-10-23 17:19:29'),
(277, 'Diane', 'Murray', '1944-07-16', 'HEKMCS@BIFBXX.com', '2156868\0\0\0\0\0\0\0\0\0\0\0\0\0', 1279852, '1943-06-20', '2014-02-25 19:42:26'),
(278, 'Austin', 'Hunt', '1975-02-18', 'FYEBKH@BVGVGX.com', '1360758\0\0\0\0\0\0\0\0\0\0\0\0\0', 7294300, '1940-02-20', '2014-07-05 18:39:17'),
(279, 'Ester', 'Singh', '1940-07-10', 'YVNBJN@GQEMMK.com', '1056489\0\0\0\0\0\0\0\0\0\0\0\0\0', 8866675, '1960-08-18', '2015-06-25 16:34:48'),
(280, 'Jaes', 'Shaw', '1945-01-14', 'VAKOXC@ACFIQA.com', '3050514\0\0\0\0\0\0\0\0\0\0\0\0\0', 7714709, '1967-01-25', '2015-09-22 18:36:52'),
(281, 'Mercy', 'Murray', '1982-05-18', 'FCFIKA@RNZTWI.com', '8774658\0\0\0\0\0\0\0\0\0\0\0\0\0', 7375154, '1949-03-10', '2014-03-01 21:46:37'),
(282, 'Adam', 'Anderson', '1974-04-25', 'QLTCJG@OHPPFN.com', '3824566\0\0\0\0\0\0\0\0\0\0\0\0\0', 6358118, '1998-03-21', '2014-08-05 13:32:39'),
(283, 'Esperanza', 'Harris', '1994-06-25', 'CRCYFV@GHMQPR.com', '8169356\0\0\0\0\0\0\0\0\0\0\0\0\0', 1370747, '1971-05-21', '2014-05-10 11:52:31'),
(284, 'Alex', 'Russell', '1992-05-21', 'LJRMPP@GFVDMS.com', '1167008\0\0\0\0\0\0\0\0\0\0\0\0\0', 1309186, '1966-01-22', '2014-11-18 20:24:50'),
(285, 'Daphne', 'Harrison', '1965-02-27', 'OKBTFK@HTKNRY.com', '8347772\0\0\0\0\0\0\0\0\0\0\0\0\0', 3490260, '1998-04-13', '2014-06-07 14:33:51'),
(286, 'Niall', 'Allen', '2001-08-20', 'CQSGOW@IWUAJU.com', '2819501\0\0\0\0\0\0\0\0\0\0\0\0\0', 8301487, '1981-07-16', '2015-09-18 16:14:38'),
(287, 'Layla', 'Harrison', '1978-04-10', 'TQJJUE@RXIETW.com', '2058239\0\0\0\0\0\0\0\0\0\0\0\0\0', 8861941, '1977-07-19', '2015-07-10 12:53:57'),
(288, 'ason', 'Scott', '1993-08-19', 'ILDHJV@RZACOC.com', '2386767\0\0\0\0\0\0\0\0\0\0\0\0\0', 1326791, '1996-08-17', '2015-06-11 21:51:30'),
(289, 'Jenna', 'Price', '1965-08-11', 'XEMFPX@TYJTTO.com', '9195073\0\0\0\0\0\0\0\0\0\0\0\0\0', 1676039, '1951-04-19', '2015-01-13 10:52:19'),
(290, 'Alexander', 'Wood', '1992-06-18', 'ZWAALO@IBHSKP.com', '6966934\0\0\0\0\0\0\0\0\0\0\0\0\0', 7776307, '1961-06-16', '2015-02-22 18:43:10'),
(291, 'Sorrel', 'James', '1999-03-18', 'OMHJKO@YXJVCO.com', '4679715\0\0\0\0\0\0\0\0\0\0\0\0\0', 6706598, '1983-06-26', '2014-07-19 11:55:51'),
(292, 'Michael', 'Campbell', '1946-07-21', 'BFLIZB@VQWKFO.com', '4701545\0\0\0\0\0\0\0\0\0\0\0\0\0', 5858033, '1959-07-26', '2015-02-13 18:52:36'),
(293, 'Leela', 'Stevens', '1963-01-10', 'LADJID@HYGQUY.com', '7834308\0\0\0\0\0\0\0\0\0\0\0\0\0', 9625054, '1954-05-26', '2015-07-14 21:11:50'),
(294, 'Ethan', 'Lee', '1941-07-11', 'QZIECY@QFOBZD.com', '2055370\0\0\0\0\0\0\0\0\0\0\0\0\0', 7175501, '1950-05-22', '2015-02-24 16:36:49'),
(295, 'Lucinda', 'Kelly', '2000-04-20', 'XTWXSL@QLHEJA.com', '3899322\0\0\0\0\0\0\0\0\0\0\0\0\0', 7372912, '1944-02-27', '2015-09-03 13:36:23'),
(296, 'Jayden', 'Morris', '1976-07-18', 'HLEYPY@CPJXGD.com', '2094934\0\0\0\0\0\0\0\0\0\0\0\0\0', 1948330, '1965-04-13', '2014-08-22 15:28:25'),
(297, 'Pansy', 'Rogers', '1941-06-17', 'TLBEDU@WJVNMV.com', '4219414\0\0\0\0\0\0\0\0\0\0\0\0\0', 3672461, '1995-02-21', '2014-02-24 16:11:32'),
(298, 'Harry', 'Morris', '1987-07-17', 'DWFBCJ@SICZIZ.com', '3792451\0\0\0\0\0\0\0\0\0\0\0\0\0', 8503865, '1988-04-13', '2015-08-18 17:14:30'),
(299, 'Ember', 'Wilkinson', '1980-06-22', 'AAAGOL@TZTKPQ.com', '5392165\0\0\0\0\0\0\0\0\0\0\0\0\0', 3058136, '1999-07-13', '2014-05-26 20:42:38'),
(300, 'Justin', 'Cook', '1986-04-16', 'DWFNMA@IYZQBY.com', '4454240\0\0\0\0\0\0\0\0\0\0\0\0\0', 5853823, '1992-07-14', '2015-06-15 22:31:14'),
(301, 'Sharon', 'Young', '1948-05-23', 'DRLPTK@DZTAHZ.com', '1964202\0\0\0\0\0\0\0\0\0\0\0\0\0', 2029927, '1957-06-23', '2015-12-02 16:55:26'),
(302, 'Shawn', 'Roberts', '1974-08-10', 'VTNLRW@BTGLCL.com', '3281113\0\0\0\0\0\0\0\0\0\0\0\0\0', 7810130, '1945-07-13', '2015-04-03 17:50:12'),
(303, 'Latoya', 'Simpson', '1955-07-24', 'LHAEZQ@HEQAFT.com', '6336997\0\0\0\0\0\0\0\0\0\0\0\0\0', 7195073, '1978-04-20', '2015-12-10 12:34:15'),
(304, 'Lia', 'Hughes', '1960-02-23', 'PGTDFB@KUAJSN.com', '5427122\0\0\0\0\0\0\0\0\0\0\0\0\0', 4548122, '2000-06-16', '2015-04-24 12:12:26'),
(305, 'Riley', 'Mills', '1949-05-18', 'YBJMCT@AAIREP.com', '8742351\0\0\0\0\0\0\0\0\0\0\0\0\0', 4341152, '1995-07-10', '2015-06-24 13:42:54'),
(306, 'Brian', 'Khan', '1991-02-13', 'FPAZTK@VJUHCV.com', '3360776\0\0\0\0\0\0\0\0\0\0\0\0\0', 9068307, '1976-06-17', '2014-12-27 10:13:44'),
(307, 'Eris', 'Begum', '1944-08-23', 'DGFJXB@YTLFIL.com', '4845852\0\0\0\0\0\0\0\0\0\0\0\0\0', 7878255, '1987-01-20', '2014-07-12 15:47:22'),
(308, 'Lia', 'Rogers', '1957-04-26', 'NLAFNQ@LVSRLK.com', '2057492\0\0\0\0\0\0\0\0\0\0\0\0\0', 5901640, '1993-08-24', '2014-10-05 10:53:15'),
(309, 'Bethanie', 'Brown', '1991-08-15', 'IJVMQB@KIXALA.com', '4714552\0\0\0\0\0\0\0\0\0\0\0\0\0', 5329163, '1991-06-24', '2015-09-04 22:26:37'),
(310, 'Max', 'Holmes', '1964-02-17', 'SUEGUK@EXZPTM.com', '3472487\0\0\0\0\0\0\0\0\0\0\0\0\0', 4750936, '1944-04-26', '2014-01-04 22:29:33'),
(311, 'Xaviera', 'Brown', '1997-08-25', 'MPBVSL@DLAHDL.com', '4615179\0\0\0\0\0\0\0\0\0\0\0\0\0', 4964484, '1984-02-25', '2014-01-09 14:58:35'),
(312, 'Luke', 'Mitchell', '1952-05-14', 'ROGBCY@GIGWFT.com', '4487855\0\0\0\0\0\0\0\0\0\0\0\0\0', 4276980, '2000-02-25', '2015-01-03 13:51:25'),
(313, 'Guadalupe', 'Hall', '1972-06-19', 'WKHZDR@EHVKDM.com', '6463606\0\0\0\0\0\0\0\0\0\0\0\0\0', 1980252, '2000-04-15', '2014-05-21 10:34:51'),
(314, 'Christopher', 'Lloyd', '1999-03-23', 'XHDQAA@EDIEFM.com', '7930737\0\0\0\0\0\0\0\0\0\0\0\0\0', 7149277, '1947-05-12', '2015-05-12 16:16:25'),
(315, 'Selena', 'Carter', '1949-05-17', 'YFOPWT@ZFQJIQ.com', '4645909\0\0\0\0\0\0\0\0\0\0\0\0\0', 7662661, '1976-03-16', '2015-07-13 22:29:32'),
(316, 'Zayn', 'Anderson', '1950-04-12', 'LQCWVM@IXBRFW.com', '5337102\0\0\0\0\0\0\0\0\0\0\0\0\0', 2801961, '1989-06-22', '2015-08-19 14:27:34'),
(317, 'Ayisha', 'Ellis', '1981-07-18', 'JAKFRC@ERXTZV.com', '9579195\0\0\0\0\0\0\0\0\0\0\0\0\0', 3260197, '1986-02-14', '2015-08-09 22:15:27'),
(318, 'Christopher', 'Hall', '1981-07-13', 'ZCVVCY@YZNELU.com', '8002688\0\0\0\0\0\0\0\0\0\0\0\0\0', 7294077, '1960-02-13', '2014-11-12 18:42:39'),
(319, 'Kristine', 'White', '1987-08-21', 'FNASZO@MHLZPR.com', '7129402\0\0\0\0\0\0\0\0\0\0\0\0\0', 3560341, '1972-03-25', '2015-08-27 13:41:18'),
(320, 'Max', 'Robinson', '1957-06-22', 'EIMSNY@CYMTCM.com', '8684634\0\0\0\0\0\0\0\0\0\0\0\0\0', 5870995, '1994-01-11', '2015-10-23 18:41:25'),
(321, 'Ivana', 'Hunt', '1992-03-27', 'OSBSNN@LURZSH.com', '7467801\0\0\0\0\0\0\0\0\0\0\0\0\0', 3229340, '1986-06-25', '2015-03-25 21:47:51'),
(322, 'Max', 'Martin', '1948-04-23', 'QXSMAZ@HFAUAQ.com', '6419339\0\0\0\0\0\0\0\0\0\0\0\0\0', 1142964, '1943-04-24', '2015-02-12 17:38:50'),
(323, 'Ann', 'Barnes', '1941-02-27', 'GELHJL@HKJNOS.com', '9506779\0\0\0\0\0\0\0\0\0\0\0\0\0', 2807287, '1995-05-13', '2014-10-01 17:48:30'),
(324, 'Jordan', 'Jackson', '1992-08-19', 'GYZLTE@NFCPHV.com', '5240604\0\0\0\0\0\0\0\0\0\0\0\0\0', 5361853, '1970-02-25', '2015-12-17 17:35:40'),
(325, 'Liah', 'Davies', '1945-04-15', 'FVRRTM@RCRFSN.com', '9532927\0\0\0\0\0\0\0\0\0\0\0\0\0', 7319763, '1968-07-25', '2014-03-23 10:35:30'),
(326, 'Jack', 'Thompson', '1954-03-23', 'TSQKFB@TVSDWY.com', '1879470\0\0\0\0\0\0\0\0\0\0\0\0\0', 1309788, '1987-02-25', '2014-11-11 18:43:37'),
(327, 'Lina', 'Davies', '1996-06-16', 'WHAEAV@SUEHOV.com', '3187580\0\0\0\0\0\0\0\0\0\0\0\0\0', 4916367, '1986-08-20', '2014-01-20 11:42:30'),
(328, 'Joshua', 'Wilkinson', '1953-04-25', 'OOUYFL@CDVECO.com', '7760510\0\0\0\0\0\0\0\0\0\0\0\0\0', 3696851, '1956-08-26', '2015-04-20 14:28:20'),
(329, 'Marjorie', 'Walker', '1973-05-18', 'EKQOQP@TZHROJ.com', '9846722\0\0\0\0\0\0\0\0\0\0\0\0\0', 9873533, '1997-07-14', '2014-04-18 22:24:39'),
(330, 'Niall', 'Matthews', '2000-02-22', 'PZZTEV@MYEEVY.com', '7592546\0\0\0\0\0\0\0\0\0\0\0\0\0', 6162034, '1948-08-27', '2015-03-05 19:43:14'),
(331, 'Lorraine', 'Morris', '1991-03-11', 'CFMGWF@LUNMZO.com', '6742460\0\0\0\0\0\0\0\0\0\0\0\0\0', 9421857, '1968-06-17', '2014-01-08 10:48:19'),
(332, 'JacksonWillia', 'Collins', '1991-01-24', 'GYRCVG@HMDSAD.com', '7476681\0\0\0\0\0\0\0\0\0\0\0\0\0', 6755296, '1947-07-23', '2015-05-07 13:57:39'),
(333, 'Vickie', 'Hussain', '1964-06-22', 'WXOISI@KHSFMB.com', '4749009\0\0\0\0\0\0\0\0\0\0\0\0\0', 2930735, '1984-03-22', '2014-02-02 13:50:57'),
(334, 'uhaad', 'Hussain', '1942-03-16', 'NNFVGS@OSKLPQ.com', '8548799\0\0\0\0\0\0\0\0\0\0\0\0\0', 8885202, '1990-04-18', '2015-06-16 10:10:10'),
(335, 'Spring', 'Marshall', '1980-02-18', 'UKSRVT@FJACBK.com', '1150558\0\0\0\0\0\0\0\0\0\0\0\0\0', 7917455, '1959-07-16', '2014-11-22 19:49:53'),
(336, 'Blake', 'Campbell', '1991-01-12', 'SESRVS@OGWNVB.com', '3928488\0\0\0\0\0\0\0\0\0\0\0\0\0', 2828176, '1947-03-23', '2014-04-27 17:58:49'),
(337, 'Erin', 'Adams', '1942-06-21', 'ULTCNK@VXFGDJ.com', '3818430\0\0\0\0\0\0\0\0\0\0\0\0\0', 5682907, '1973-03-13', '2015-12-27 10:30:40'),
(338, 'Brian', 'Clark', '1943-04-16', 'ELQZUZ@EKUFMK.com', '2369920\0\0\0\0\0\0\0\0\0\0\0\0\0', 1951286, '1980-08-23', '2015-01-25 13:36:15'),
(339, 'Jaime', 'Dixon', '1998-07-26', 'SUFHVU@FQKQQL.com', '8592643\0\0\0\0\0\0\0\0\0\0\0\0\0', 5939550, '1990-01-26', '2014-01-15 11:38:37'),
(340, 'Lia', 'Lee', '1942-02-24', 'WQBQEJ@VHJEYB.com', '7287394\0\0\0\0\0\0\0\0\0\0\0\0\0', 1880111, '1997-05-19', '2014-02-01 17:18:35'),
(341, 'Kiki', 'Knight', '1991-01-16', 'FYYHES@FIVTTQ.com', '4328123\0\0\0\0\0\0\0\0\0\0\0\0\0', 8198550, '1997-03-14', '2015-11-20 22:20:45'),
(342, 'Aaron', 'Stevens', '2002-04-23', 'VVSYIV@WLPFLF.com', '9654015\0\0\0\0\0\0\0\0\0\0\0\0\0', 3561017, '1987-03-10', '2015-10-02 10:28:51'),
(343, 'Elaina', 'Barker', '1962-03-23', 'MPDWWO@EYLUXB.com', '1053996\0\0\0\0\0\0\0\0\0\0\0\0\0', 8221489, '1974-06-21', '2015-10-23 17:25:24'),
(344, 'Adam', 'Anderson', '1941-03-17', 'EDSZUG@XJXYLR.com', '7136994\0\0\0\0\0\0\0\0\0\0\0\0\0', 7247591, '1993-04-26', '2014-01-07 14:11:28'),
(345, 'Katarina', 'Collins', '1942-03-24', 'CYGRIS@OVEEAN.com', '3921497\0\0\0\0\0\0\0\0\0\0\0\0\0', 2708946, '1981-01-21', '2015-08-02 20:45:40'),
(346, 'ason', 'Clarke', '1947-03-12', 'TDOUEF@UAHHNI.com', '7344692\0\0\0\0\0\0\0\0\0\0\0\0\0', 4042585, '1973-03-14', '2014-06-07 20:30:30'),
(347, 'Soia', 'Moore', '1985-01-18', 'LKIXCS@JMTTTQ.com', '8381307\0\0\0\0\0\0\0\0\0\0\0\0\0', 5715532, '1961-07-18', '2015-08-06 22:22:58'),
(348, 'Ethan', 'Scott', '1961-04-17', 'BWSJDA@IWIDXX.com', '1644082\0\0\0\0\0\0\0\0\0\0\0\0\0', 5486020, '1981-01-20', '2015-08-13 20:57:58'),
(349, 'Lexis', 'Morris', '1992-01-21', 'SFYUSG@AKWFIH.com', '8329674\0\0\0\0\0\0\0\0\0\0\0\0\0', 4410340, '1963-02-19', '2015-04-24 15:40:51'),
(350, 'Brian', 'Wright', '2003-01-16', 'RMKDSM@DJIJFG.com', '2008697\0\0\0\0\0\0\0\0\0\0\0\0\0', 9034671, '1945-03-26', '2015-03-26 12:39:33');
INSERT INTO `user` (`User_ID`, `User_FName`, `User_LName`, `User_DOB`, `User_EMail`, `User_Pass`, `Device_ID`, `member_since`, `last_active`) VALUES
(351, 'Jeri', 'Lewis', '1962-04-26', 'ESVPCE@PITKAD.com', '6257202\0\0\0\0\0\0\0\0\0\0\0\0\0', 7813585, '2003-06-16', '2015-02-16 12:35:34'),
(352, 'Spencer', 'Bailey', '1966-01-25', 'IHIEIN@RYLFKQ.com', '2404475\0\0\0\0\0\0\0\0\0\0\0\0\0', 8014387, '1957-02-23', '2015-09-21 11:17:23'),
(353, 'Marla', 'Thomas', '1993-07-27', 'MPKAMR@TLPGQI.com', '1640671\0\0\0\0\0\0\0\0\0\0\0\0\0', 2976062, '1966-07-23', '2015-10-02 12:56:57'),
(354, 'Christopher', 'James', '1966-01-12', 'QDRTFQ@LDVEAA.com', '4515783\0\0\0\0\0\0\0\0\0\0\0\0\0', 4956345, '1969-08-24', '2014-10-15 15:48:36'),
(355, 'Wilhelmina', 'Allen', '1986-02-14', 'ETPZKW@TFZGUE.com', '1896754\0\0\0\0\0\0\0\0\0\0\0\0\0', 3970629, '1991-04-24', '2015-03-17 13:51:16'),
(356, 'Logan', 'Hussain', '1957-03-21', 'LEJRBT@AUOWRK.com', '7994310\0\0\0\0\0\0\0\0\0\0\0\0\0', 6881085, '1981-07-21', '2015-07-23 13:34:26'),
(357, 'Jordana', 'Parker', '1987-03-19', 'XHSLPY@XPIWUH.com', '3781833\0\0\0\0\0\0\0\0\0\0\0\0\0', 2189044, '1946-08-10', '2015-02-24 17:37:49'),
(358, 'uhaad', 'Lewis', '1955-08-10', 'UNGDBZ@GXHWJR.com', '3975993\0\0\0\0\0\0\0\0\0\0\0\0\0', 6908304, '1943-01-12', '2015-04-10 18:27:18'),
(359, 'Kimmy', 'Griffiths', '1964-05-11', 'VSIJRS@WXLQJU.com', '6409788\0\0\0\0\0\0\0\0\0\0\0\0\0', 5805643, '1971-05-12', '2014-07-26 10:48:57'),
(360, 'Austin', 'Harris', '1986-06-22', 'WOGMKQ@WXIOOC.com', '9383165\0\0\0\0\0\0\0\0\0\0\0\0\0', 8590608, '1981-02-25', '2015-05-03 10:55:11'),
(361, 'Lindsay', 'Begum', '1953-05-20', 'VEIQVC@OMBZHQ.com', '3205787\0\0\0\0\0\0\0\0\0\0\0\0\0', 6401210, '1943-05-22', '2014-07-10 18:25:49'),
(362, 'Max', 'Phillips', '1985-03-23', 'TJDHFN@SSKLYZ.com', '2588103\0\0\0\0\0\0\0\0\0\0\0\0\0', 2642288, '2004-06-13', '2015-06-24 17:51:29'),
(363, 'Amy', 'Barker', '1947-01-18', 'SSSCXL@DVNEQY.com', '9800306\0\0\0\0\0\0\0\0\0\0\0\0\0', 2207526, '1989-07-20', '2014-01-27 10:51:59'),
(364, 'Aiden', 'Matthews', '1966-05-19', 'QZGAFP@SSJFLG.com', '3432489\0\0\0\0\0\0\0\0\0\0\0\0\0', 5991030, '1994-02-27', '2015-04-07 19:55:56'),
(365, 'Patience', 'Wood', '1954-07-26', 'KOTJHB@RMLBYB.com', '7510278\0\0\0\0\0\0\0\0\0\0\0\0\0', 7521059, '1998-03-21', '2014-11-26 14:35:47'),
(366, 'Brandon', 'Stevens', '1973-01-19', 'UBKQWS@CFKTHG.com', '1479884\0\0\0\0\0\0\0\0\0\0\0\0\0', 6805110, '1952-03-11', '2014-09-24 17:37:16'),
(367, 'Kaelyn', 'Edwards', '1982-01-19', 'VPZHNF@GATWDL.com', '4510678\0\0\0\0\0\0\0\0\0\0\0\0\0', 3615482, '1952-06-25', '2015-11-05 21:16:22'),
(368, 'Kyle', 'Holmes', '2000-06-17', 'SRHXHT@TCFVWR.com', '2893876\0\0\0\0\0\0\0\0\0\0\0\0\0', 3583706, '1969-08-12', '2014-02-08 20:47:11'),
(369, 'Linda', 'Cook', '1962-03-13', 'VTAFIR@DMRXWS.com', '3142235\0\0\0\0\0\0\0\0\0\0\0\0\0', 2592227, '1990-01-27', '2014-08-15 16:49:45'),
(370, 'Louis', 'Gray', '1953-07-26', 'PWZMJE@LLOCGY.com', '3066560\0\0\0\0\0\0\0\0\0\0\0\0\0', 9352285, '1943-06-26', '2015-05-23 16:56:39'),
(371, 'Jennette', 'Young', '1998-04-27', 'CAOVPZ@CSQRGT.com', '8740105\0\0\0\0\0\0\0\0\0\0\0\0\0', 4004811, '1993-05-13', '2014-07-11 19:31:52'),
(372, 'Jacob', 'Fisher', '1994-06-17', 'BHXYZH@ZVLMZO.com', '5421543\0\0\0\0\0\0\0\0\0\0\0\0\0', 6382473, '1966-05-12', '2015-05-23 18:41:27'),
(373, 'Dena', 'Adams', '1959-03-14', 'BCIKTO@RPMFHK.com', '5945676\0\0\0\0\0\0\0\0\0\0\0\0\0', 3758989, '1971-01-20', '2015-02-26 10:19:25'),
(374, 'Niall', 'Powell', '1963-08-24', 'CYXJSV@WZBTNV.com', '8521021\0\0\0\0\0\0\0\0\0\0\0\0\0', 4144959, '1968-04-22', '2014-08-19 18:14:20'),
(375, 'Jenelle', 'Palmer', '1955-07-21', 'FNOEKD@RZGQAL.com', '2350348\0\0\0\0\0\0\0\0\0\0\0\0\0', 9809531, '1986-02-19', '2014-08-17 16:26:21'),
(376, 'Ali', 'Mitchell', '1975-07-19', 'DLTFSH@DEYMIC.com', '6689964\0\0\0\0\0\0\0\0\0\0\0\0\0', 8294766, '1940-06-21', '2014-08-19 15:19:27'),
(377, 'Zaira', 'Khan', '1988-02-12', 'PGXQGX@UOYIWU.com', '7707242\0\0\0\0\0\0\0\0\0\0\0\0\0', 6070485, '1949-01-23', '2014-12-13 20:33:12'),
(378, 'Zayn', 'Adams', '1974-01-12', 'QUFZWE@JLNMIJ.com', '4951036\0\0\0\0\0\0\0\0\0\0\0\0\0', 3334233, '1964-02-21', '2015-01-20 19:37:47'),
(379, 'Haylee', 'Richards', '1953-04-24', 'SXQSGS@WYSBFU.com', '6780993\0\0\0\0\0\0\0\0\0\0\0\0\0', 2636367, '1970-06-16', '2015-09-13 19:30:42'),
(380, 'Jayden', 'Matthews', '1940-07-15', 'KMWHEJ@PDTUDU.com', '9938253\0\0\0\0\0\0\0\0\0\0\0\0\0', 2737172, '1949-04-13', '2015-06-15 13:40:49'),
(381, 'Raine', 'Clarke', '1956-07-27', 'FOTWPN@ZVBEFJ.com', '6717158\0\0\0\0\0\0\0\0\0\0\0\0\0', 9145102, '1957-08-19', '2014-02-26 16:45:54'),
(382, 'Matthew', 'Shaw', '1978-07-26', 'QOMYJL@QAEACK.com', '7840856\0\0\0\0\0\0\0\0\0\0\0\0\0', 8321094, '1998-06-19', '2014-10-01 15:31:35'),
(383, 'Bernadette', 'Foster', '1986-05-13', 'NQXPMK@RILKBR.com', '8947305\0\0\0\0\0\0\0\0\0\0\0\0\0', 5743338, '1953-05-17', '2014-06-14 12:12:44'),
(384, 'Alex', 'Richardson', '1948-03-27', 'FZESCO@PFOHKI.com', '8257714\0\0\0\0\0\0\0\0\0\0\0\0\0', 3003431, '1959-02-11', '2014-03-21 12:43:25'),
(385, 'Elicia', 'Harvey', '1983-01-27', 'OLOHRU@QSESPZ.com', '1528659\0\0\0\0\0\0\0\0\0\0\0\0\0', 2241452, '1979-06-18', '2014-10-02 10:35:51'),
(386, 'Ethan', 'Smith', '1986-06-12', 'WBLTAZ@JSXWGS.com', '4225098\0\0\0\0\0\0\0\0\0\0\0\0\0', 8056130, '1963-07-10', '2015-03-13 21:14:48'),
(387, 'Donna', 'Russell', '1966-02-23', 'FGWUCA@ICEHOY.com', '8284775\0\0\0\0\0\0\0\0\0\0\0\0\0', 5748495, '1947-03-22', '2015-03-16 11:48:38'),
(388, 'Harry', 'Harris', '1991-02-24', 'JKTGDK@FWPYEK.com', '2685990\0\0\0\0\0\0\0\0\0\0\0\0\0', 2773811, '1973-03-26', '2014-02-02 16:23:55'),
(389, 'Davida', 'Webb', '1942-08-11', 'EZRSZK@BUICRH.com', '8322658\0\0\0\0\0\0\0\0\0\0\0\0\0', 6728130, '1945-06-18', '2015-06-04 19:37:32'),
(390, 'Brian', 'Bailey', '1978-04-14', 'IREDEL@BVTIYV.com', '8475882\0\0\0\0\0\0\0\0\0\0\0\0\0', 2405288, '1964-02-14', '2015-07-27 16:42:42'),
(391, 'Sky', 'Moore', '1987-01-25', 'LYGTTG@BTBOTD.com', '5400507\0\0\0\0\0\0\0\0\0\0\0\0\0', 5094563, '1973-01-19', '2015-03-07 12:18:49'),
(392, 'Jayden', 'Davies', '1966-07-12', 'AQBYNR@IHYALF.com', '5780498\0\0\0\0\0\0\0\0\0\0\0\0\0', 3156514, '1973-07-16', '2015-12-01 19:44:20'),
(393, 'Abbie', 'Edwards', '1978-02-12', 'JVRDRM@DRQBIC.com', '2933348\0\0\0\0\0\0\0\0\0\0\0\0\0', 5691459, '1977-08-13', '2015-01-19 13:54:52'),
(394, 'Alexander', 'Kelly', '1965-03-19', 'FLSKGM@XTYCSC.com', '5782131\0\0\0\0\0\0\0\0\0\0\0\0\0', 3989555, '1999-08-24', '2015-02-27 20:28:43'),
(395, 'Elle', 'Mitchell', '1960-02-11', 'ZLPTME@KRRCZW.com', '8492103\0\0\0\0\0\0\0\0\0\0\0\0\0', 7280615, '1951-01-12', '2015-09-03 14:34:40'),
(396, 'Jonah', 'Jenkins', '1952-03-18', 'SXNLHS@WPCGAK.com', '7731135\0\0\0\0\0\0\0\0\0\0\0\0\0', 6489984, '2001-07-19', '2014-10-18 10:14:25'),
(397, 'Nana', 'Morris', '1980-05-24', 'ZHNJAN@NQGJIT.com', '4938058\0\0\0\0\0\0\0\0\0\0\0\0\0', 3800772, '1970-03-16', '2014-03-25 17:30:27'),
(398, 'Jaes', 'Webb', '1953-01-10', 'UWZVKT@QRDNJC.com', '3009214\0\0\0\0\0\0\0\0\0\0\0\0\0', 8835839, '1955-05-14', '2014-02-19 16:38:42'),
(399, 'Jamie', 'Mills', '1969-02-17', 'STKTEO@TSKVZT.com', '6285068\0\0\0\0\0\0\0\0\0\0\0\0\0', 3030273, '1971-05-27', '2015-04-04 17:10:14'),
(400, 'Jordan', 'Lewis', '1972-08-25', 'SYULSZ@CJYHIC.com', '1721111\0\0\0\0\0\0\0\0\0\0\0\0\0', 2809657, '1968-05-22', '2014-09-24 12:44:28'),
(401, 'Jane', 'Evans', '1988-08-17', 'PAXSHI@JHVNUE.com', '1739687\0\0\0\0\0\0\0\0\0\0\0\0\0', 2944952, '1962-08-25', '2014-05-01 17:28:59'),
(402, 'Blake', 'Jenkins', '2000-08-26', 'ULINJP@ITDOGG.com', '2308741\0\0\0\0\0\0\0\0\0\0\0\0\0', 2668616, '1977-01-23', '2014-12-23 11:21:57'),
(403, 'Nora', 'Edwards', '1955-08-15', 'MRPMUS@MHWWAH.com', '5522029\0\0\0\0\0\0\0\0\0\0\0\0\0', 1927347, '1960-01-22', '2015-06-26 20:12:39'),
(404, 'Anthony', 'Palmer', '1998-08-24', 'TNTNRT@OZRMJI.com', '7690531\0\0\0\0\0\0\0\0\0\0\0\0\0', 8047961, '1999-02-25', '2014-01-22 20:34:51'),
(405, 'Glenys', 'Begum', '1988-02-14', 'RRNEMB@RMDFKH.com', '2401323\0\0\0\0\0\0\0\0\0\0\0\0\0', 6763249, '1942-08-19', '2015-07-26 12:28:39'),
(406, 'Nathan', 'Cook', '1993-06-13', 'DSDINX@FCGTUS.com', '8810401\0\0\0\0\0\0\0\0\0\0\0\0\0', 7601321, '1969-08-21', '2015-08-26 14:26:32'),
(407, 'Mel', 'Khan', '1996-08-24', 'QDQAHB@DZJWZE.com', '9398506\0\0\0\0\0\0\0\0\0\0\0\0\0', 6750369, '1949-07-27', '2014-06-09 20:35:59'),
(408, 'John', 'Simpson', '1961-03-19', 'VJWVAW@TFEPPC.com', '2986125\0\0\0\0\0\0\0\0\0\0\0\0\0', 6841866, '2003-02-18', '2014-11-21 18:12:29'),
(409, 'Gert', 'Singh', '1951-08-22', 'OJDZLT@FCHZZQ.com', '9641577\0\0\0\0\0\0\0\0\0\0\0\0\0', 4449829, '1996-06-18', '2015-04-06 16:23:58'),
(410, 'Anthony', 'Young', '1988-01-14', 'FORECD@TNOCDA.com', '6670988\0\0\0\0\0\0\0\0\0\0\0\0\0', 9275614, '1980-08-11', '2014-11-22 17:29:27'),
(411, 'Bonita', 'Powell', '1999-06-21', 'MVJFKE@HMESQH.com', '1720357\0\0\0\0\0\0\0\0\0\0\0\0\0', 2393231, '1956-04-15', '2015-01-19 21:54:54'),
(412, 'Spencer', 'Kelly', '1980-06-11', 'CHHKBT@CVZRMB.com', '2309918\0\0\0\0\0\0\0\0\0\0\0\0\0', 7849817, '1995-08-22', '2015-07-01 17:16:29'),
(413, 'Trudy', 'Jackson', '1981-01-27', 'XDWOWP@SMHCJQ.com', '9851794\0\0\0\0\0\0\0\0\0\0\0\0\0', 4991205, '1954-02-24', '2014-01-14 10:26:22'),
(414, 'John', 'Clarke', '1977-01-16', 'WFWHQD@ZTYBFQ.com', '9390814\0\0\0\0\0\0\0\0\0\0\0\0\0', 6956226, '1994-07-21', '2015-06-26 18:54:45'),
(415, 'Sidney', 'Powell', '1967-01-11', 'EIRNIB@IYLAZB.com', '6050271\0\0\0\0\0\0\0\0\0\0\0\0\0', 9247071, '1995-07-16', '2014-06-08 13:57:42'),
(416, 'Adam', 'Ali', '1996-07-10', 'CDLZOL@UMCOND.com', '9192064\0\0\0\0\0\0\0\0\0\0\0\0\0', 2102960, '1965-08-18', '2015-02-06 21:20:58'),
(417, 'Bonita', 'Hughes', '1988-07-11', 'FVNQXN@RSWGUB.com', '7958454\0\0\0\0\0\0\0\0\0\0\0\0\0', 6892454, '1953-01-15', '2014-10-07 15:35:42'),
(418, 'ason', 'Richards', '1982-04-22', 'RKYNOH@SKTHFW.com', '5545298\0\0\0\0\0\0\0\0\0\0\0\0\0', 2789584, '1973-04-16', '2014-11-11 22:25:45'),
(419, 'Alexia', 'Cook', '1978-05-21', 'TDQBWY@NHOZSP.com', '1745786\0\0\0\0\0\0\0\0\0\0\0\0\0', 2156118, '1961-04-12', '2015-01-05 21:35:45'),
(420, 'Jordan', 'Webb', '1961-02-22', 'GBRMOE@BEBDPH.com', '1175165\0\0\0\0\0\0\0\0\0\0\0\0\0', 9289052, '1942-06-17', '2015-03-27 10:41:34'),
(421, 'Raine', 'Davies', '1951-02-23', 'MNZYDX@YDBXCQ.com', '3446345\0\0\0\0\0\0\0\0\0\0\0\0\0', 3162364, '1970-08-10', '2014-08-23 17:22:57'),
(422, 'Jacob', 'Hunt', '1984-02-24', 'LLFLEH@JWBBSS.com', '3649154\0\0\0\0\0\0\0\0\0\0\0\0\0', 2632356, '1956-07-12', '2015-09-08 16:42:58'),
(423, 'Montserrat', 'Evans', '2003-01-13', 'KSLJTQ@YHXXEN.com', '8799928\0\0\0\0\0\0\0\0\0\0\0\0\0', 3375127, '2003-05-18', '2014-06-08 18:56:20'),
(424, 'Lia', 'Moore', '2004-03-16', 'ZIFDBA@UWMCNU.com', '3160765\0\0\0\0\0\0\0\0\0\0\0\0\0', 6784840, '1973-01-26', '2014-02-23 20:35:56'),
(425, 'Cassiopeia', 'Palmer', '1959-04-16', 'DEKILO@BRHBWS.com', '9107610\0\0\0\0\0\0\0\0\0\0\0\0\0', 2035097, '2003-03-26', '2015-04-10 17:29:29'),
(426, 'Louis', 'Mills', '1950-03-18', 'NOPCYR@SJZFWQ.com', '1715750\0\0\0\0\0\0\0\0\0\0\0\0\0', 8439546, '1973-06-20', '2015-03-26 21:15:50'),
(427, 'Sondra', 'Holmes', '1993-05-15', 'YJBTOC@WPXDFR.com', '5070266\0\0\0\0\0\0\0\0\0\0\0\0\0', 4023205, '1969-03-18', '2015-03-16 14:43:47'),
(428, 'Louis', 'Russell', '1955-03-15', 'HFZKYG@JXJVUP.com', '7298123\0\0\0\0\0\0\0\0\0\0\0\0\0', 5724287, '1970-04-27', '2015-06-25 12:18:45'),
(429, 'Katrina', 'Young', '1940-01-19', 'MXDZXK@XNKWJQ.com', '5377885\0\0\0\0\0\0\0\0\0\0\0\0\0', 9005777, '1958-08-22', '2014-10-16 18:45:36'),
(430, 'uhaad', 'Phillips', '1973-08-15', 'WNESCP@PALSCD.com', '6428760\0\0\0\0\0\0\0\0\0\0\0\0\0', 1967661, '1957-05-16', '2014-03-05 12:52:13'),
(431, 'Tanya', 'Miller', '1966-05-25', 'WQZXCX@ZICTRT.com', '2058753\0\0\0\0\0\0\0\0\0\0\0\0\0', 8752549, '1997-04-22', '2015-05-26 11:17:19'),
(432, 'uhaad', 'Brown', '1963-06-16', 'QTDKSJ@KSXAQT.com', '4320336\0\0\0\0\0\0\0\0\0\0\0\0\0', 5562157, '1944-02-14', '2014-10-25 10:29:17'),
(433, 'Lavender', 'Allen', '1958-04-20', 'ZBPDVB@TNIHYM.com', '2926177\0\0\0\0\0\0\0\0\0\0\0\0\0', 1621400, '1952-08-17', '2014-11-02 22:54:18'),
(434, 'John', 'Campbell', '1943-06-13', 'YKEONY@CBWOBH.com', '7001553\0\0\0\0\0\0\0\0\0\0\0\0\0', 4622520, '1955-01-27', '2015-02-07 17:32:19'),
(435, 'Trudy', 'King', '1966-02-25', 'HCOSHC@ECDGAI.com', '3798896\0\0\0\0\0\0\0\0\0\0\0\0\0', 5163032, '1967-05-23', '2014-07-16 16:23:49'),
(436, 'Max', 'Martin', '1988-06-11', 'BINIDQ@PPMCYK.com', '3737173\0\0\0\0\0\0\0\0\0\0\0\0\0', 1064029, '1976-05-19', '2015-11-05 21:34:14'),
(437, 'Dottie', 'Robinson', '1948-05-10', 'GDFLOA@IUASQW.com', '6290842\0\0\0\0\0\0\0\0\0\0\0\0\0', 6091586, '1944-08-17', '2015-04-26 12:13:42'),
(438, 'Justin', 'Clark', '1956-05-25', 'HBXYNG@MJBYPQ.com', '2834220\0\0\0\0\0\0\0\0\0\0\0\0\0', 2628920, '1988-05-21', '2014-07-15 12:32:11'),
(439, 'Darcie', 'Owen', '1974-03-23', 'POUYUT@UTQJRS.com', '2819846\0\0\0\0\0\0\0\0\0\0\0\0\0', 1292196, '1977-03-23', '2014-04-24 17:45:40'),
(440, 'Nathan', 'Baker', '1943-06-22', 'FWATTP@ZABNQK.com', '6498820\0\0\0\0\0\0\0\0\0\0\0\0\0', 5153019, '1965-05-22', '2015-01-12 10:37:39'),
(441, 'Georgette', 'Wright', '1957-03-11', 'WSLITU@YKYRZQ.com', '8133655\0\0\0\0\0\0\0\0\0\0\0\0\0', 9386049, '1968-02-13', '2014-09-02 19:49:43'),
(442, 'Michael', 'Wilkinson', '1999-08-11', 'FEEZDQ@CMBYGX.com', '6432673\0\0\0\0\0\0\0\0\0\0\0\0\0', 9446375, '1986-07-11', '2015-09-11 18:24:47'),
(443, 'Lilah', 'Chapman', '1945-08-26', 'XVAUBD@LNOPJK.com', '5838631\0\0\0\0\0\0\0\0\0\0\0\0\0', 2093643, '1962-07-18', '2014-01-21 19:23:10'),
(444, 'Noah', 'Green', '1994-06-18', 'UCKLFZ@WSCINI.com', '8157798\0\0\0\0\0\0\0\0\0\0\0\0\0', 5671634, '1991-04-12', '2015-10-14 20:28:11'),
(445, 'Luna', 'Lewis', '1958-04-24', 'DNXTRZ@PMPYJT.com', '4129803\0\0\0\0\0\0\0\0\0\0\0\0\0', 8043369, '1941-05-11', '2015-08-11 16:47:45'),
(446, 'Tyler', 'Hunt', '1949-03-25', 'AVRHOQ@HUDTBF.com', '1376139\0\0\0\0\0\0\0\0\0\0\0\0\0', 1800929, '1984-07-10', '2015-01-16 22:59:12'),
(447, 'Dusty', 'Walker', '1965-06-11', 'VLYZBY@NXGVRB.com', '8669907\0\0\0\0\0\0\0\0\0\0\0\0\0', 6178353, '1942-08-24', '2015-03-27 10:14:42'),
(448, 'Jordan', 'Ellis', '1996-06-12', 'CRDWVX@HDMNRV.com', '8008997\0\0\0\0\0\0\0\0\0\0\0\0\0', 2649102, '1988-04-14', '2015-11-08 20:29:53'),
(449, 'Gwendolyn', 'Johnson', '1993-07-22', 'KUHWIH@JOWWNZ.com', '2742216\0\0\0\0\0\0\0\0\0\0\0\0\0', 8714222, '1959-06-25', '2014-12-02 20:31:26'),
(450, 'Jack', 'Patel', '1985-02-13', 'KHFSXL@TJXXZT.com', '6088354\0\0\0\0\0\0\0\0\0\0\0\0\0', 9064482, '1964-07-17', '2015-09-03 19:11:32'),
(451, 'Estrella', 'Holmes', '1967-06-21', 'ZGCJOL@IHINHM.com', '7837484\0\0\0\0\0\0\0\0\0\0\0\0\0', 1917786, '1995-04-27', '2014-03-18 18:58:59'),
(452, 'Alex', 'Jenkins', '1996-07-13', 'MFIGUO@AKNBHP.com', '2042314\0\0\0\0\0\0\0\0\0\0\0\0\0', 7234170, '1953-04-20', '2015-12-10 18:18:30'),
(453, 'Ellen', 'Owen', '1947-01-12', 'GLZZCG@SMDGOW.com', '8868798\0\0\0\0\0\0\0\0\0\0\0\0\0', 8209251, '1948-08-21', '2015-07-21 10:50:32'),
(454, 'Harry', 'Watson', '1955-03-22', 'UNGRUU@OMVQHR.com', '9940608\0\0\0\0\0\0\0\0\0\0\0\0\0', 7355077, '1950-06-21', '2014-01-24 20:17:21'),
(455, 'Braelyn', 'Walker', '1957-02-13', 'RCOIFI@OSYUXU.com', '1929524\0\0\0\0\0\0\0\0\0\0\0\0\0', 3055912, '1985-05-11', '2015-09-11 21:12:29'),
(456, 'Adam', 'Richards', '1994-03-15', 'DDNYNC@VWEUFQ.com', '3191295\0\0\0\0\0\0\0\0\0\0\0\0\0', 8585923, '1941-07-17', '2014-09-07 21:11:31'),
(457, 'Lilah', 'Chapman', '1983-06-27', 'WSJOYL@NREEMU.com', '8542143\0\0\0\0\0\0\0\0\0\0\0\0\0', 8209019, '2002-06-15', '2015-02-07 11:12:20'),
(458, 'Luke', 'Anderson', '1971-04-17', 'EGBLQA@SUARVX.com', '9569311\0\0\0\0\0\0\0\0\0\0\0\0\0', 7406278, '1949-03-27', '2014-02-02 12:30:57'),
(459, 'Nita', 'Hunt', '1959-02-26', 'LYEWUK@WQKYHZ.com', '9505228\0\0\0\0\0\0\0\0\0\0\0\0\0', 4579680, '1966-08-16', '2014-10-07 15:21:55'),
(460, 'Logan', 'Roberts', '1984-06-15', 'YHJLHH@QOEJWT.com', '6159758\0\0\0\0\0\0\0\0\0\0\0\0\0', 6114994, '1940-02-22', '2015-04-23 19:46:52'),
(461, 'Justina', 'Marshall', '1990-05-22', 'YNIQVZ@MQNUHE.com', '3641022\0\0\0\0\0\0\0\0\0\0\0\0\0', 3304651, '1997-07-22', '2015-09-01 16:30:26'),
(462, 'Andrew', 'Ali', '1982-02-27', 'VJCMVX@UGDFBW.com', '4972376\0\0\0\0\0\0\0\0\0\0\0\0\0', 9033471, '1989-06-22', '2015-07-12 14:13:28'),
(463, 'Melody', 'Edwards', '1992-07-16', 'JBPCYP@ETSHKB.com', '3075125\0\0\0\0\0\0\0\0\0\0\0\0\0', 2951973, '1948-06-27', '2015-10-08 19:18:16'),
(464, 'Matthew', 'Wilson', '1944-04-21', 'CTZAWK@OUIQRV.com', '3247839\0\0\0\0\0\0\0\0\0\0\0\0\0', 5429685, '1976-01-11', '2014-08-15 19:40:12'),
(465, 'Aby', 'Lloyd', '1990-02-25', 'NUJNIT@MBLQPT.com', '9535050\0\0\0\0\0\0\0\0\0\0\0\0\0', 4203014, '1966-04-21', '2015-05-11 16:22:30'),
(466, 'Ali', 'Richards', '1948-01-10', 'HXUMBU@XSAHCY.com', '5714596\0\0\0\0\0\0\0\0\0\0\0\0\0', 9666925, '2001-08-11', '2015-08-25 15:57:42'),
(467, 'Nevaeh', 'Cox', '1990-08-14', 'ELVSRA@LPMTHK.com', '7802705\0\0\0\0\0\0\0\0\0\0\0\0\0', 8532346, '1940-03-24', '2014-11-01 11:13:38'),
(468, 'Jordan', 'Williams', '1985-05-14', 'OQUAAQ@XWLDHI.com', '3684925\0\0\0\0\0\0\0\0\0\0\0\0\0', 8088469, '1990-05-24', '2014-03-24 10:23:55'),
(469, 'Delina', 'Price', '1971-06-22', 'PJHWMH@TVCRSU.com', '6749206\0\0\0\0\0\0\0\0\0\0\0\0\0', 9546495, '1997-01-27', '2015-05-27 16:12:55'),
(470, 'ason', 'Robinson', '1981-02-15', 'BTOQIL@AVVRXU.com', '8129886\0\0\0\0\0\0\0\0\0\0\0\0\0', 7161515, '1973-03-25', '2014-09-03 14:24:44'),
(471, 'Lily', 'Marshall', '1998-05-23', 'KANPOG@VUAMRT.com', '3805793\0\0\0\0\0\0\0\0\0\0\0\0\0', 1540867, '1963-05-26', '2015-06-11 12:32:29'),
(472, 'Blake', 'Gray', '1987-07-17', 'QDMOHT@GIWYZC.com', '7985553\0\0\0\0\0\0\0\0\0\0\0\0\0', 5804288, '1995-07-24', '2014-11-18 13:18:31'),
(473, 'Doris', 'Davis', '1990-01-16', 'SQOUXN@AKVRTJ.com', '7991283\0\0\0\0\0\0\0\0\0\0\0\0\0', 4399785, '1972-07-25', '2015-05-05 14:51:56'),
(474, 'Jordan', 'Knight', '1951-06-24', 'PARUHI@VZGXCK.com', '5886718\0\0\0\0\0\0\0\0\0\0\0\0\0', 8938165, '1954-07-16', '2015-07-10 22:20:31'),
(475, 'Peyton', 'Powell', '1969-02-24', 'IHIAJG@FGTZUI.com', '7898184\0\0\0\0\0\0\0\0\0\0\0\0\0', 6262980, '1958-02-16', '2014-01-17 19:10:23'),
(476, 'Alexander', 'Owen', '1942-03-24', 'WQHLML@AFPFJW.com', '1290148\0\0\0\0\0\0\0\0\0\0\0\0\0', 4492992, '1997-07-24', '2014-02-20 15:43:37'),
(477, 'Davina', 'Martin', '1989-03-24', 'WWXCTS@THCYFL.com', '3592788\0\0\0\0\0\0\0\0\0\0\0\0\0', 3275417, '2004-01-21', '2014-12-10 15:31:35'),
(478, 'Anthony', 'Hunt', '1999-02-12', 'GXIDQP@RUARDF.com', '5539550\0\0\0\0\0\0\0\0\0\0\0\0\0', 9245222, '1985-01-14', '2015-07-12 10:41:58'),
(479, 'Ceri', 'Carter', '1985-07-10', 'LKFYWY@FCUQYW.com', '8875398\0\0\0\0\0\0\0\0\0\0\0\0\0', 8657951, '1977-06-16', '2015-10-02 12:55:22'),
(480, 'Matthew', 'Harrison', '1992-04-16', 'HTGKAO@CZYTXD.com', '8399456\0\0\0\0\0\0\0\0\0\0\0\0\0', 7036800, '1959-06-24', '2014-02-08 10:51:25'),
(481, 'Alexia', 'Bailey', '1991-02-13', 'SJFGET@DTQNLK.com', '2906056\0\0\0\0\0\0\0\0\0\0\0\0\0', 7557697, '1989-06-18', '2014-05-01 22:11:22'),
(482, 'Max', 'Campbell', '1992-06-10', 'AIKXGO@FKMNYL.com', '9115896\0\0\0\0\0\0\0\0\0\0\0\0\0', 3336633, '1979-06-21', '2014-01-26 15:28:14'),
(483, 'Angeline', 'Bailey', '1945-01-16', 'RKKBEN@ACQKVG.com', '3443261\0\0\0\0\0\0\0\0\0\0\0\0\0', 5196186, '1959-01-20', '2015-12-23 21:36:47'),
(484, 'Jack', 'King', '2004-06-16', 'GYTXCL@UDBDFP.com', '7385998\0\0\0\0\0\0\0\0\0\0\0\0\0', 3434694, '1979-01-22', '2015-07-23 21:45:47'),
(485, 'Nichole', 'Collins', '1949-03-26', 'KSSYZY@VUWWKQ.com', '6377984\0\0\0\0\0\0\0\0\0\0\0\0\0', 4564235, '1958-01-22', '2014-01-03 14:35:53'),
(486, 'Zayn', 'Ellis', '1943-08-23', 'GDQKVY@CMGJPT.com', '7015078\0\0\0\0\0\0\0\0\0\0\0\0\0', 7127524, '1950-01-13', '2014-06-09 18:35:10'),
(487, 'Samira', 'Bailey', '1971-07-10', 'EFWZIP@DZCBWG.com', '7947393\0\0\0\0\0\0\0\0\0\0\0\0\0', 5103906, '1962-03-14', '2014-03-23 16:22:28'),
(488, 'Ethan', 'Williams', '1942-04-26', 'XOKIAK@ONQKEY.com', '2661504\0\0\0\0\0\0\0\0\0\0\0\0\0', 2454974, '1986-06-16', '2014-01-13 14:12:15'),
(489, 'Gwendolyn', 'Parker', '1976-03-26', 'ZMJGYW@JIUZVE.com', '5770207\0\0\0\0\0\0\0\0\0\0\0\0\0', 7237765, '1964-07-17', '2015-06-22 11:13:48'),
(490, 'Louis', 'Hunt', '1963-06-15', 'VMZOYB@QEGXOW.com', '2128372\0\0\0\0\0\0\0\0\0\0\0\0\0', 5945956, '1980-06-20', '2014-06-12 19:44:22'),
(491, 'Carys', 'Lloyd', '2004-08-18', 'HPPFAB@MWYFKD.com', '7510096\0\0\0\0\0\0\0\0\0\0\0\0\0', 4377244, '1971-07-11', '2015-08-18 16:39:51'),
(492, 'Justin', 'Wood', '1989-06-14', 'YXSBDZ@ELFZFC.com', '4151367\0\0\0\0\0\0\0\0\0\0\0\0\0', 3751496, '1979-08-13', '2015-02-21 14:37:46'),
(493, 'Makenzie', 'Bell', '1982-07-10', 'TYIGXP@UJXKDU.com', '3531286\0\0\0\0\0\0\0\0\0\0\0\0\0', 4703570, '1943-02-11', '2014-12-20 16:40:13'),
(494, 'Spencer', 'Taylor', '1963-02-23', 'XLRIYG@ZDCUUK.com', '9608999\0\0\0\0\0\0\0\0\0\0\0\0\0', 4997629, '2000-08-18', '2014-09-18 19:51:11'),
(495, 'Isabel', 'Davies', '1979-05-12', 'VNNNXA@JHKAVX.com', '3458427\0\0\0\0\0\0\0\0\0\0\0\0\0', 9833940, '1959-04-19', '2014-03-23 22:36:27'),
(496, 'Shawn', 'Parker', '1983-02-24', 'GOKYJO@KIWDUP.com', '9066731\0\0\0\0\0\0\0\0\0\0\0\0\0', 8393017, '1996-07-23', '2015-06-19 14:13:21'),
(497, 'Amy', 'Russell', '1979-01-23', 'JRRESW@ZICWXU.com', '8324563\0\0\0\0\0\0\0\0\0\0\0\0\0', 3009554, '1956-05-23', '2014-12-03 17:54:54'),
(498, 'Tyler', 'Clark', '1942-01-15', 'BDNHMJ@UIYAZS.com', '1894164\0\0\0\0\0\0\0\0\0\0\0\0\0', 7325525, '1955-01-27', '2015-11-16 19:47:57'),
(499, 'Gaynor', 'Bennett', '1970-05-15', 'DESRYW@IAOGIM.com', '4621181\0\0\0\0\0\0\0\0\0\0\0\0\0', 7576443, '2004-07-25', '2015-01-24 13:44:20'),
(500, 'Brandon', 'Thomas', '1970-03-20', 'EUHAHB@RLOWEO.com', '4012175\0\0\0\0\0\0\0\0\0\0\0\0\0', 2181258, '1969-03-17', '2015-07-22 21:48:50'),
(501, 'Melinda', 'Watson', '1998-05-27', 'PDRZXC@JLESNA.com', '7935139\0\0\0\0\0\0\0\0\0\0\0\0\0', 6388804, '1998-08-18', '2014-02-06 12:41:52'),
(502, 'Jaes', 'Griffiths', '1953-02-19', 'BYLXGN@BRZIRB.com', '1985841\0\0\0\0\0\0\0\0\0\0\0\0\0', 8009973, '2004-04-11', '2014-03-07 16:13:57'),
(503, 'Addie', 'Cooper', '1955-02-23', 'UNSPII@RTGOPT.com', '3747574\0\0\0\0\0\0\0\0\0\0\0\0\0', 4165025, '1942-02-17', '2014-11-04 14:24:51'),
(504, 'ason', 'Phillips', '1969-03-27', 'IEHQQO@THRSZN.com', '5620665\0\0\0\0\0\0\0\0\0\0\0\0\0', 6229715, '1995-06-23', '2015-08-21 13:42:43'),
(505, 'Venus', 'Harrison', '2002-03-23', 'FRETSZ@CDBMSM.com', '9539507\0\0\0\0\0\0\0\0\0\0\0\0\0', 6990920, '2001-02-27', '2014-12-20 15:23:28'),
(506, 'Andrew', 'Wilson', '1940-05-23', 'KUUONG@QTZQGR.com', '8600595\0\0\0\0\0\0\0\0\0\0\0\0\0', 7236227, '1977-08-24', '2014-11-27 21:20:19'),
(507, 'Eva', 'Roberts', '1942-02-15', 'FLXJBB@NVCWXF.com', '7725346\0\0\0\0\0\0\0\0\0\0\0\0\0', 3085812, '1992-03-24', '2015-09-22 22:36:43'),
(508, 'Christopher', 'Williams', '1950-03-23', 'NBKHDA@QJPIHA.com', '3823504\0\0\0\0\0\0\0\0\0\0\0\0\0', 2977289, '1986-01-24', '2015-02-22 21:28:54'),
(509, 'Jessie', 'White', '1951-06-11', 'QNDVLO@YHILIF.com', '2783123\0\0\0\0\0\0\0\0\0\0\0\0\0', 6762846, '1964-06-12', '2015-06-26 12:17:26'),
(510, 'Luke', 'Begum', '1999-01-21', 'YQVQGL@KGYFRP.com', '6389103\0\0\0\0\0\0\0\0\0\0\0\0\0', 3369352, '1973-03-18', '2015-02-01 14:41:58'),
(511, 'Miracle', 'Ali', '1958-05-26', 'POAXTF@OWNBPO.com', '9387871\0\0\0\0\0\0\0\0\0\0\0\0\0', 7218373, '1963-07-17', '2015-10-04 22:36:49'),
(512, 'JacksonWillia', 'Lewis', '1990-08-18', 'DQSWDW@SVFBJJ.com', '7968024\0\0\0\0\0\0\0\0\0\0\0\0\0', 7032134, '1974-03-11', '2014-09-11 10:34:22'),
(513, 'Raina', 'Fisher', '1955-06-22', 'XLKNME@TNAHMT.com', '6153133\0\0\0\0\0\0\0\0\0\0\0\0\0', 8873765, '1978-07-17', '2015-08-17 11:43:37'),
(514, 'Zayn', 'Dixon', '1943-04-24', 'CZBKXZ@MQLTWZ.com', '7641180\0\0\0\0\0\0\0\0\0\0\0\0\0', 4220075, '1943-04-11', '2015-06-15 19:14:43'),
(515, 'Mirabel', 'Wilkinson', '1945-07-16', 'BNTZQY@ZBWZIM.com', '7738283\0\0\0\0\0\0\0\0\0\0\0\0\0', 5439170, '1958-03-23', '2014-07-07 22:27:34'),
(516, 'Joshua', 'Bailey', '1983-03-13', 'DIAKKB@QYKFKY.com', '1219511\0\0\0\0\0\0\0\0\0\0\0\0\0', 6817665, '1990-07-14', '2014-05-15 15:11:51'),
(517, 'Enya', 'Davis', '1950-07-20', 'DIQIWX@JKHQSY.com', '3174866\0\0\0\0\0\0\0\0\0\0\0\0\0', 5706781, '1987-04-22', '2015-07-02 11:44:55'),
(518, 'ason', 'Carter', '1996-02-12', 'OUEIAL@NIFTEJ.com', '3547918\0\0\0\0\0\0\0\0\0\0\0\0\0', 8170675, '1967-08-15', '2015-02-01 15:15:42'),
(519, 'Catherine', 'Phillips', '1944-02-11', 'IPJNLL@NTGGZV.com', '7910947\0\0\0\0\0\0\0\0\0\0\0\0\0', 4865595, '1998-03-12', '2015-12-20 22:16:10'),
(520, 'Brandon', 'Marshall', '1958-07-10', 'OBDFIZ@FWVMZW.com', '6744050\0\0\0\0\0\0\0\0\0\0\0\0\0', 4157969, '1952-06-10', '2014-01-13 20:53:17'),
(521, 'Jaqueline', 'Simpson', '1949-02-11', 'CHFIYF@NXFRTD.com', '5922733\0\0\0\0\0\0\0\0\0\0\0\0\0', 9710372, '1998-08-22', '2015-05-04 12:45:19'),
(522, 'Joshua', 'Hussain', '1959-01-16', 'ITQLTX@IOALOM.com', '7466012\0\0\0\0\0\0\0\0\0\0\0\0\0', 3955593, '1947-08-18', '2015-01-05 20:40:40'),
(523, 'Keira', 'Patel', '1994-02-14', 'NZEINV@RFPXWY.com', '7629445\0\0\0\0\0\0\0\0\0\0\0\0\0', 1847649, '1941-05-11', '2015-07-26 21:29:11'),
(524, 'Kyle', 'Cox', '1955-05-16', 'RBYXTH@TEXITY.com', '8759407\0\0\0\0\0\0\0\0\0\0\0\0\0', 5679917, '1966-05-20', '2015-11-06 14:23:31'),
(525, 'Kayla', 'Shaw', '1981-06-17', 'JLSZDA@XQBDLK.com', '7436108\0\0\0\0\0\0\0\0\0\0\0\0\0', 4462843, '1962-06-17', '2014-02-20 10:24:13'),
(526, 'Louis', 'Collins', '1957-04-18', 'YGJVSZ@ONASZX.com', '4481338\0\0\0\0\0\0\0\0\0\0\0\0\0', 2573042, '1971-07-16', '2014-07-25 20:40:43'),
(527, 'Hayley', 'Clark', '1952-05-10', 'UJUJAU@VAJIJU.com', '9419437\0\0\0\0\0\0\0\0\0\0\0\0\0', 4175809, '2002-04-12', '2014-09-20 13:15:46'),
(528, 'Justin', 'Holmes', '1991-06-13', 'EEHJBP@TAEVQA.com', '5979892\0\0\0\0\0\0\0\0\0\0\0\0\0', 7747502, '1955-03-20', '2014-03-03 12:35:52'),
(529, 'Kaitlyn', 'Davies', '1986-03-17', 'MWUOAT@LLKTXC.com', '9272669\0\0\0\0\0\0\0\0\0\0\0\0\0', 2075777, '1962-04-21', '2015-06-03 19:39:45'),
(530, 'Jordan', 'Hughes', '1999-07-25', 'AGQTJD@JVNUTG.com', '4556798\0\0\0\0\0\0\0\0\0\0\0\0\0', 1413208, '1992-05-22', '2014-05-12 22:45:10'),
(531, 'Ilse', 'Davis', '1980-07-12', 'NNOZIQ@YZSNRV.com', '8175514\0\0\0\0\0\0\0\0\0\0\0\0\0', 2615628, '1994-01-26', '2015-05-06 22:10:57'),
(532, 'Luke', 'Shaw', '1965-07-27', 'OYPENJ@JBJDUA.com', '4735077\0\0\0\0\0\0\0\0\0\0\0\0\0', 9580234, '1972-06-10', '2015-02-16 20:50:16'),
(533, 'Ayla', 'Barker', '1944-04-27', 'JJSSHJ@IJDIFQ.com', '2015213\0\0\0\0\0\0\0\0\0\0\0\0\0', 7580598, '1977-02-10', '2014-03-16 13:45:42'),
(534, 'Jonah', 'Miller', '1950-06-21', 'PFLVJK@NLEQCF.com', '7303326\0\0\0\0\0\0\0\0\0\0\0\0\0', 1304768, '1951-01-17', '2015-09-06 10:46:28'),
(535, 'Brittney', 'Hunt', '1969-08-26', 'DTLRSA@MJXENR.com', '6755177\0\0\0\0\0\0\0\0\0\0\0\0\0', 2332242, '1955-05-22', '2014-08-01 17:30:43'),
(536, 'Lia', 'Palmer', '2003-08-23', 'INBHPD@OHBRZX.com', '1004361\0\0\0\0\0\0\0\0\0\0\0\0\0', 2692825, '1974-02-17', '2014-06-25 18:42:43'),
(537, 'Gabriela', 'Harvey', '2002-06-10', 'DKNDOV@KYLAMY.com', '3902506\0\0\0\0\0\0\0\0\0\0\0\0\0', 7878648, '1960-04-27', '2015-08-20 21:44:54'),
(538, 'Alexander', 'Mitchell', '1983-08-25', 'UTHTZU@BBSOKC.com', '2884527\0\0\0\0\0\0\0\0\0\0\0\0\0', 7856212, '1981-07-15', '2014-08-12 10:39:54'),
(539, 'Cathalina', 'Moore', '1982-06-24', 'ACVQJZ@YMFLNB.com', '2398744\0\0\0\0\0\0\0\0\0\0\0\0\0', 4089857, '1961-05-11', '2014-10-22 16:48:26'),
(540, 'Aiden', 'Powell', '1947-03-11', 'IYMKEG@OBRVGA.com', '9702277\0\0\0\0\0\0\0\0\0\0\0\0\0', 9337235, '1969-06-20', '2014-10-01 16:25:33'),
(541, 'Stacy', 'Parker', '1953-03-18', 'XFKWGI@FPAAYS.com', '4527522\0\0\0\0\0\0\0\0\0\0\0\0\0', 7444488, '1989-04-15', '2014-03-13 17:51:44'),
(542, 'JacksonWillia', 'Thompson', '1999-02-26', 'IJIBUM@UKLJKO.com', '2221223\0\0\0\0\0\0\0\0\0\0\0\0\0', 9888346, '1953-02-27', '2015-06-19 11:12:22'),
(543, 'Karissa', 'King', '2003-06-14', 'PCPTAV@RKJNTY.com', '4997699\0\0\0\0\0\0\0\0\0\0\0\0\0', 4662058, '1999-01-21', '2015-01-06 12:27:19'),
(544, 'Christopher', 'Fisher', '1961-01-13', 'KLMWPZ@TSYGRC.com', '5623518\0\0\0\0\0\0\0\0\0\0\0\0\0', 8891535, '2000-07-16', '2014-01-11 14:34:28'),
(545, 'Saire', 'Adams', '1959-03-22', 'XGFTLV@PDFLXG.com', '2933697\0\0\0\0\0\0\0\0\0\0\0\0\0', 5268165, '1940-02-21', '2015-09-07 17:15:37'),
(546, 'Aaron', 'Ellis', '1967-02-27', 'JHPEKZ@GDNZBQ.com', '7624283\0\0\0\0\0\0\0\0\0\0\0\0\0', 1272506, '1971-05-27', '2015-04-08 21:23:57'),
(547, 'Mirabelle', 'Clarke', '1999-02-13', 'RNLZVQ@QNNTDD.com', '2948329\0\0\0\0\0\0\0\0\0\0\0\0\0', 3432635, '2003-07-25', '2014-09-07 15:48:28'),
(548, 'Max', 'Matthews', '1997-06-16', 'DLVQKV@IFWGXS.com', '5738874\0\0\0\0\0\0\0\0\0\0\0\0\0', 6782021, '1998-01-22', '2015-11-03 10:17:41'),
(549, 'Elva', 'Turner', '1981-06-23', 'YKKNKB@HYQRVG.com', '7376149\0\0\0\0\0\0\0\0\0\0\0\0\0', 7288111, '1998-04-24', '2015-10-02 22:51:44'),
(550, 'Spencer', 'Walker', '1991-06-12', 'FTXYGM@FWLHOV.com', '8338689\0\0\0\0\0\0\0\0\0\0\0\0\0', 7679995, '1988-06-17', '2014-02-21 13:20:57'),
(551, 'Taylor', 'Wilson', '1989-07-18', 'LXLLWZ@ZLGIIC.com', '9969447\0\0\0\0\0\0\0\0\0\0\0\0\0', 1299205, '1980-07-15', '2015-01-08 21:39:50'),
(552, 'Daniel', 'Davies', '1965-04-17', 'CJZQLS@QYWVPW.com', '8665823\0\0\0\0\0\0\0\0\0\0\0\0\0', 5912268, '1974-08-20', '2014-05-18 21:54:37'),
(553, 'Alex', 'Bell', '2004-06-26', 'TOMCSL@EERHCP.com', '2500173\0\0\0\0\0\0\0\0\0\0\0\0\0', 4738468, '1960-02-13', '2014-10-15 12:56:40'),
(554, 'Matthew', 'Clark', '1974-03-16', 'VOEGPN@VOKSXN.com', '4032558\0\0\0\0\0\0\0\0\0\0\0\0\0', 2233669, '2002-02-20', '2014-06-16 11:35:35'),
(555, 'Candis', 'Lloyd', '1976-02-18', 'RNKPFX@IYVGZB.com', '1101243\0\0\0\0\0\0\0\0\0\0\0\0\0', 6509942, '1992-06-25', '2014-09-25 22:46:52'),
(556, 'Lia', 'Ward', '1943-02-12', 'FQRZMB@SCLRMZ.com', '9975729\0\0\0\0\0\0\0\0\0\0\0\0\0', 9541851, '2004-08-19', '2015-12-24 11:59:59'),
(557, 'Shary', 'Jones', '1974-04-11', 'HWUDJY@HQMKMW.com', '5651444\0\0\0\0\0\0\0\0\0\0\0\0\0', 6822565, '1962-08-12', '2015-04-04 18:54:52'),
(558, 'Luke', 'Stevens', '1973-07-23', 'VNXEWS@GUJYKU.com', '1717527\0\0\0\0\0\0\0\0\0\0\0\0\0', 9276320, '1965-04-15', '2014-08-18 14:28:29'),
(559, 'Hyacinth', 'Turner', '1964-01-21', 'ULVJGT@GCMGKE.com', '8169410\0\0\0\0\0\0\0\0\0\0\0\0\0', 9829663, '1982-06-25', '2015-01-02 17:27:26'),
(560, 'Jacob', 'Scott', '2003-05-12', 'KBCUII@OJQJAX.com', '1321463\0\0\0\0\0\0\0\0\0\0\0\0\0', 1428363, '1960-02-25', '2015-08-10 10:27:44'),
(561, 'Aggie', 'Adams', '1987-03-23', 'SWGEND@MEYXNB.com', '7491961\0\0\0\0\0\0\0\0\0\0\0\0\0', 3361809, '1965-05-13', '2014-04-13 16:34:22'),
(562, 'Alex', 'Barnes', '1946-04-12', 'UKXZZB@SKIBLC.com', '2967251\0\0\0\0\0\0\0\0\0\0\0\0\0', 6668467, '1995-03-21', '2014-06-25 13:41:11'),
(563, 'Ginny', 'Anderson', '1947-05-11', 'ECUQWY@AKUUZI.com', '8771513\0\0\0\0\0\0\0\0\0\0\0\0\0', 3087278, '1996-03-11', '2014-05-19 19:24:29'),
(564, 'Lia', 'Shaw', '1954-04-10', 'CZRJFP@GKZAMC.com', '7305558\0\0\0\0\0\0\0\0\0\0\0\0\0', 3688338, '1952-08-22', '2014-09-09 13:16:42'),
(565, 'Allyson', 'Smith', '1953-01-22', 'CMYJMH@FMZCNW.com', '7443370\0\0\0\0\0\0\0\0\0\0\0\0\0', 3704360, '1948-02-19', '2014-07-23 10:10:49'),
(566, 'Brian', 'Williams', '1961-05-25', 'HTPAOB@HEFPVO.com', '7858454\0\0\0\0\0\0\0\0\0\0\0\0\0', 4088388, '2000-06-25', '2014-11-14 16:58:50'),
(567, 'Odalis', 'Phillips', '1992-06-14', 'FHGBXA@JUJATK.com', '3164415\0\0\0\0\0\0\0\0\0\0\0\0\0', 3020660, '1951-06-23', '2014-03-24 13:19:55'),
(568, 'Joseph', 'Wilson', '1962-02-22', 'RWKWER@SJMQAM.com', '3461715\0\0\0\0\0\0\0\0\0\0\0\0\0', 3161480, '1953-03-15', '2015-12-04 12:53:33'),
(569, 'Tiara', 'Watson', '1947-08-21', 'FHIFYB@KBQSCA.com', '6128243\0\0\0\0\0\0\0\0\0\0\0\0\0', 6088456, '1956-07-14', '2015-08-27 20:45:12'),
(570, 'David', 'Taylor', '1998-03-11', 'UFYITK@MXVFFV.com', '5472055\0\0\0\0\0\0\0\0\0\0\0\0\0', 9612733, '1987-06-10', '2015-10-23 13:49:26'),
(571, 'Shelia', 'Bell', '1966-01-19', 'REOWEQ@XFYWLL.com', '9786127\0\0\0\0\0\0\0\0\0\0\0\0\0', 9107743, '1944-02-19', '2014-02-11 10:43:43'),
(572, 'Christopher', 'Singh', '1995-04-15', 'BDMOIA@KKHRPV.com', '8815380\0\0\0\0\0\0\0\0\0\0\0\0\0', 7959269, '1973-08-24', '2015-10-20 15:36:55'),
(573, 'Becca', 'Chapman', '1986-01-16', 'QOIZCG@YLIFZY.com', '2014307\0\0\0\0\0\0\0\0\0\0\0\0\0', 2199154, '1974-01-25', '2014-08-23 13:21:56'),
(574, 'Adam', 'James', '1971-05-24', 'LJAPGJ@DSVAYS.com', '9211818\0\0\0\0\0\0\0\0\0\0\0\0\0', 2831972, '1985-06-17', '2014-10-09 11:31:26'),
(575, 'Xena', 'Campbell', '1941-06-27', 'STRXVY@IXZDNE.com', '5859785\0\0\0\0\0\0\0\0\0\0\0\0\0', 2244864, '1986-03-14', '2015-04-23 19:27:49'),
(576, 'Lia', 'Butler', '1948-03-27', 'LKEXYY@ALEEWU.com', '4654367\0\0\0\0\0\0\0\0\0\0\0\0\0', 3527936, '1980-04-16', '2015-01-21 18:54:22'),
(577, 'Maddy', 'Parker', '1945-07-11', 'OLQOXZ@PLIWPB.com', '5650727\0\0\0\0\0\0\0\0\0\0\0\0\0', 5757062, '2003-04-24', '2015-07-14 11:46:26'),
(578, 'Spencer', 'Butler', '1991-05-26', 'GLGAXQ@FMPWSZ.com', '9265157\0\0\0\0\0\0\0\0\0\0\0\0\0', 1742881, '2003-06-13', '2015-07-01 15:14:31'),
(579, 'Goldie', 'Russell', '1974-06-26', 'RIOYTD@GVNVTC.com', '8358698\0\0\0\0\0\0\0\0\0\0\0\0\0', 6245125, '1989-07-11', '2015-10-08 14:49:27'),
(580, 'Michael', 'Young', '2001-02-11', 'SCVDCD@AEVQEW.com', '1462360\0\0\0\0\0\0\0\0\0\0\0\0\0', 2910353, '1941-04-25', '2014-12-14 17:53:29'),
(581, 'Adelaide', 'Morris', '1977-05-12', 'NTDWOL@ONUUHQ.com', '2352075\0\0\0\0\0\0\0\0\0\0\0\0\0', 3652353, '1994-05-26', '2014-09-12 18:35:45'),
(582, 'Jaes', 'Bell', '1941-08-15', 'FLETPF@SJOOAO.com', '3754430\0\0\0\0\0\0\0\0\0\0\0\0\0', 4799676, '1995-01-27', '2015-10-27 10:50:26'),
(583, 'Casey', 'Mitchell', '2004-05-10', 'OKWRUI@OUNPGV.com', '1358478\0\0\0\0\0\0\0\0\0\0\0\0\0', 2825023, '1971-07-11', '2015-04-02 16:54:59'),
(584, 'Harry', 'Jackson', '1970-06-18', 'UZHWVP@GLLTHD.com', '1191878\0\0\0\0\0\0\0\0\0\0\0\0\0', 3213231, '1982-02-16', '2015-05-16 18:46:31'),
(585, 'Stacy', 'Clarke', '1983-03-10', 'QWCPAR@OWJVVF.com', '7428223\0\0\0\0\0\0\0\0\0\0\0\0\0', 4720837, '1951-03-21', '2015-12-08 22:24:57'),
(586, 'Jacob', 'Khan', '1953-07-16', 'ROIPNO@QDPJSZ.com', '5579754\0\0\0\0\0\0\0\0\0\0\0\0\0', 9500251, '2000-06-25', '2015-10-27 13:27:19'),
(587, 'Astrid', 'Moore', '1940-08-16', 'UESXRG@HJXCTL.com', '1607732\0\0\0\0\0\0\0\0\0\0\0\0\0', 7604636, '1998-06-18', '2015-10-14 10:32:21'),
(588, 'Blake', 'Mills', '1997-02-24', 'OCURHE@UEDLHO.com', '3505934\0\0\0\0\0\0\0\0\0\0\0\0\0', 3091537, '1969-01-16', '2014-11-10 17:29:35'),
(589, 'Penelope', 'Richardson', '1963-04-25', 'ERDFKY@LMLTLQ.com', '1714191\0\0\0\0\0\0\0\0\0\0\0\0\0', 5286352, '1990-07-19', '2015-11-18 13:43:54'),
(590, 'Adam', 'Rogers', '1941-03-21', 'BXSZCQ@MHUYQY.com', '4178111\0\0\0\0\0\0\0\0\0\0\0\0\0', 6787590, '1955-02-22', '2015-12-11 10:59:32'),
(591, 'Apple', 'Khan', '2002-01-12', 'WKBMGL@JKZFJY.com', '5536057\0\0\0\0\0\0\0\0\0\0\0\0\0', 2073581, '2002-07-26', '2015-05-24 20:12:57'),
(592, 'Jonah', 'Webb', '1951-01-14', 'NTEFTS@PRNIVR.com', '7717493\0\0\0\0\0\0\0\0\0\0\0\0\0', 7096464, '1976-02-23', '2014-11-09 15:21:32'),
(593, 'Jaida', 'Price', '1954-02-14', 'CJCACS@NSLQEE.com', '8730601\0\0\0\0\0\0\0\0\0\0\0\0\0', 6151490, '1994-08-13', '2014-04-21 14:29:32'),
(594, 'Christopher', 'Singh', '1955-08-13', 'YWXCYI@WQLYUD.com', '3006994\0\0\0\0\0\0\0\0\0\0\0\0\0', 5482726, '1954-05-20', '2015-08-08 17:49:39'),
(595, 'Brie', 'Matthews', '1962-06-19', 'VWGZGF@WEVCHG.com', '6658203\0\0\0\0\0\0\0\0\0\0\0\0\0', 6215008, '1984-04-14', '2015-05-22 14:52:45'),
(596, 'Jayden', 'Barker', '1966-02-15', 'XLYZAK@BZSIIO.com', '3019809\0\0\0\0\0\0\0\0\0\0\0\0\0', 2604194, '1955-05-18', '2015-12-04 22:36:29'),
(597, 'Trixie', 'Taylor', '1970-06-11', 'MLCICM@EEBTMX.com', '7774361\0\0\0\0\0\0\0\0\0\0\0\0\0', 1608411, '1940-02-23', '2015-08-08 19:48:51'),
(598, 'David', 'Evans', '1951-01-10', 'ZFFPCZ@MYTCYN.com', '7431768\0\0\0\0\0\0\0\0\0\0\0\0\0', 7483713, '1995-07-14', '2014-09-04 21:39:12'),
(599, 'Kelsey', 'Matthews', '2001-04-20', 'GECWOP@DJVZWN.com', '9334967\0\0\0\0\0\0\0\0\0\0\0\0\0', 1285446, '1983-01-13', '2015-12-05 19:40:51'),
(600, 'Noah', 'Ellis', '1967-05-17', 'GMIUBK@PDYYTD.com', '3576664\0\0\0\0\0\0\0\0\0\0\0\0\0', 3553888, '1988-08-25', '2015-04-18 12:12:27'),
(601, 'Bryony', 'Wright', '1958-05-25', 'YPQMTF@BNPPEY.com', '3815823\0\0\0\0\0\0\0\0\0\0\0\0\0', 5893561, '1954-08-25', '2014-09-13 17:12:53'),
(602, 'Joshua', 'Dixon', '2000-04-21', 'BRHWIV@HIPFCZ.com', '7658024\0\0\0\0\0\0\0\0\0\0\0\0\0', 1361791, '1965-04-15', '2015-01-21 20:24:56'),
(603, 'Carly', 'Davis', '1995-03-17', 'JSIIPB@VYJGCO.com', '1238666\0\0\0\0\0\0\0\0\0\0\0\0\0', 6635533, '1942-01-25', '2014-10-22 12:52:11'),
(604, 'Zayn', 'White', '1982-05-26', 'FJANIL@HSWFEH.com', '2872830\0\0\0\0\0\0\0\0\0\0\0\0\0', 8846400, '1961-08-19', '2014-08-17 15:39:16'),
(605, 'Camila', 'Thomas', '1979-02-15', 'LXGRSU@GFRHMO.com', '5538199\0\0\0\0\0\0\0\0\0\0\0\0\0', 8210589, '1953-02-25', '2015-08-16 19:42:47'),
(606, 'Nathan', 'Hall', '1989-01-12', 'KXYPQN@CWKPJQ.com', '1489655\0\0\0\0\0\0\0\0\0\0\0\0\0', 8092647, '1965-02-22', '2015-03-11 16:10:30'),
(607, 'Angeline', 'Thompson', '1969-02-16', 'BGZZSF@LSMUXA.com', '2225586\0\0\0\0\0\0\0\0\0\0\0\0\0', 2007494, '1997-08-26', '2014-04-24 16:18:51'),
(608, 'Blake', 'Williams', '1942-01-27', 'JSWAMO@YPMRDC.com', '7602906\0\0\0\0\0\0\0\0\0\0\0\0\0', 2595994, '1957-02-27', '2015-03-12 15:32:23'),
(609, 'Julie', 'Thompson', '1989-07-14', 'JAOAHM@GQSXRV.com', '4653663\0\0\0\0\0\0\0\0\0\0\0\0\0', 4061926, '1994-01-10', '2015-02-15 12:48:18'),
(610, 'ason', 'Harrison', '1960-05-20', 'UZHTXB@WAEIMK.com', '9230361\0\0\0\0\0\0\0\0\0\0\0\0\0', 8681313, '1987-08-16', '2015-05-24 10:20:55'),
(611, 'Haylee', 'Harvey', '1971-08-20', 'FQDSJW@HUNDMY.com', '4508845\0\0\0\0\0\0\0\0\0\0\0\0\0', 9805407, '1971-05-20', '2014-08-18 11:54:55'),
(612, 'Noah', 'Jones', '1973-04-13', 'UKAVTO@WDMSGN.com', '8691601\0\0\0\0\0\0\0\0\0\0\0\0\0', 7991910, '1950-07-27', '2015-01-07 15:56:11'),
(613, 'Brooke', 'Morris', '1985-04-10', 'LIXOSM@BNOCEW.com', '3763060\0\0\0\0\0\0\0\0\0\0\0\0\0', 6762068, '1953-06-21', '2014-02-25 10:18:34'),
(614, 'Ryan', 'Phillips', '1941-02-24', 'HFARUZ@WDVMFZ.com', '5054918\0\0\0\0\0\0\0\0\0\0\0\0\0', 5742196, '1959-01-16', '2015-03-03 12:42:30'),
(615, 'Audra', 'Scott', '1980-06-15', 'UXJUMR@XTNEKY.com', '7837528\0\0\0\0\0\0\0\0\0\0\0\0\0', 4097705, '1968-08-19', '2015-01-13 15:46:33'),
(616, 'Harry', 'Roberts', '1951-04-19', 'YZCOXB@MUNXMK.com', '6628968\0\0\0\0\0\0\0\0\0\0\0\0\0', 7318331, '1996-01-27', '2015-04-27 20:10:24'),
(617, 'Sophie', 'Morgan', '1997-07-26', 'ISWGTM@OUIGJS.com', '1060612\0\0\0\0\0\0\0\0\0\0\0\0\0', 1156998, '1997-05-13', '2014-10-06 18:55:43'),
(618, 'Niall', 'Moore', '1966-02-15', 'TSQXBR@MQMENJ.com', '1171345\0\0\0\0\0\0\0\0\0\0\0\0\0', 1050953, '1962-03-11', '2015-07-02 18:29:58'),
(619, 'Elva', 'Murray', '1961-03-23', 'VTPKSR@XRGMJQ.com', '5702896\0\0\0\0\0\0\0\0\0\0\0\0\0', 7040723, '1984-08-18', '2015-06-10 19:23:12'),
(620, 'Ali', 'Campbell', '1994-03-25', 'UCJUYN@EGAPIU.com', '1226565\0\0\0\0\0\0\0\0\0\0\0\0\0', 4173584, '1958-04-18', '2015-01-03 15:48:37'),
(621, 'Ayesha', 'Powell', '1962-06-20', 'RUUKZL@QNNLMG.com', '7048988\0\0\0\0\0\0\0\0\0\0\0\0\0', 9844475, '1994-06-24', '2014-02-26 12:42:40'),
(622, 'Christopher', 'Lewis', '1994-01-17', 'WQMRZA@AJIDYP.com', '6809457\0\0\0\0\0\0\0\0\0\0\0\0\0', 2675301, '1965-01-18', '2015-11-16 22:25:18'),
(623, 'Liz', 'Clark', '1961-05-14', 'SESWRN@EUVSJN.com', '5404883\0\0\0\0\0\0\0\0\0\0\0\0\0', 8191851, '1991-05-22', '2014-10-02 10:46:14'),
(624, 'Aaron', 'Martin', '1960-01-25', 'YHJCPE@JLIHQF.com', '8497837\0\0\0\0\0\0\0\0\0\0\0\0\0', 5800318, '1960-07-18', '2015-09-06 16:50:40'),
(625, 'Annette', 'Harvey', '1970-03-19', 'NMHENR@HQEHYY.com', '1504170\0\0\0\0\0\0\0\0\0\0\0\0\0', 8439443, '1986-04-24', '2015-10-26 18:27:35'),
(626, 'Jonah', 'Miller', '1987-05-27', 'TIDZHL@PQHSJE.com', '9967931\0\0\0\0\0\0\0\0\0\0\0\0\0', 4803058, '1970-08-22', '2015-11-27 11:34:47'),
(627, 'Paula', 'Edwards', '1943-04-21', 'VFWJSV@FTBGWK.com', '7133951\0\0\0\0\0\0\0\0\0\0\0\0\0', 4339171, '1978-07-14', '2014-11-02 14:14:27'),
(628, 'Louis', 'Ellis', '1941-07-23', 'TNXNYV@ZAWOWL.com', '2314311\0\0\0\0\0\0\0\0\0\0\0\0\0', 6433211, '1968-01-14', '2015-12-13 21:21:11'),
(629, 'Alexandria', 'Ali', '1985-05-15', 'PWLWDV@YJLYZX.com', '2113659\0\0\0\0\0\0\0\0\0\0\0\0\0', 7463246, '1999-02-15', '2015-10-07 16:54:12'),
(630, 'Aaron', 'Carter', '2002-08-15', 'EAKJOS@KPBIML.com', '5246245\0\0\0\0\0\0\0\0\0\0\0\0\0', 2321974, '1973-07-15', '2014-10-15 11:59:13'),
(631, 'Billie', 'Stevens', '2000-08-21', 'DGUBDH@QTFAMZ.com', '1185489\0\0\0\0\0\0\0\0\0\0\0\0\0', 9410761, '1945-07-21', '2014-09-11 11:32:49'),
(632, 'David', 'Phillips', '1944-06-16', 'IQGTQV@XPVODW.com', '8282711\0\0\0\0\0\0\0\0\0\0\0\0\0', 7834144, '1971-04-22', '2015-08-22 22:57:44'),
(633, 'Sherri', 'Bailey', '1978-07-10', 'HEBGBG@NKBCRH.com', '5154813\0\0\0\0\0\0\0\0\0\0\0\0\0', 6404362, '1957-05-12', '2015-07-06 14:36:12'),
(634, 'Kyle', 'Young', '1966-01-16', 'JGNEAQ@ZTIYFV.com', '1598980\0\0\0\0\0\0\0\0\0\0\0\0\0', 3593241, '1995-03-19', '2014-02-27 13:41:47'),
(635, 'Cara', 'Holmes', '1980-01-10', 'ZQEBVQ@NVDSSX.com', '1497991\0\0\0\0\0\0\0\0\0\0\0\0\0', 5766988, '1957-04-21', '2014-10-18 19:16:13'),
(636, 'Matthew', 'Patel', '1985-01-11', 'THLEPJ@UPUNST.com', '1628866\0\0\0\0\0\0\0\0\0\0\0\0\0', 8375779, '1942-02-26', '2015-12-18 20:28:19'),
(637, 'Clarissa', 'Hill', '1940-06-16', 'DHQCYH@CISBEF.com', '2058558\0\0\0\0\0\0\0\0\0\0\0\0\0', 1336585, '1966-05-18', '2014-12-16 19:53:26'),
(638, 'Joshua', 'Hunt', '1966-02-16', 'YOJCZR@SHUTZB.com', '7949838\0\0\0\0\0\0\0\0\0\0\0\0\0', 2444002, '1993-07-13', '2014-06-18 11:26:20'),
(639, 'Maritza', 'Cook', '1996-08-20', 'MLJZAF@ICBZFR.com', '8341309\0\0\0\0\0\0\0\0\0\0\0\0\0', 6442429, '1960-02-24', '2014-03-03 22:18:24'),
(640, 'Matthew', 'Matthews', '1947-08-18', 'PUJQAB@DFSGEI.com', '7006800\0\0\0\0\0\0\0\0\0\0\0\0\0', 9421788, '1976-03-19', '2015-06-12 13:57:48'),
(641, 'Odalys', 'Lee', '1951-04-17', 'FCYHIF@TQKSKR.com', '1738154\0\0\0\0\0\0\0\0\0\0\0\0\0', 1318760, '1950-03-24', '2014-10-07 19:21:52'),
(642, 'Jonah', 'Roberts', '1963-07-16', 'CMXETM@VXXMPV.com', '7211992\0\0\0\0\0\0\0\0\0\0\0\0\0', 6751865, '1984-04-23', '2015-02-27 11:25:32'),
(643, 'Marisol', 'Green', '1971-05-16', 'QHRINY@MPFJLV.com', '7989938\0\0\0\0\0\0\0\0\0\0\0\0\0', 9153610, '1949-01-23', '2014-10-16 15:43:34'),
(644, 'Kevin', 'King', '1963-04-27', 'FUJJSE@TLGUEC.com', '5160036\0\0\0\0\0\0\0\0\0\0\0\0\0', 7139203, '1961-02-23', '2014-04-05 19:31:18'),
(645, 'Cheyenne', 'Harris', '1973-04-16', 'SSBEVN@XTFZVV.com', '4982671\0\0\0\0\0\0\0\0\0\0\0\0\0', 8056679, '1974-02-22', '2015-03-24 22:43:44'),
(646, 'JacksonWillia', 'Green', '1974-03-24', 'VMINFK@EFUOED.com', '7008408\0\0\0\0\0\0\0\0\0\0\0\0\0', 7937638, '1982-03-26', '2014-10-09 20:28:58'),
(647, 'Clare', 'Wood', '1999-06-18', 'JRKEDJ@TFRFHU.com', '9727427\0\0\0\0\0\0\0\0\0\0\0\0\0', 4962820, '1976-04-21', '2015-06-18 19:42:46'),
(648, 'Louis', 'Morgan', '1992-01-27', 'BRLVQG@JDCYJY.com', '5023044\0\0\0\0\0\0\0\0\0\0\0\0\0', 8298351, '1943-04-22', '2014-03-18 19:27:44'),
(649, 'Teagan', 'Lewis', '1983-03-26', 'JRGCSL@TNHILJ.com', '3602076\0\0\0\0\0\0\0\0\0\0\0\0\0', 5538343, '1987-02-22', '2014-10-25 11:14:49'),
(650, 'Kyle', 'Webb', '1945-05-14', 'KBQYAU@VOIDNH.com', '3896930\0\0\0\0\0\0\0\0\0\0\0\0\0', 5840847, '1966-01-24', '2015-06-04 22:19:56'),
(651, 'Malia', 'Lewis', '1990-05-21', 'QGQDJV@ALJACW.com', '1235438\0\0\0\0\0\0\0\0\0\0\0\0\0', 2352218, '1941-08-13', '2015-09-14 21:12:22'),
(652, 'Blake', 'Patel', '1961-06-27', 'WQOHIB@RZIHST.com', '9448022\0\0\0\0\0\0\0\0\0\0\0\0\0', 1421336, '1982-02-15', '2014-04-09 18:16:53'),
(653, 'Luna', 'Murray', '2001-05-21', 'FWKNUK@KGGEYP.com', '7489308\0\0\0\0\0\0\0\0\0\0\0\0\0', 5315942, '1970-03-22', '2014-08-02 17:52:40'),
(654, 'Michael', 'Webb', '2002-04-18', 'RREWTN@YHOZHY.com', '6972078\0\0\0\0\0\0\0\0\0\0\0\0\0', 3578237, '1963-08-16', '2014-03-03 13:39:52'),
(655, 'Billie', 'Martin', '1954-05-26', 'PXDLOD@ZHQHWG.com', '3658512\0\0\0\0\0\0\0\0\0\0\0\0\0', 9849754, '1969-01-11', '2015-07-11 12:12:12'),
(656, 'ason', 'Powell', '1941-02-22', 'IDYIZF@NDGNAM.com', '6410016\0\0\0\0\0\0\0\0\0\0\0\0\0', 9092692, '1950-03-25', '2014-09-21 11:46:35'),
(657, 'Karyn', 'Palmer', '1962-08-13', 'GZFVBG@VTIRBZ.com', '5035006\0\0\0\0\0\0\0\0\0\0\0\0\0', 2822213, '1998-06-13', '2015-12-21 15:12:43'),
(658, 'Kevin', 'Holmes', '1982-08-21', 'FVCFKB@INFOEI.com', '5684495\0\0\0\0\0\0\0\0\0\0\0\0\0', 1863254, '2003-05-25', '2014-12-26 18:26:50'),
(659, 'Ocean', 'Cook', '2000-05-15', 'PUBFPB@KTACRG.com', '5067558\0\0\0\0\0\0\0\0\0\0\0\0\0', 7389750, '1982-07-21', '2015-05-07 18:34:21'),
(660, 'Tyler', 'Bennett', '1994-04-14', 'MFRVPB@BEGTHK.com', '6414279\0\0\0\0\0\0\0\0\0\0\0\0\0', 2953245, '1980-05-12', '2015-11-01 20:11:57'),
(661, 'Adalia', 'Wilkinson', '1969-08-22', 'GAOVKI@TUSCGF.com', '6507728\0\0\0\0\0\0\0\0\0\0\0\0\0', 6619969, '2002-05-14', '2014-03-06 15:35:29'),
(662, 'Jordan', 'Green', '1981-04-23', 'CPWTDM@RESWJX.com', '3197501\0\0\0\0\0\0\0\0\0\0\0\0\0', 8710308, '1977-04-24', '2015-09-27 18:58:22'),
(663, 'Richelle', 'Lewis', '1953-04-22', 'FUOZLB@LXNCWV.com', '7132942\0\0\0\0\0\0\0\0\0\0\0\0\0', 2735484, '1973-04-18', '2015-03-05 15:34:28'),
(664, 'Max', 'Rogers', '1942-04-19', 'CGUOWM@FSAZWI.com', '2674896\0\0\0\0\0\0\0\0\0\0\0\0\0', 1612488, '1970-08-24', '2015-04-12 18:24:34'),
(665, 'Mercy', 'Price', '1963-03-14', 'FFOIIE@ZDDLJB.com', '3479038\0\0\0\0\0\0\0\0\0\0\0\0\0', 8845116, '1999-06-22', '2014-05-21 21:27:57'),
(666, 'Jordan', 'Knight', '1962-03-15', 'JPANOE@IZPFQW.com', '7092427\0\0\0\0\0\0\0\0\0\0\0\0\0', 6031051, '1956-06-24', '2015-10-27 22:13:43'),
(667, 'Griselda', 'Green', '1975-02-14', 'ARYUTU@HNKHHV.com', '2053766\0\0\0\0\0\0\0\0\0\0\0\0\0', 3117403, '1994-01-14', '2015-11-24 13:47:49'),
(668, 'Blake', 'Morgan', '1940-07-11', 'HYKJSL@SUXUHH.com', '7046753\0\0\0\0\0\0\0\0\0\0\0\0\0', 3546127, '1967-03-26', '2015-04-09 22:53:35'),
(669, 'Anusha', 'Harrison', '1951-01-27', 'UNJKLJ@HDUEOK.com', '5106007\0\0\0\0\0\0\0\0\0\0\0\0\0', 9032820, '1946-02-19', '2015-04-13 15:34:49'),
(670, 'Max', 'Baker', '1979-01-27', 'KTYYOA@QPSQHM.com', '2902256\0\0\0\0\0\0\0\0\0\0\0\0\0', 1337366, '1972-01-14', '2015-12-19 22:17:19'),
(671, 'Sania', 'Holmes', '1949-04-24', 'REBOVZ@KGRXQQ.com', '3936299\0\0\0\0\0\0\0\0\0\0\0\0\0', 3836004, '2004-06-24', '2014-08-24 10:41:33'),
(672, 'ason', 'Butler', '1995-05-11', 'QJVIUC@PYTFCF.com', '8243712\0\0\0\0\0\0\0\0\0\0\0\0\0', 4701191, '1969-07-21', '2015-10-15 12:52:12'),
(673, 'Jena', 'Turner', '1996-01-27', 'LBHOBF@GYVSHI.com', '7183495\0\0\0\0\0\0\0\0\0\0\0\0\0', 7452874, '1998-08-15', '2015-08-17 12:24:39'),
(674, 'Austin', 'Knight', '1963-01-18', 'ADHAQA@XEMEWZ.com', '8510721\0\0\0\0\0\0\0\0\0\0\0\0\0', 8963626, '1986-02-23', '2014-01-11 21:49:35'),
(675, 'Tasmin', 'Bailey', '1961-05-15', 'KWHQMS@ZFUQIL.com', '7449594\0\0\0\0\0\0\0\0\0\0\0\0\0', 7266950, '1952-08-19', '2015-10-21 12:57:47'),
(676, 'Christopher', 'Palmer', '1968-03-12', 'APQYAO@PHAJDI.com', '5263121\0\0\0\0\0\0\0\0\0\0\0\0\0', 4937321, '1995-04-15', '2015-03-27 16:50:50'),
(677, 'Shania', 'Cox', '1946-04-22', 'AQGHHX@LIMOAH.com', '6618717\0\0\0\0\0\0\0\0\0\0\0\0\0', 9925371, '1965-04-14', '2014-08-25 21:12:52'),
(678, 'Kyle', 'Barker', '1974-07-26', 'MGBDJR@CACKPE.com', '1670900\0\0\0\0\0\0\0\0\0\0\0\0\0', 7248399, '1988-05-10', '2014-05-26 13:36:42'),
(679, 'Claris', 'Hunt', '1968-05-11', 'TJUUKJ@PCTNQZ.com', '1235218\0\0\0\0\0\0\0\0\0\0\0\0\0', 6766224, '1957-06-26', '2015-12-15 10:50:34'),
(680, 'Joshua', 'Owen', '1944-08-25', 'VSBQFF@GJCHAA.com', '6356763\0\0\0\0\0\0\0\0\0\0\0\0\0', 5735756, '1941-05-18', '2015-07-27 19:54:49'),
(681, 'Sheena', 'Jones', '1945-03-26', 'KOGVIJ@ICIMYJ.com', '6047686\0\0\0\0\0\0\0\0\0\0\0\0\0', 1788329, '1962-05-27', '2015-10-20 16:21:23'),
(682, 'Blake', 'Cox', '1941-03-18', 'PTTDZK@DASTCG.com', '2553118\0\0\0\0\0\0\0\0\0\0\0\0\0', 2182830, '1954-08-19', '2015-01-26 17:29:45'),
(683, 'Hailey', 'Jones', '1982-05-17', 'ONMXIT@ZIPEJY.com', '5869871\0\0\0\0\0\0\0\0\0\0\0\0\0', 8458481, '1977-06-20', '2014-12-10 17:35:11'),
(684, 'Aiden', 'Webb', '1959-02-19', 'CPKZRJ@KPHBTN.com', '2530307\0\0\0\0\0\0\0\0\0\0\0\0\0', 5340776, '1976-05-24', '2014-04-05 13:36:59'),
(685, 'Amber', 'Dixon', '1987-03-11', 'QOCHZA@OWWVTY.com', '2635022\0\0\0\0\0\0\0\0\0\0\0\0\0', 9821394, '1959-04-19', '2014-09-10 17:56:20'),
(686, 'Austin', 'Thompson', '1967-08-21', 'AGCCGO@NIWSKU.com', '1540021\0\0\0\0\0\0\0\0\0\0\0\0\0', 3707661, '2000-02-23', '2014-06-09 16:25:55'),
(687, 'Nanette', 'Robinson', '1980-04-16', 'LYSEQD@NDDBVD.com', '5599663\0\0\0\0\0\0\0\0\0\0\0\0\0', 7468346, '1991-04-13', '2015-09-07 10:43:54'),
(688, 'Kevin', 'Patel', '1984-05-17', 'WSBMRW@QEIXOA.com', '5816718\0\0\0\0\0\0\0\0\0\0\0\0\0', 1696275, '2002-04-18', '2014-07-20 10:15:45'),
(689, 'Sylvia', 'Wilkinson', '1974-01-25', 'RMVHAU@QKCLQU.com', '5256933\0\0\0\0\0\0\0\0\0\0\0\0\0', 4873047, '1957-04-27', '2014-06-03 13:19:17'),
(690, 'Aaron', 'Roberts', '1978-04-14', 'OPBDUX@PGCTLI.com', '6247502\0\0\0\0\0\0\0\0\0\0\0\0\0', 8685971, '1950-07-14', '2015-12-06 16:46:23'),
(691, 'Shawn', 'Turner', '1995-06-10', 'IPIAUX@EBLYZC.com', '9353935\0\0\0\0\0\0\0\0\0\0\0\0\0', 5163034, '2003-05-19', '2014-07-11 10:31:33'),
(692, 'Kevin', 'Hill', '1948-04-19', 'NYLACP@WRIGBO.com', '9080226\0\0\0\0\0\0\0\0\0\0\0\0\0', 5763911, '1947-04-19', '2014-02-08 16:51:36'),
(693, 'Charlize', 'Marshall', '1997-04-20', 'HMOUHS@PZMHLD.com', '4432407\0\0\0\0\0\0\0\0\0\0\0\0\0', 6050485, '1940-01-13', '2014-05-05 12:56:14'),
(694, 'Max', 'Campbell', '2003-08-20', 'GSEUOK@QTNRSK.com', '2534943\0\0\0\0\0\0\0\0\0\0\0\0\0', 5762826, '1942-03-17', '2015-06-03 21:24:59'),
(695, 'Samantha', 'Parker', '1973-02-23', 'LOWHMF@WHQCDU.com', '4999214\0\0\0\0\0\0\0\0\0\0\0\0\0', 7093407, '2002-02-17', '2014-05-16 20:21:39'),
(696, 'Kevin', 'Allen', '1954-05-25', 'LBBRPT@NEVAIN.com', '8560132\0\0\0\0\0\0\0\0\0\0\0\0\0', 9843673, '1983-05-10', '2014-08-14 14:33:26'),
(697, 'Amani', 'Cooper', '2004-06-12', 'XKOEHU@RIIEJN.com', '4107793\0\0\0\0\0\0\0\0\0\0\0\0\0', 6124942, '1972-06-26', '2015-02-23 17:15:32'),
(698, 'Harry', 'Davis', '1946-01-27', 'JVSKDL@AIMIOT.com', '1741628\0\0\0\0\0\0\0\0\0\0\0\0\0', 1848023, '1993-03-10', '2014-10-09 16:46:40'),
(699, 'Lily', 'Wright', '1968-02-18', 'LTPEMD@ZGHYQH.com', '5148424\0\0\0\0\0\0\0\0\0\0\0\0\0', 5714747, '1946-06-12', '2015-04-27 17:28:49');
INSERT INTO `user` (`User_ID`, `User_FName`, `User_LName`, `User_DOB`, `User_EMail`, `User_Pass`, `Device_ID`, `member_since`, `last_active`) VALUES
(700, 'Ali', 'Mills', '1970-02-11', 'IFGMEL@HOAJTW.com', '4078043\0\0\0\0\0\0\0\0\0\0\0\0\0', 7061635, '1951-06-18', '2014-05-25 22:26:26'),
(701, 'Shawn', 'Adams', '1971-07-25', 'GVOGRX@QLYNXL.com', '7238114\0\0\0\0\0\0\0\0\0\0\0\0\0', 9629537, '1976-07-13', '2014-11-20 22:34:43'),
(702, 'Andrew', 'Powell', '1999-05-15', 'BZSTWW@VJKHTW.com', '8367197\0\0\0\0\0\0\0\0\0\0\0\0\0', 7887554, '1969-05-22', '2015-10-20 17:17:22'),
(703, 'Dani', 'Butler', '1971-07-25', 'NSMBMF@PLBHWS.com', '3678715\0\0\0\0\0\0\0\0\0\0\0\0\0', 1708604, '1942-03-13', '2015-02-20 14:39:11'),
(704, 'Brandon', 'Dixon', '1985-03-11', 'SGMABN@HXZGHJ.com', '1597994\0\0\0\0\0\0\0\0\0\0\0\0\0', 1100122, '1959-07-23', '2014-02-07 22:37:24'),
(705, 'Sarina', 'Palmer', '2001-01-20', 'IBEIZP@YWTSSH.com', '6691959\0\0\0\0\0\0\0\0\0\0\0\0\0', 3037324, '1978-07-10', '2014-11-16 20:51:15'),
(706, 'Zayn', 'Phillips', '1992-02-27', 'XVLBZB@OXNHZV.com', '2298709\0\0\0\0\0\0\0\0\0\0\0\0\0', 1721907, '1997-03-21', '2014-12-22 17:52:59'),
(707, 'Bonnie', 'Ward', '1998-06-13', 'OGGDYO@RHWRUP.com', '9982149\0\0\0\0\0\0\0\0\0\0\0\0\0', 5048978, '1980-06-17', '2015-04-21 17:25:23'),
(708, 'Alexander', 'James', '1982-03-15', 'UKHJXN@BGQLHK.com', '4288537\0\0\0\0\0\0\0\0\0\0\0\0\0', 7625943, '1972-08-22', '2015-09-09 16:55:36'),
(709, 'Lavana', 'James', '1952-01-17', 'KVZGRX@CDWTTQ.com', '5387165\0\0\0\0\0\0\0\0\0\0\0\0\0', 7532816, '1982-06-14', '2014-07-04 14:40:11'),
(710, 'Ali', 'Clarke', '1952-08-25', 'TBLMOH@WXUBOX.com', '7550939\0\0\0\0\0\0\0\0\0\0\0\0\0', 6020402, '1991-02-27', '2015-03-26 10:56:25'),
(711, 'Charity', 'Turner', '1942-08-21', 'FQTUAI@UOYHYO.com', '1556995\0\0\0\0\0\0\0\0\0\0\0\0\0', 9794251, '1966-08-20', '2015-09-05 13:41:51'),
(712, 'Blake', 'Hill', '2004-05-22', 'PPJKTL@ULQKSL.com', '9263340\0\0\0\0\0\0\0\0\0\0\0\0\0', 1874001, '1964-02-25', '2014-01-02 17:47:57'),
(713, 'Marianne', 'Rogers', '1961-07-17', 'ZCZVLV@YBSYHD.com', '8703938\0\0\0\0\0\0\0\0\0\0\0\0\0', 7539148, '1978-06-12', '2015-03-21 17:56:54'),
(714, 'Kevin', 'Parker', '1997-03-14', 'OJFRDD@TPTQDU.com', '6841029\0\0\0\0\0\0\0\0\0\0\0\0\0', 8347877, '1950-01-24', '2014-07-15 15:24:31'),
(715, 'Emerald', 'Knight', '1955-02-11', 'VBWNYC@MSRLSU.com', '3927730\0\0\0\0\0\0\0\0\0\0\0\0\0', 6169817, '1987-06-13', '2014-04-07 22:18:48'),
(716, 'JacksonWillia', 'Powell', '1989-08-23', 'CVBPSB@JPCENB.com', '2113225\0\0\0\0\0\0\0\0\0\0\0\0\0', 5459840, '2002-03-26', '2014-03-19 18:20:26'),
(717, 'Kierra', 'Price', '1963-03-19', 'WDRCZA@IQEMGC.com', '8373491\0\0\0\0\0\0\0\0\0\0\0\0\0', 8092479, '1950-03-16', '2014-09-02 12:17:34'),
(718, 'Ryan', 'Allen', '1947-02-17', 'GEVAVW@ZAPZQY.com', '1163783\0\0\0\0\0\0\0\0\0\0\0\0\0', 7676501, '1961-05-26', '2015-02-26 12:13:10'),
(719, 'Hollie', 'Carter', '1998-04-21', 'FTYIFO@XDYAIO.com', '1472240\0\0\0\0\0\0\0\0\0\0\0\0\0', 9082890, '1973-01-15', '2014-09-27 17:12:46'),
(720, 'David', 'Wilkinson', '1953-05-25', 'CQBJPO@EKMYPT.com', '3893302\0\0\0\0\0\0\0\0\0\0\0\0\0', 8620283, '1950-07-20', '2014-06-12 11:53:13'),
(721, 'Diana', 'Matthews', '1944-08-16', 'KATGPK@OMAPPL.com', '4721886\0\0\0\0\0\0\0\0\0\0\0\0\0', 2065737, '1994-05-21', '2015-10-04 14:34:29'),
(722, 'Brian', 'Harrison', '1984-02-23', 'HTFYVK@HCKAHY.com', '6234359\0\0\0\0\0\0\0\0\0\0\0\0\0', 4879209, '1989-03-15', '2014-06-02 18:26:29'),
(723, 'Liberty', 'Harvey', '1979-03-26', 'BLKHMG@TPIZRV.com', '8304379\0\0\0\0\0\0\0\0\0\0\0\0\0', 9343566, '1991-01-11', '2014-07-24 16:37:41'),
(724, 'Joshua', 'Morgan', '1987-07-27', 'MMSSCU@RQHQOB.com', '7772759\0\0\0\0\0\0\0\0\0\0\0\0\0', 9886841, '1988-07-11', '2015-02-06 17:36:13'),
(725, 'Nichola', 'Gray', '1989-07-24', 'IDTJIK@BAGBZK.com', '1764944\0\0\0\0\0\0\0\0\0\0\0\0\0', 3491620, '1948-07-17', '2014-08-08 11:31:45'),
(726, 'Jordan', 'Jenkins', '1981-04-11', 'BTNCQA@OZKDDT.com', '4619112\0\0\0\0\0\0\0\0\0\0\0\0\0', 5146437, '1961-08-21', '2015-12-13 10:40:56'),
(727, 'Abia', 'Wilkinson', '1959-06-11', 'ZTCZEG@TERCVE.com', '1188020\0\0\0\0\0\0\0\0\0\0\0\0\0', 3507240, '1970-02-25', '2015-01-02 19:42:57'),
(728, 'Joseph', 'Hunt', '1978-03-14', 'ZJXQBO@BOYIIF.com', '1943571\0\0\0\0\0\0\0\0\0\0\0\0\0', 7981152, '1978-05-15', '2015-04-21 19:52:20'),
(729, 'Addie', 'Lewis', '1991-02-10', 'MAFLAG@MBCLNN.com', '8532737\0\0\0\0\0\0\0\0\0\0\0\0\0', 2362797, '1964-08-20', '2014-03-19 11:49:29'),
(730, 'Jaes', 'Clarke', '1952-07-16', 'DQEQMC@TSDWLA.com', '8233338\0\0\0\0\0\0\0\0\0\0\0\0\0', 1438331, '1975-02-14', '2014-12-25 20:55:20'),
(731, 'Cate', 'Knight', '1961-01-13', 'LNWNWW@GUCRMQ.com', '7341739\0\0\0\0\0\0\0\0\0\0\0\0\0', 7859505, '1962-01-14', '2015-10-02 18:54:48'),
(732, 'Jordan', 'Clarke', '1983-07-22', 'USAEWS@QCJDEU.com', '2932223\0\0\0\0\0\0\0\0\0\0\0\0\0', 3123498, '2000-08-11', '2014-09-04 18:19:29'),
(733, 'Salma', 'Smith', '1991-01-20', 'YONHCM@AOJAXM.com', '6837133\0\0\0\0\0\0\0\0\0\0\0\0\0', 7784651, '1955-01-14', '2015-03-23 14:41:20'),
(734, 'Daniel', 'Gray', '1990-06-20', 'FQMLUV@PGCJYG.com', '7152999\0\0\0\0\0\0\0\0\0\0\0\0\0', 5110457, '1978-07-12', '2014-08-21 17:19:38'),
(735, 'Dulce', 'Ali', '1975-03-15', 'NLJWQB@ACYLIU.com', '5124036\0\0\0\0\0\0\0\0\0\0\0\0\0', 2363758, '2004-05-14', '2014-07-05 22:46:52'),
(736, 'Lia', 'Lee', '1948-04-10', 'CFAVLQ@HLUMDS.com', '5887510\0\0\0\0\0\0\0\0\0\0\0\0\0', 9237168, '1975-01-26', '2014-11-25 22:30:33'),
(737, 'Kelley', 'Bell', '1960-04-14', 'ZUILWN@OPLQSA.com', '8733103\0\0\0\0\0\0\0\0\0\0\0\0\0', 4800678, '2004-05-12', '2014-08-18 12:44:17'),
(738, 'David', 'Bennett', '1950-06-25', 'VCIPAN@JBDDMQ.com', '4075669\0\0\0\0\0\0\0\0\0\0\0\0\0', 5623504, '1947-03-22', '2014-07-27 21:59:13'),
(739, 'Clover', 'Morgan', '1996-04-26', 'MLWBGP@IYBZVE.com', '6638958\0\0\0\0\0\0\0\0\0\0\0\0\0', 5597018, '1996-04-13', '2014-05-16 10:38:58'),
(740, 'Jaes', 'Simpson', '2001-06-26', 'CPDYIX@DIVQTQ.com', '7666894\0\0\0\0\0\0\0\0\0\0\0\0\0', 7482132, '1958-07-22', '2014-05-13 14:48:49'),
(741, 'Izzie', 'Hussain', '1951-05-23', 'CAKOEF@QUFPFS.com', '2710309\0\0\0\0\0\0\0\0\0\0\0\0\0', 1573001, '1984-03-21', '2015-10-27 16:49:57'),
(742, 'Noah', 'Wood', '1952-05-27', 'AQKRXP@OTFIOP.com', '9748749\0\0\0\0\0\0\0\0\0\0\0\0\0', 3938162, '1959-02-15', '2015-07-20 12:20:41'),
(743, 'Zakia', 'Jackson', '1943-06-16', 'DSDWPL@ELGDBE.com', '5648504\0\0\0\0\0\0\0\0\0\0\0\0\0', 3742158, '1942-02-12', '2015-06-09 13:25:52'),
(744, 'JacksonWillia', 'Owen', '1995-04-12', 'XSQBBW@IJIDKE.com', '7701439\0\0\0\0\0\0\0\0\0\0\0\0\0', 1645784, '1953-07-26', '2014-12-13 10:41:25'),
(745, 'Lia', 'Parker', '2002-06-25', 'BSJQGA@VNHVUP.com', '2670031\0\0\0\0\0\0\0\0\0\0\0\0\0', 5618269, '1967-05-19', '2014-07-19 20:31:55'),
(746, 'Christopher', 'Bailey', '1980-07-17', 'LGRXUY@OMWAME.com', '1747061\0\0\0\0\0\0\0\0\0\0\0\0\0', 6360048, '1987-02-11', '2014-10-25 22:25:20'),
(747, 'Minnie', 'Richards', '2004-05-22', 'TNNROV@EQDQVK.com', '6562258\0\0\0\0\0\0\0\0\0\0\0\0\0', 5227140, '1980-03-23', '2014-09-24 12:51:47'),
(748, 'Ali', 'Carter', '1982-08-11', 'VVEXVT@JJYHSA.com', '2994081\0\0\0\0\0\0\0\0\0\0\0\0\0', 6693597, '1946-06-13', '2015-02-19 11:16:48'),
(749, 'Colette', 'Baker', '1964-03-16', 'MAQBVJ@RYIHKQ.com', '4879340\0\0\0\0\0\0\0\0\0\0\0\0\0', 9109611, '1974-03-22', '2014-12-01 17:52:53'),
(750, 'Blake', 'Clarke', '1974-05-15', 'AYVFMG@HLXVAV.com', '2968790\0\0\0\0\0\0\0\0\0\0\0\0\0', 4638332, '1989-06-26', '2014-10-24 20:44:45'),
(751, '', '', '0000-00-00', '', '\0\0\0\0\0\0\0\0\0\0\0\0\0\0\0\0\0\0\0\0', 0, '0000-00-00', NULL);

--
-- Constraints for dumped tables
--

--
-- Constraints for table `interaction`
--
ALTER TABLE `interaction`
  ADD CONSTRAINT `interaction_ibfk_1` FOREIGN KEY (`Exhibit_ID`) REFERENCES `exhibit` (`Exhibit_ID`) ON DELETE NO ACTION ON UPDATE NO ACTION;

/*!40101 SET CHARACTER_SET_CLIENT=@OLD_CHARACTER_SET_CLIENT */;
/*!40101 SET CHARACTER_SET_RESULTS=@OLD_CHARACTER_SET_RESULTS */;
/*!40101 SET COLLATION_CONNECTION=@OLD_COLLATION_CONNECTION */;
